R23:59:53   68 04 83 00 00 00 
R23:59:56   68 1A C4 5C 70 06 0D 02 03 00 3F 06 0D 40 00 33 33 D3 40 00 13 40 00 7D 3F 75 3F 00 
S23:59:57   68 04 01 00 C6 5C 
S00:00:13   68 04 43 00 00 00 
R00:00:14   68 04 83 00 00 00 
S00:00:30   68 04 43 00 00 00 
R00:00:31   68 04 83 00 00 00 
S00:00:47   68 04 43 00 00 00 
R00:00:48   68 04 83 00 00 00 
S00:01:04   68 04 43 00 00 00 
R00:01:05   68 04 83 00 00 00 
S00:01:21   68 04 43 00 00 00 
R00:01:22   68 04 83 00 00 00 
S00:01:38   68 04 43 00 00 00 
R00:01:39   68 04 83 00 00 00 
S00:01:55   68 04 43 00 00 00 
R00:01:56   68 04 83 00 00 00 
S00:02:12   68 04 43 00 00 00 
R00:02:12   68 04 83 00 00 00 
R00:02:27   68 12 C6 5C 70 06 0D 01 03 00 3F 06 46 40 00 7E 6A 74 42 00 
S00:02:27   68 04 01 00 C8 5C 
R00:02:28   68 12 C8 5C 70 06 0D 01 03 00 3F 06 44 40 00 CC A1 71 42 00 
S00:02:38   68 04 01 00 CA 5C 
R00:02:38   68 12 CA 5C 70 06 0D 01 03 00 3F 06 45 40 00 4C 37 7F 42 00 
R00:02:39   68 12 CC 5C 70 06 0D 01 03 00 3F 06 39 40 00 81 95 4D 42 00 
R00:02:45   68 12 CE 5C 70 06 0D 01 03 00 3F 06 3B 40 00 2D B2 49 42 00 
S00:02:45   68 04 01 00 D0 5C 
R00:02:58   68 22 D0 5C 70 06 0D 03 03 00 3F 06 0D 40 00 7B 14 56 41 00 0F 40 00 DF 4F 6D 41 00 44 40 00 E9 
R00:02:58   26 85 42 00 
S00:02:58   68 04 01 00 D2 5C 
R00:03:00   68 12 D2 5C 70 06 0D 01 03 00 3F 06 46 40 00 41 60 86 42 00 
R00:03:03   68 12 D4 5C 70 06 0D 01 03 00 3F 06 0E 40 00 10 58 71 41 00 
S00:03:09   68 04 01 00 D6 5C 
R00:03:12   68 12 D6 5C 70 06 0D 01 03 00 3F 06 13 40 00 48 E1 7A 3F 00 
S00:03:20   68 04 01 00 D8 5C 
S00:03:36   68 04 43 00 00 00 
R00:03:36   68 04 83 00 00 00 
S00:03:52   68 04 43 00 00 00 
R00:03:52   68 04 83 00 00 00 
S00:04:08   68 04 43 00 00 00 
R00:04:08   68 04 83 00 00 00 
S00:04:24   68 04 43 00 00 00 
R00:04:24   68 04 83 00 00 00 
S00:04:40   68 04 43 00 00 00 
R00:04:40   68 04 83 00 00 00 
S00:04:56   68 04 43 00 00 00 
R00:04:56   68 04 83 00 00 00 
R00:05:00   68 12 D8 5C 70 06 0D 01 03 00 3F 06 45 40 00 D2 4D 8C 42 00 
R00:05:00   68 12 DA 5C 70 06 0D 01 03 00 3F 06 46 40 00 4E 62 93 42 00 
S00:05:00   68 04 01 00 DC 5C 
R00:05:01   68 12 DC 5C 70 06 0D 01 03 00 3F 06 3A 40 00 D1 22 45 42 00 
S00:05:11   68 04 01 00 DE 5C 
R00:05:17   68 12 DE 5C 70 06 0D 01 03 00 3F 06 44 40 00 50 8D 93 42 00 
R00:05:18   68 12 E0 5C 70 06 0D 01 03 00 3F 06 0F 40 00 F0 A7 A6 41 00 
S00:05:22   68 04 01 00 E2 5C 
R00:05:28   68 12 E2 5C 70 06 0D 01 03 00 3F 06 0D 40 00 D0 22 9B 41 00 
S00:05:33   68 04 01 00 E4 5C 
S00:05:49   68 04 43 00 00 00 
R00:05:49   68 04 83 00 00 00 
S00:06:05   68 04 43 00 00 00 
R00:06:05   68 04 83 00 00 00 
S00:06:21   68 04 43 00 00 00 
R00:06:21   68 04 83 00 00 00 
S00:06:37   68 04 43 00 00 00 
R00:06:37   68 04 83 00 00 00 
S00:06:53   68 04 43 00 00 00 
R00:06:53   68 12 E4 5C 70 06 0D 01 03 00 3F 06 0E 40 00 4C 37 BD 41 00 
S00:06:53   68 04 01 00 E6 5C 
R00:06:53   68 04 83 00 00 00 
R00:06:55   68 12 E6 5C 70 06 0D 01 03 00 3F 06 46 40 00 B0 72 A1 42 00 
R00:07:01   68 12 E8 5C 70 06 0D 01 03 00 3F 06 45 40 00 D3 4D 98 42 00 
S00:07:04   68 04 01 00 EA 5C 
R00:07:06   68 22 EA 5C 70 06 0D 03 03 00 3F 06 0D 40 00 6D E7 CB 41 00 0F 40 00 A4 70 D9 41 00 44 40 00 56 
R00:07:06   0E A0 42 00 
S00:07:15   68 04 01 00 EC 5C 
S00:07:31   68 04 43 00 00 00 
R00:07:31   68 04 83 00 00 00 
R00:07:37   68 12 EC 5C 70 06 0D 01 03 00 3F 06 0E 40 00 C4 20 F4 41 00 
S00:07:37   68 04 01 00 EE 5C 
S00:07:53   68 04 43 00 00 00 
R00:07:53   68 04 83 00 00 00 
S00:08:09   68 04 43 00 00 00 
R00:08:09   68 04 83 00 00 00 
S00:08:25   68 04 43 00 00 00 
R00:08:25   68 04 83 00 00 00 
R00:08:30   68 12 EE 5C 70 06 0D 01 03 00 3F 06 46 40 00 B0 72 AD 42 00 
S00:08:30   68 04 01 00 F0 5C 
S00:08:46   68 04 43 00 00 00 
R00:08:46   68 04 83 00 00 00 
S00:09:02   68 04 43 00 00 00 
R00:09:02   68 04 83 00 00 00 
S00:09:18   68 04 43 00 00 00 
R00:09:18   68 04 83 00 00 00 
S00:09:34   68 04 43 00 00 00 
R00:09:34   68 04 83 00 00 00 
S00:09:50   68 04 43 00 00 00 
R00:09:50   68 04 83 00 00 00 
S00:10:06   68 04 43 00 00 00 
R00:10:06   68 04 83 00 00 00 
S00:10:22   68 04 43 00 00 00 
R00:10:22   68 04 83 00 00 00 
S00:10:38   68 04 43 00 00 00 
R00:10:38   68 04 83 00 00 00 
S00:10:54   68 04 43 00 00 00 
R00:10:54   68 04 83 00 00 00 
R00:10:56   68 12 F0 5C 70 06 0D 01 03 00 3F 06 45 40 00 37 89 A6 42 00 
S00:10:56   68 04 01 00 F2 5C 
S00:10:59   68 0E 70 06 F2 5C 64 01 06 00 3F 06 00 00 00 14 
R00:10:59   68 0E F2 5C 72 06 64 01 07 00 3F 06 00 00 00 14 
R00:11:00   68 E6 F4 5C 72 06 01 37 14 00 3F 06 01 00 00 00 02 00 00 00 03 00 00 00 04 00 00 00 05 00 00 00 
R00:11:00   06 00 00 00 07 00 00 01 08 00 00 00 09 00 00 00 0A 00 00 00 0B 00 00 00 0C 00 00 00 0D 00 00 00 
R00:11:00   0E 00 00 00 0F 00 00 00 10 00 00 00 11 00 00 00 12 00 00 00 13 00 00 00 14 00 00 00 15 00 00 00 
R00:11:00   16 00 00 00 17 00 00 00 18 00 00 00 19 00 00 00 1A 00 00 01 1B 00 00 01 1C 00 00 00 1D 00 00 01 
R00:11:00   1E 00 00 01 1F 00 00 01 20 00 00 00 21 00 00 00 22 00 00 00 23 00 00 00 24 00 00 00 25 00 00 00 
R00:11:00   26 00 00 00 27 00 00 00 28 00 00 00 29 00 00 01 2A 00 00 00 2B 00 00 00 2C 00 00 00 2D 00 00 00 
R00:11:00   2E 00 00 00 2F 00 00 00 30 00 00 00 31 00 00 00 32 00 00 00 33 00 00 00 34 00 00 00 35 00 00 00 
R00:11:00   36 00 00 00 37 00 00 00 
R00:11:00   68 D2 F6 5C 72 06 01 32 14 00 3F 06 38 00 00 00 39 00 00 00 3A 00 00 00 3B 00 00 01 3C 00 00 00 
R00:11:00   3D 00 00 00 3E 00 00 01 3F 00 00 01 40 00 00 00 41 00 00 00 42 00 00 01 43 00 00 00 44 00 00 00 
R00:11:00   45 00 00 00 46 00 00 00 47 00 00 00 48 00 00 00 49 00 00 00 4A 00 00 01 4B 00 00 00 4C 00 00 00 
R00:11:00   4D 00 00 00 4E 00 00 00 4F 00 00 00 50 00 00 00 51 00 00 00 52 00 00 00 53 00 00 00 54 00 00 00 
R00:11:00   55 00 00 00 56 00 00 00 57 00 00 00 58 00 00 00 59 00 00 00 5A 00 00 00 5B 00 00 00 5C 00 00 01 
R00:11:00   5D 00 00 00 5E 00 00 00 5F 00 00 01 60 00 00 01 61 00 00 00 62 00 00 00 63 00 00 01 64 00 00 00 
R00:11:00   65 00 00 00 66 00 00 00 67 00 00 00 68 00 00 00 69 00 00 00 
S00:11:00   68 04 01 00 F8 5C 
R00:11:01   68 E6 F8 5C 72 06 01 37 14 00 3F 06 69 00 00 00 6A 00 00 01 6B 00 00 00 6C 00 00 00 6D 00 00 00 
R00:11:01   6E 00 00 00 6F 00 00 00 70 00 00 00 71 00 00 00 72 00 00 00 73 00 00 00 74 00 00 00 75 00 00 00 
R00:11:01   76 00 00 00 77 00 00 00 78 00 00 00 79 00 00 00 7A 00 00 00 7B 00 00 00 7C 00 00 00 7D 00 00 01 
R00:11:01   7E 00 00 01 7F 00 00 00 80 00 00 01 81 00 00 01 82 00 00 01 83 00 00 00 84 00 00 00 85 00 00 00 
R00:11:01   86 00 00 00 87 00 00 00 88 00 00 00 89 00 00 00 8A 00 00 00 8B 00 00 01 8C 00 00 00 8D 00 00 00 
R00:11:01   8E 00 00 00 8F 00 00 00 90 00 00 00 91 00 00 00 92 00 00 00 93 00 00 00 94 00 00 00 95 00 00 00 
R00:11:01   96 00 00 00 97 00 00 00 98 00 00 00 99 00 00 00 9A 00 00 00 9B 00 00 00 9C 00 00 00 9D 00 00 00 
R00:11:01   9E 00 00 01 9F 00 00 00 
R00:11:01   68 A6 FA 5C 72 06 01 27 14 00 3F 06 A0 00 00 00 A1 00 00 01 A2 00 00 01 A3 00 00 01 A4 00 00 00 
R00:11:01   A5 00 00 00 A6 00 00 00 A7 00 00 00 A8 00 00 00 A9 00 00 00 AA 00 00 00 AB 00 00 00 AC 00 00 01 
R00:11:01   AD 00 00 00 AE 00 00 00 AF 00 00 00 B0 00 00 00 B1 00 00 00 B2 00 00 00 B3 00 00 00 B4 00 00 00 
R00:11:01   B5 00 00 00 B6 00 00 00 B7 00 00 00 B8 00 00 00 B9 00 00 00 BA 00 00 00 BB 00 00 00 BC 00 00 00 
R00:11:01   BD 00 00 00 BE 00 00 00 BF 00 00 01 C0 00 00 00 C1 00 00 00 C2 00 00 01 C3 00 00 01 C4 00 00 01 
R00:11:01   C5 00 00 00 C6 00 00 00 
R00:11:01   68 EA FC 5C 72 06 0D 1C 14 00 3F 06 01 40 00 00 00 65 43 00 02 40 00 5C 8F 53 42 00 03 40 00 3E 
R00:11:01   0A 27 41 00 04 40 00 00 00 00 00 00 05 40 00 50 8D 27 41 00 06 40 00 00 00 00 00 00 07 40 00 FE 
R00:11:01   D4 47 42 00 08 40 00 00 00 00 00 00 09 40 00 00 00 00 00 00 0A 40 00 00 00 00 00 00 0B 40 00 00 
R00:11:01   00 00 00 00 0C 40 00 00 00 00 00 00 0D 40 00 43 8B F8 41 00 0E 40 00 9A 99 01 42 00 0F 40 00 3A 
R00:11:01   B4 02 42 00 10 40 00 00 00 00 00 00 11 40 00 CC 8C 0F 44 00 12 40 00 A4 70 97 C2 00 13 40 00 2D 
R00:11:01   B2 7D 3F 00 14 40 00 00 00 00 00 00 15 40 00 00 00 00 00 00 16 40 00 00 00 00 00 00 17 40 00 00 
R00:11:01   00 00 00 00 18 40 00 00 00 00 00 00 19 40 00 00 00 00 00 00 1A 40 00 00 00 00 00 00 1B 40 00 00 
R00:11:01   00 00 00 00 1C 40 00 00 00 00 00 00 
S00:11:01   68 04 01 00 FE 5C 
R00:11:03   68 6A FE 5C 72 06 0D 0C 14 00 3F 06 1D 40 00 00 00 00 00 00 1E 40 00 00 00 00 00 00 1F 40 00 00 
R00:11:03   00 00 00 00 20 40 00 00 00 00 00 00 21 40 00 00 00 00 00 00 22 40 00 00 00 00 00 00 23 40 00 00 
R00:11:03   00 00 00 00 24 40 00 00 00 00 00 00 25 40 00 00 00 00 00 00 26 40 00 00 00 00 00 00 27 40 00 00 
R00:11:03   00 00 00 00 28 40 00 00 00 00 00 00 
R00:11:03   68 EA 00 5D 72 06 0D 1C 14 00 3F 06 29 40 00 00 00 00 00 00 2A 40 00 00 00 00 00 00 2B 40 00 00 
R00:11:03   00 00 00 00 2C 40 00 00 00 00 00 00 2D 40 00 00 00 00 00 00 2E 40 00 00 00 00 00 00 2F 40 00 00 
R00:11:03   00 00 00 00 30 40 00 00 00 00 00 00 31 40 00 00 00 00 00 00 32 40 00 00 00 00 00 00 33 40 00 00 
R00:11:03   00 00 00 00 34 40 00 00 00 00 00 00 35 40 00 00 00 00 00 00 36 40 00 00 00 00 00 00 37 40 00 00 
R00:11:03   00 00 00 00 38 40 00 00 00 00 00 00 39 40 00 1B 2F 4B 42 00 3A 40 00 0C 02 41 42 00 3B 40 00 D7 
R00:11:03   A3 48 42 00 3C 40 00 00 00 00 00 00 3D 40 00 48 E1 60 44 00 3E 40 00 A4 70 1D C2 00 3F 40 00 77 
R00:11:03   BE 7F 3F 00 40 40 00 00 00 00 00 00 41 40 00 00 00 00 00 00 42 40 00 00 00 00 00 00 43 40 00 00 
R00:11:03   00 00 00 00 44 40 00 EC 51 A9 42 00 
R00:11:03   68 3A 02 5D 72 06 0D 06 14 00 3F 06 45 40 00 06 81 A5 42 00 46 40 00 81 95 AC 42 00 47 40 00 00 
R00:11:03   00 00 00 00 48 40 00 34 53 BF C4 00 49 40 00 14 AE D9 42 00 4A 40 00 64 3B 7F BF 00 
S00:11:03   68 04 01 00 04 5D 
R00:11:03   68 0E 04 5D 72 06 64 01 0A 00 3F 06 00 00 00 14 
S00:11:03   68 0E 72 06 06 5D 65 01 06 00 3F 06 00 00 00 05 
R00:11:04   68 0E 06 5D 74 06 65 01 07 00 3F 06 00 00 00 05 
R00:11:04   68 4A 08 5D 74 06 CE 08 25 00 3F 06 01 64 00 03 D4 1B 49 00 02 64 00 66 66 03 44 00 03 64 00 67 
R00:11:04   66 FE 43 00 04 64 00 80 5A F4 47 00 05 64 00 00 00 AE 42 00 06 64 00 01 7D F4 47 00 07 64 00 66 
R00:11:04   66 86 41 00 08 64 00 00 00 8A 42 00 
R00:11:05   68 82 0A 5D 74 06 CF 08 25 00 3F 06 09 64 00 39 D0 1B 49 00 00 00 00 00 AC 06 1A 0A 64 00 66 66 
R00:11:05   03 44 00 00 00 00 00 AC 06 1A 0B 64 00 67 66 FE 43 00 00 00 00 00 AC 06 1A 0C 64 00 66 55 F4 47 
R00:11:05   00 00 00 00 00 AC 06 1A 0D 64 00 00 00 AE 42 00 00 00 00 00 AC 06 1A 0E 64 00 E7 77 F4 47 00 00 
R00:11:05   00 00 00 AC 06 1A 0F 64 00 66 66 86 41 00 00 00 00 00 AC 06 1A 10 64 00 00 00 8A 42 00 00 00 00 
R00:11:05   00 AC 06 1A 
R00:11:05   68 82 0C 5D 74 06 CF 08 25 00 3F 06 11 64 00 39 D0 1B 49 00 00 00 00 00 AC 06 1A 12 64 00 66 66 
R00:11:05   03 44 00 00 00 00 00 AC 06 1A 13 64 00 67 66 FE 43 00 00 00 00 00 AC 06 1A 14 64 00 66 55 F4 47 
R00:11:05   00 00 00 00 00 AC 06 1A 15 64 00 00 00 AE 42 00 00 00 00 00 AC 06 1A 16 64 00 E7 77 F4 47 00 00 
R00:11:05   00 00 00 AC 06 1A 17 64 00 66 66 86 41 00 00 00 00 00 AC 06 1A 18 64 00 00 00 8A 42 00 00 00 00 
R00:11:05   00 AC 06 1A 
S00:11:05   68 04 01 00 0E 5D 
R00:11:06   68 82 0E 5D 74 06 CF 08 25 00 3F 06 19 64 00 00 00 00 00 00 00 00 00 00 AC 06 1A 1A 64 00 00 00 
R00:11:06   00 00 00 00 00 00 00 AC 06 1A 1B 64 00 00 00 00 00 00 00 00 00 00 AC 06 1A 1C 64 00 00 00 00 00 
R00:11:06   00 00 00 00 00 AC 06 1A 1D 64 00 00 00 00 00 00 00 00 00 00 AC 06 1A 1E 64 00 00 00 00 00 00 00 
R00:11:06   00 00 00 AC 06 1A 1F 64 00 00 00 00 00 00 00 00 00 00 AC 06 1A 20 64 00 00 00 00 00 00 00 00 00 
R00:11:06   00 AC 06 1A 
R00:11:06   68 4A 10 5D 74 06 CE 08 25 00 3F 06 21 64 00 CC CC 41 43 00 22 64 00 34 33 0B 43 00 23 64 00 66 
R00:11:06   66 AA 42 00 24 64 00 CD CC EE 42 00 25 64 00 CD CC C4 42 00 26 64 00 CC CC 29 43 00 27 64 00 FF 
R00:11:06   FF 57 42 00 28 64 00 99 99 49 42 00 
R00:11:07   68 82 12 5D 74 06 CF 08 25 00 3F 06 29 64 00 CC CC 41 43 00 00 00 00 00 AC 06 1A 2A 64 00 34 33 
R00:11:07   0B 43 00 00 00 00 00 AC 06 1A 2B 64 00 66 66 AA 42 00 00 00 00 00 AC 06 1A 2C 64 00 CD CC EE 42 
R00:11:07   00 00 00 00 00 AC 06 1A 2D 64 00 CD CC C4 42 00 00 00 00 00 AC 06 1A 2E 64 00 CC CC 29 43 00 00 
R00:11:07   00 00 00 AC 06 1A 2F 64 00 FF FF 57 42 00 00 00 00 00 AC 06 1A 30 64 00 99 99 49 42 00 00 00 00 
R00:11:07   00 AC 06 1A 
S00:11:07   68 04 01 00 14 5D 
R00:11:07   68 82 14 5D 74 06 CF 08 25 00 3F 06 31 64 00 CC CC 41 43 00 00 00 00 00 AC 06 1A 32 64 00 34 33 
R00:11:07   0B 43 00 00 00 00 00 AC 06 1A 33 64 00 66 66 AA 42 00 00 00 00 00 AC 06 1A 34 64 00 CD CC EE 42 
R00:11:07   00 00 00 00 00 AC 06 1A 35 64 00 CD CC C4 42 00 00 00 00 00 AC 06 1A 36 64 00 CC CC 29 43 00 00 
R00:11:07   00 00 00 AC 06 1A 37 64 00 FF FF 57 42 00 00 00 00 00 AC 06 1A 38 64 00 99 99 49 42 00 00 00 00 
R00:11:07   00 AC 06 1A 
R00:11:08   68 82 16 5D 74 06 CF 08 25 00 3F 06 39 64 00 00 00 00 00 00 00 00 00 00 AC 06 1A 3A 64 00 00 00 
R00:11:08   00 00 00 00 00 00 00 AC 06 1A 3B 64 00 00 00 00 00 00 00 00 00 00 AC 06 1A 3C 64 00 00 00 00 00 
R00:11:08   00 00 00 00 00 AC 06 1A 3D 64 00 00 00 00 00 00 00 00 00 00 AC 06 1A 3E 64 00 00 00 00 00 00 00 
R00:11:08   00 00 00 AC 06 1A 3F 64 00 00 00 00 00 00 00 00 00 00 AC 06 1A 40 64 00 00 00 00 00 00 00 00 00 
R00:11:08   00 AC 06 1A 
R00:11:08   68 4A 18 5D 74 06 CE 08 25 00 3F 06 41 64 00 CC CC 5F 43 00 42 64 00 33 33 47 43 00 43 64 00 9A 
R00:11:08   99 22 43 00 44 64 00 CC CC 74 42 00 45 64 00 00 00 A8 42 00 46 64 00 00 00 F6 42 00 47 64 00 66 
R00:11:08   66 12 42 00 48 64 00 34 33 77 42 00 
S00:11:08   68 04 01 00 1A 5D 
R00:11:09   68 82 1A 5D 74 06 CF 08 25 00 3F 06 49 64 00 CC CC 5F 43 00 00 00 00 00 AC 06 1A 4A 64 00 33 33 
R00:11:09   47 43 00 00 00 00 00 AC 06 1A 4B 64 00 9A 99 22 43 00 00 00 00 00 AC 06 1A 4C 64 00 CC CC 74 42 
R00:11:09   00 00 00 00 00 AC 06 1A 4D 64 00 00 00 A8 42 00 00 00 00 00 AC 06 1A 4E 64 00 00 00 F6 42 00 00 
R00:11:09   00 00 00 AC 06 1A 4F 64 00 66 66 12 42 00 00 00 00 00 AC 06 1A 50 64 00 34 33 77 42 00 00 00 00 
R00:11:09   00 AC 06 1A 
R00:11:09   68 82 1C 5D 74 06 CF 08 25 00 3F 06 51 64 00 CC CC 5F 43 00 00 00 00 00 AC 06 1A 52 64 00 33 33 
R00:11:09   47 43 00 00 00 00 00 AC 06 1A 53 64 00 9A 99 22 43 00 00 00 00 00 AC 06 1A 54 64 00 CC CC 74 42 
R00:11:09   00 00 00 00 00 AC 06 1A 55 64 00 00 00 A8 42 00 00 00 00 00 AC 06 1A 56 64 00 00 00 F6 42 00 00 
R00:11:09   00 00 00 AC 06 1A 57 64 00 66 66 12 42 00 00 00 00 00 AC 06 1A 58 64 00 34 33 77 42 00 00 00 00 
R00:11:09   00 AC 06 1A 
R00:11:09   68 82 1E 5D 74 06 CF 08 25 00 3F 06 59 64 00 00 00 00 00 00 00 00 00 00 AC 06 1A 5A 64 00 00 00 
R00:11:09   00 00 00 00 00 00 00 AC 06 1A 5B 64 00 00 00 00 00 00 00 00 00 00 AC 06 1A 5C 64 00 00 00 00 00 
R00:11:09   00 00 00 00 00 AC 06 1A 5D 64 00 00 00 00 00 00 00 00 00 00 AC 06 1A 5E 64 00 00 00 00 00 00 00 
R00:11:09   00 00 00 AC 06 1A 5F 64 00 00 00 00 00 00 00 00 00 00 AC 06 1A 60 64 00 00 00 00 00 00 00 00 00 
R00:11:09   00 AC 06 1A 
S00:11:09   68 04 01 00 20 5D 
R00:11:10   68 4A 20 5D 74 06 CE 08 25 00 3F 06 61 64 00 A6 9C 0B 48 00 62 64 00 66 66 18 43 00 63 64 00 99 
R00:11:10   99 C9 42 00 64 64 00 67 A2 6F 46 00 65 64 00 34 33 8B 42 00 66 64 00 99 69 70 46 00 67 64 00 67 
R00:11:10   66 4E 42 00 68 64 00 33 33 47 42 00 
R00:11:10   68 82 22 5D 74 06 CF 08 25 00 3F 06 69 64 00 8C 9A 0B 48 00 00 00 00 00 AC 06 1A 6A 64 00 66 66 
R00:11:10   18 43 00 00 00 00 00 AC 06 1A 6B 64 00 99 99 C9 42 00 00 00 00 00 AC 06 1A 6C 64 00 00 A0 6F 46 
R00:11:10   00 00 00 00 00 AC 06 1A 6D 64 00 34 33 8B 42 00 00 00 00 00 AC 06 1A 6E 64 00 34 67 70 46 00 00 
R00:11:10   00 00 00 AC 06 1A 6F 64 00 67 66 4E 42 00 00 00 00 00 AC 06 1A 70 64 00 33 33 47 42 00 00 00 00 
R00:11:10   00 AC 06 1A 
R00:11:11   68 82 24 5D 74 06 CF 08 25 00 3F 06 71 64 00 8C 9A 0B 48 00 00 00 00 00 AC 06 1A 72 64 00 66 66 
R00:11:11   18 43 00 00 00 00 00 AC 06 1A 73 64 00 99 99 C9 42 00 00 00 00 00 AC 06 1A 74 64 00 00 A0 6F 46 
R00:11:11   00 00 00 00 00 AC 06 1A 75 64 00 34 33 8B 42 00 00 00 00 00 AC 06 1A 76 64 00 34 67 70 46 00 00 
R00:11:11   00 00 00 AC 06 1A 77 64 00 67 66 4E 42 00 00 00 00 00 AC 06 1A 78 64 00 33 33 47 42 00 00 00 00 
R00:11:11   00 AC 06 1A 
R00:11:11   68 82 26 5D 74 06 CF 08 25 00 3F 06 79 64 00 FF 44 DE 47 00 3A AE 25 0D F1 05 1A 7A 64 00 66 66 
R00:11:11   18 43 00 3A AE 25 0D F1 05 1A 7B 64 00 99 99 C9 42 00 3A AE 25 0D F1 05 1A 7C 64 00 67 46 50 46 
R00:11:11   00 3A AE 25 0D F1 05 1A 7D 64 00 34 33 8B 42 00 3A AE 25 0D F1 05 1A 7E 64 00 33 0B 51 46 00 3A 
R00:11:11   AE 25 0D F1 05 1A 7F 64 00 67 66 4E 42 00 3A AE 25 0D F1 05 1A 80 64 00 CD CC 44 42 00 3A AE 25 
R00:11:11   0D F1 05 1A 
S00:11:11   68 04 01 00 28 5D 
R00:11:12   68 4A 28 5D 74 06 CE 08 25 00 3F 06 81 64 00 09 6F 48 4A 00 82 64 00 CC 6C 38 46 00 83 64 00 9A 
R00:11:12   31 2A 46 00 84 64 00 67 41 F0 47 00 85 64 00 CC 4C 8A 43 00 86 64 00 B3 74 F0 47 00 87 64 00 34 
R00:11:12   B3 63 44 00 88 64 00 34 33 CD 42 00 
R00:11:12   68 82 2A 5D 74 06 CF 08 25 00 3F 06 89 64 00 AE 6C 48 4A 00 00 00 00 00 AC 06 1A 8A 64 00 CC 6C 
R00:11:12   38 46 00 00 00 00 00 AC 06 1A 8B 64 00 9A 31 2A 46 00 00 00 00 00 AC 06 1A 8C 64 00 B3 3E F0 47 
R00:11:12   00 00 00 00 00 AC 06 1A 8D 64 00 CC 4C 8A 43 00 00 00 00 00 AC 06 1A 8E 64 00 00 72 F0 47 00 00 
R00:11:12   00 00 00 AC 06 1A 8F 64 00 34 B3 63 44 00 00 00 00 00 AC 06 1A 90 64 00 34 33 CD 42 00 00 00 00 
R00:11:12   00 AC 06 1A 
R00:11:13   68 82 2C 5D 74 06 CF 08 25 00 3F 06 91 64 00 AE 6C 48 4A 00 00 00 00 00 AC 06 1A 92 64 00 CC 6C 
R00:11:13   38 46 00 00 00 00 00 AC 06 1A 93 64 00 9A 31 2A 46 00 00 00 00 00 AC 06 1A 94 64 00 B3 3E F0 47 
R00:11:13   00 00 00 00 00 AC 06 1A 95 64 00 CC 4C 8A 43 00 00 00 00 00 AC 06 1A 96 64 00 00 72 F0 47 00 00 
R00:11:13   00 00 00 AC 06 1A 97 64 00 34 B3 63 44 00 00 00 00 00 AC 06 1A 98 64 00 34 33 CD 42 00 00 00 00 
R00:11:13   00 AC 06 1A 
S00:11:13   68 04 01 00 2E 5D 
R00:11:13   68 82 2E 5D 74 06 CF 08 25 00 3F 06 99 64 00 2B C0 DB 49 00 BB 6F 25 0B 6F 04 1A 9A 64 00 00 00 
R00:11:13   99 44 00 BB 6F 25 0B 6F 04 1A 9B 64 00 9A 99 9C 43 00 BB 6F 25 0B 6F 04 1A 9C 64 00 CC 8A AC 47 
R00:11:13   00 BB 6F 25 0B 6F 04 1A 9D 64 00 66 66 89 43 00 BB 6F 25 0B 6F 04 1A 9E 64 00 19 BE AC 47 00 BB 
R00:11:13   6F 25 0B 6F 04 1A 9F 64 00 34 B3 63 44 00 BB 6F 25 0B 6F 04 1A A0 64 00 34 33 CD 42 00 BB 6F 25 
R00:11:13   0B 6F 04 1A 
R00:11:14   68 4A 30 5D 74 06 CE 08 25 00 3F 06 A1 64 00 33 73 4C 44 00 A2 64 00 C0 8E 69 48 00 A3 64 00 98 
R00:11:14   99 CF 42 00 A4 64 00 66 26 AE 44 00 A5 64 00 3D 3B 79 4A 00 A6 64 00 34 5B F9 45 00 A7 64 00 CD 
R00:11:14   74 69 48 00 A8 64 00 9A D1 CD 45 00 
R00:11:14   68 82 32 5D 74 06 CF 08 25 00 3F 06 A9 64 00 33 73 4C 44 00 00 00 00 00 AC 06 1A AA 64 00 27 8B 
R00:11:14   69 48 00 00 00 00 00 AC 06 1A AB 64 00 98 99 CF 42 00 00 00 00 00 AC 06 1A AC 64 00 66 26 AE 44 
R00:11:14   00 00 00 00 00 AC 06 1A AD 64 00 CB 37 79 4A 00 00 00 00 00 AC 06 1A AE 64 00 34 5B F9 45 00 00 
R00:11:14   00 00 00 AC 06 1A AF 64 00 34 71 69 48 00 00 00 00 00 AC 06 1A B0 64 00 9A D1 CD 45 00 00 00 00 
R00:11:14   00 AC 06 1A 
S00:11:14   68 04 01 00 34 5D 
R00:11:15   68 82 34 5D 74 06 CF 08 25 00 3F 06 B1 64 00 33 73 4C 44 00 00 00 00 00 AC 06 1A B2 64 00 27 8B 
R00:11:15   69 48 00 00 00 00 00 AC 06 1A B3 64 00 98 99 CF 42 00 00 00 00 00 AC 06 1A B4 64 00 66 26 AE 44 
R00:11:15   00 00 00 00 00 AC 06 1A B5 64 00 CB 37 79 4A 00 00 00 00 00 AC 06 1A B6 64 00 34 5B F9 45 00 00 
R00:11:15   00 00 00 AC 06 1A B7 64 00 34 71 69 48 00 00 00 00 00 AC 06 1A B8 64 00 9A D1 CD 45 00 00 00 00 
R00:11:15   00 AC 06 1A 
R00:11:15   68 82 36 5D 74 06 CF 08 25 00 3F 06 B9 64 00 33 73 4C 44 00 7A 6D 25 0B 6F 04 1A BA 64 00 00 A3 
R00:11:15   1E 48 00 7A 6D 25 0B 6F 04 1A BB 64 00 98 99 CF 42 00 7A 6D 25 0B 6F 04 1A BC 64 00 66 26 AE 44 
R00:11:15   00 7A 6D 25 0B 6F 04 1A BD 64 00 7A F6 0A 4A 00 7A 6D 25 0B 6F 04 1A BE 64 00 CC 0C BB 44 00 7A 
R00:11:15   6D 25 0B 6F 04 1A BF 64 00 0D 89 1E 48 00 7A 6D 25 0B 6F 04 1A C0 64 00 67 66 CE 42 00 7A 6D 25 
R00:11:15   0B 6F 04 1A 
R00:11:16   68 0E 38 5D 74 06 65 01 0A 00 3F 06 00 00 00 05 
S00:11:16   68 14 74 06 3A 5D 67 01 06 00 3F 06 00 00 00 8F 41 0B 00 AC 06 1A 
R00:11:17   68 14 3A 5D 76 06 67 01 07 00 3F 06 00 00 00 8F 41 0B 00 AC 06 1A 
S00:11:25   68 04 01 00 3C 5D 
S00:11:41   68 04 43 00 00 00 
R00:11:41   68 04 83 00 00 00 
S00:11:57   68 04 43 00 00 00 
R00:11:57   68 04 83 00 00 00 
S00:12:13   68 04 43 00 00 00 
R00:12:13   68 04 83 00 00 00 
S00:12:29   68 04 43 00 00 00 
R00:12:29   68 04 83 00 00 00 
S00:12:45   68 04 43 00 00 00 
R00:12:45   68 04 83 00 00 00 
S00:13:01   68 04 43 00 00 00 
R00:13:01   68 04 83 00 00 00 
S00:13:17   68 04 43 00 00 00 
R00:13:17   68 04 83 00 00 00 
S00:13:33   68 04 43 00 00 00 
R00:13:33   68 04 83 00 00 00 
S00:13:49   68 04 43 00 00 00 
R00:13:49   68 04 83 00 00 00 
S00:14:05   68 04 43 00 00 00 
R00:14:05   68 04 83 00 00 00 
S00:14:21   68 04 43 00 00 00 
R00:14:22   68 04 83 00 00 00 
S00:14:38   68 04 43 00 00 00 
R00:14:39   68 04 83 00 00 00 
S00:14:55   68 04 43 00 00 00 
R00:14:56   68 04 83 00 00 00 
S00:15:12   68 04 43 00 00 00 
R00:15:13   68 04 83 00 00 00 
S00:15:29   68 04 43 00 00 00 
R00:15:30   68 04 83 00 00 00 
S00:15:46   68 04 43 00 00 00 
R00:15:47   68 04 83 00 00 00 
S00:16:03   68 04 43 00 00 00 
R00:16:04   68 04 83 00 00 00 
S00:16:20   68 04 43 00 00 00 
R00:16:21   68 04 83 00 00 00 
S00:16:37   68 04 43 00 00 00 
R00:16:38   68 04 83 00 00 00 
S00:16:54   68 04 43 00 00 00 
R00:16:55   68 04 83 00 00 00 
S00:17:11   68 04 43 00 00 00 
R00:17:12   68 04 83 00 00 00 
S00:17:28   68 04 43 00 00 00 
R00:17:29   68 04 83 00 00 00 
S00:17:45   68 04 43 00 00 00 
R00:17:46   68 04 83 00 00 00 
S00:18:02   68 04 43 00 00 00 
R00:18:03   68 04 83 00 00 00 
S00:18:19   68 04 43 00 00 00 
R00:18:20   68 04 83 00 00 00 
S00:18:36   68 04 43 00 00 00 
R00:18:37   68 04 83 00 00 00 
S00:18:53   68 04 43 00 00 00 
R00:18:53   68 04 83 00 00 00 
S00:19:09   68 04 43 00 00 00 
R00:19:09   68 04 83 00 00 00 
S00:19:25   68 04 43 00 00 00 
R00:19:25   68 04 83 00 00 00 
S00:19:41   68 04 43 00 00 00 
R00:19:41   68 04 83 00 00 00 
R00:19:46   68 32 3C 5D 76 06 0D 05 03 00 3F 06 0D 40 00 27 31 C0 41 00 0E 40 00 A2 45 CA 41 00 0F 40 00 E9 
R00:19:46   26 CD 41 00 44 40 00 B8 1E 9C 42 00 46 40 00 1B 2F 9E 42 00 
S00:19:46   68 04 01 00 3E 5D 
S00:20:02   68 04 43 00 00 00 
R00:20:02   68 04 83 00 00 00 
S00:20:18   68 04 43 00 00 00 
R00:20:18   68 04 83 00 00 00 
S00:20:34   68 04 43 00 00 00 
R00:20:34   68 04 83 00 00 00 
S00:20:50   68 04 43 00 00 00 
R00:20:50   68 04 83 00 00 00 
S00:21:06   68 04 43 00 00 00 
R00:21:06   68 04 83 00 00 00 
S00:21:22   68 04 43 00 00 00 
R00:21:22   68 04 83 00 00 00 
S00:21:38   68 04 43 00 00 00 
R00:21:38   68 04 83 00 00 00 
S00:21:54   68 04 43 00 00 00 
R00:21:54   68 04 83 00 00 00 
S00:22:10   68 04 43 00 00 00 
R00:22:10   68 04 83 00 00 00 
S00:22:26   68 04 43 00 00 00 
R00:22:26   68 04 83 00 00 00 
S00:22:42   68 04 43 00 00 00 
R00:22:42   68 04 83 00 00 00 
S00:22:58   68 04 43 00 00 00 
R00:22:58   68 04 83 00 00 00 
S00:23:14   68 04 43 00 00 00 
R00:23:14   68 04 83 00 00 00 
S00:23:30   68 04 43 00 00 00 
R00:23:30   68 04 83 00 00 00 
S00:23:46   68 04 43 00 00 00 
R00:23:46   68 04 83 00 00 00 
S00:24:02   68 04 43 00 00 00 
R00:24:02   68 04 83 00 00 00 
R00:24:03   68 1A 3E 5D 76 06 0D 02 03 00 3F 06 0D 40 00 F7 53 FB 41 00 0E 40 00 EB 51 02 42 00 
S00:24:04   68 04 01 00 40 5D 
R00:24:04   68 12 40 5D 76 06 0D 01 03 00 3F 06 0F 40 00 DF 4F 01 42 00 
R00:24:06   68 12 42 5D 76 06 0D 01 03 00 3F 06 44 40 00 BE 9F A8 42 00 
S00:24:15   68 04 01 00 44 5D 
S00:24:31   68 04 43 00 00 00 
R00:24:31   68 04 83 00 00 00 
S00:24:47   68 04 43 00 00 00 
R00:24:47   68 04 83 00 00 00 
R00:24:48   68 12 44 5D 76 06 0D 01 03 00 3F 06 46 40 00 48 E1 AA 42 00 
S00:24:48   68 04 01 00 46 5D 
S00:25:04   68 04 43 00 00 00 
R00:25:04   68 04 83 00 00 00 
S00:25:20   68 04 43 00 00 00 
R00:25:20   68 04 83 00 00 00 
S00:25:36   68 04 43 00 00 00 
R00:25:36   68 04 83 00 00 00 
S00:25:52   68 04 43 00 00 00 
R00:25:52   68 04 83 00 00 00 
S00:25:59   68 0E 76 06 46 5D 64 01 06 00 3F 06 00 00 00 14 
R00:25:59   68 0E 46 5D 78 06 64 01 07 00 3F 06 00 00 00 14 
R00:25:59   68 E6 48 5D 78 06 01 37 14 00 3F 06 01 00 00 00 02 00 00 00 03 00 00 00 04 00 00 00 05 00 00 00 
R00:25:59   06 00 00 00 07 00 00 01 08 00 00 00 09 00 00 00 0A 00 00 00 0B 00 00 00 0C 00 00 00 0D 00 00 00 
R00:25:59   0E 00 00 00 0F 00 00 00 10 00 00 00 11 00 00 00 12 00 00 00 13 00 00 00 14 00 00 00 15 00 00 00 
R00:25:59   16 00 00 00 17 00 00 00 18 00 00 00 19 00 00 00 1A 00 00 01 1B 00 00 01 1C 00 00 00 1D 00 00 01 
R00:25:59   1E 00 00 01 1F 00 00 01 20 00 00 00 21 00 00 00 22 00 00 00 23 00 00 00 24 00 00 00 25 00 00 00 
R00:25:59   26 00 00 00 27 00 00 00 28 00 00 00 29 00 00 01 2A 00 00 00 2B 00 00 00 2C 00 00 00 2D 00 00 00 
R00:25:59   2E 00 00 00 2F 00 00 00 30 00 00 00 31 00 00 00 32 00 00 00 33 00 00 00 34 00 00 00 35 00 00 00 
R00:25:59   36 00 00 00 37 00 00 00 
S00:26:00   68 04 01 00 4A 5D 
R00:26:00   68 D2 4A 5D 78 06 01 32 14 00 3F 06 38 00 00 00 39 00 00 00 3A 00 00 00 3B 00 00 01 3C 00 00 00 
R00:26:00   3D 00 00 00 3E 00 00 01 3F 00 00 01 40 00 00 00 41 00 00 00 42 00 00 01 43 00 00 00 44 00 00 00 
R00:26:00   45 00 00 00 46 00 00 00 47 00 00 00 48 00 00 00 49 00 00 00 4A 00 00 01 4B 00 00 00 4C 00 00 00 
R00:26:00   4D 00 00 00 4E 00 00 00 4F 00 00 00 50 00 00 00 51 00 00 00 52 00 00 00 53 00 00 00 54 00 00 00 
R00:26:00   55 00 00 00 56 00 00 00 57 00 00 00 58 00 00 00 59 00 00 00 5A 00 00 00 5B 00 00 00 5C 00 00 01 
R00:26:00   5D 00 00 00 5E 00 00 00 5F 00 00 01 60 00 00 01 61 00 00 00 62 00 00 00 63 00 00 01 64 00 00 00 
R00:26:00   65 00 00 00 66 00 00 00 67 00 00 00 68 00 00 00 69 00 00 00 
R00:26:00   68 E6 4C 5D 78 06 01 37 14 00 3F 06 69 00 00 00 6A 00 00 01 6B 00 00 00 6C 00 00 00 6D 00 00 00 
R00:26:00   6E 00 00 00 6F 00 00 00 70 00 00 00 71 00 00 00 72 00 00 00 73 00 00 00 74 00 00 00 75 00 00 00 
R00:26:00   76 00 00 00 77 00 00 00 78 00 00 00 79 00 00 00 7A 00 00 00 7B 00 00 00 7C 00 00 00 7D 00 00 01 
R00:26:00   7E 00 00 01 7F 00 00 00 80 00 00 01 81 00 00 01 82 00 00 01 83 00 00 00 84 00 00 00 85 00 00 00 
R00:26:00   86 00 00 00 87 00 00 00 88 00 00 00 89 00 00 00 8A 00 00 00 8B 00 00 01 8C 00 00 00 8D 00 00 00 
R00:26:00   8E 00 00 00 8F 00 00 00 90 00 00 00 91 00 00 00 92 00 00 00 93 00 00 00 94 00 00 00 95 00 00 00 
R00:26:00   96 00 00 00 97 00 00 00 98 00 00 00 99 00 00 00 9A 00 00 00 9B 00 00 00 9C 00 00 00 9D 00 00 00 
R00:26:00   9E 00 00 01 9F 00 00 00 
R00:26:01   68 A6 4E 5D 78 06 01 27 14 00 3F 06 A0 00 00 00 A1 00 00 01 A2 00 00 01 A3 00 00 01 A4 00 00 00 
R00:26:01   A5 00 00 00 A6 00 00 00 A7 00 00 00 A8 00 00 00 A9 00 00 00 AA 00 00 00 AB 00 00 00 AC 00 00 01 
R00:26:01   AD 00 00 00 AE 00 00 00 AF 00 00 00 B0 00 00 00 B1 00 00 00 B2 00 00 00 B3 00 00 00 B4 00 00 00 
R00:26:01   B5 00 00 00 B6 00 00 00 B7 00 00 00 B8 00 00 00 B9 00 00 00 BA 00 00 00 BB 00 00 00 BC 00 00 00 
R00:26:01   BD 00 00 00 BE 00 00 00 BF 00 00 01 C0 00 00 00 C1 00 00 00 C2 00 00 01 C3 00 00 01 C4 00 00 01 
R00:26:01   C5 00 00 00 C6 00 00 00 
S00:26:01   68 04 01 00 50 5D 
R00:26:02   68 EA 50 5D 78 06 0D 1C 14 00 3F 06 01 40 00 00 00 65 43 00 02 40 00 5C 8F 53 42 00 03 40 00 1A 
R00:26:02   2F 27 41 00 04 40 00 00 00 00 00 00 05 40 00 46 B6 27 41 00 06 40 00 00 00 00 00 00 07 40 00 BE 
R00:26:02   1F 48 42 00 08 40 00 00 00 00 00 00 09 40 00 00 00 00 00 00 0A 40 00 00 00 00 00 00 0B 40 00 00 
R00:26:02   00 00 00 00 0C 40 00 00 00 00 00 00 0D 40 00 6B BC 00 42 00 0E 40 00 5E BA 05 42 00 0F 40 00 98 
R00:26:02   6E 04 42 00 10 40 00 00 00 00 00 00 11 40 00 D7 63 13 44 00 12 40 00 A4 70 A9 C2 00 13 40 00 1B 
R00:26:02   2F 7D 3F 00 14 40 00 00 00 00 00 00 15 40 00 00 00 00 00 00 16 40 00 00 00 00 00 00 17 40 00 00 
R00:26:02   00 00 00 00 18 40 00 00 00 00 00 00 19 40 00 00 00 00 00 00 1A 40 00 00 00 00 00 00 1B 40 00 00 
R00:26:02   00 00 00 00 1C 40 00 00 00 00 00 00 
R00:26:02   68 6A 52 5D 78 06 0D 0C 14 00 3F 06 1D 40 00 00 00 00 00 00 1E 40 00 00 00 00 00 00 1F 40 00 00 
R00:26:02   00 00 00 00 20 40 00 00 00 00 00 00 21 40 00 00 00 00 00 00 22 40 00 00 00 00 00 00 23 40 00 00 
R00:26:02   00 00 00 00 24 40 00 00 00 00 00 00 25 40 00 00 00 00 00 00 26 40 00 00 00 00 00 00 27 40 00 00 
R00:26:02   00 00 00 00 28 40 00 00 00 00 00 00 
R00:26:02   68 EA 54 5D 78 06 0D 1C 14 00 3F 06 29 40 00 00 00 00 00 00 2A 40 00 00 00 00 00 00 2B 40 00 00 
R00:26:02   00 00 00 00 2C 40 00 00 00 00 00 00 2D 40 00 00 00 00 00 00 2E 40 00 00 00 00 00 00 2F 40 00 00 
R00:26:02   00 00 00 00 30 40 00 00 00 00 00 00 31 40 00 00 00 00 00 00 32 40 00 00 00 00 00 00 33 40 00 00 
R00:26:02   00 00 00 00 34 40 00 00 00 00 00 00 35 40 00 00 00 00 00 00 36 40 00 00 00 00 00 00 37 40 00 00 
R00:26:02   00 00 00 00 38 40 00 00 00 00 00 00 39 40 00 F8 53 45 42 00 3A 40 00 AE 47 3F 42 00 3B 40 00 F6 
R00:26:02   28 42 42 00 3C 40 00 00 00 00 00 00 3D 40 00 99 99 5B 44 00 3E 40 00 A4 70 1D C2 00 3F 40 00 77 
R00:26:02   BE 7F 3F 00 40 40 00 00 00 00 00 00 41 40 00 00 00 00 00 00 42 40 00 00 00 00 00 00 43 40 00 00 
R00:26:02   00 00 00 00 44 40 00 B8 1E A8 42 00 
R00:26:03   68 3A 56 5D 78 06 0D 06 14 00 3F 06 45 40 00 35 5E A6 42 00 46 40 00 DE 24 A8 42 00 47 40 00 00 
R00:26:03   00 00 00 00 48 40 00 34 73 BD C4 00 49 40 00 AE 47 DD 42 00 4A 40 00 64 3B 7F BF 00 
S00:26:03   68 04 01 00 58 5D 
R00:26:03   68 0E 58 5D 78 06 64 01 0A 00 3F 06 00 00 00 14 
S00:26:03   68 0E 78 06 5A 5D 65 01 06 00 3F 06 00 00 00 05 
R00:26:04   68 0E 5A 5D 7A 06 65 01 07 00 3F 06 00 00 00 05 
R00:26:04   68 4A 5C 5D 7A 06 CE 08 25 00 3F 06 01 64 00 60 DC 1B 49 00 02 64 00 66 66 03 44 00 03 64 00 67 
R00:26:04   66 FE 43 00 04 64 00 1A 64 F4 47 00 05 64 00 00 00 AE 42 00 06 64 00 99 86 F4 47 00 07 64 00 66 
R00:26:04   66 86 41 00 08 64 00 00 00 8A 42 00 
R00:26:05   68 82 5E 5D 7A 06 CF 08 25 00 3F 06 09 64 00 B6 D6 1B 49 00 00 00 0F 00 AC 06 1A 0A 64 00 66 66 
R00:26:05   03 44 00 00 00 0F 00 AC 06 1A 0B 64 00 67 66 FE 43 00 00 00 0F 00 AC 06 1A 0C 64 00 33 5D F4 47 
R00:26:05   00 00 00 0F 00 AC 06 1A 0D 64 00 00 00 AE 42 00 00 00 0F 00 AC 06 1A 0E 64 00 B4 7F F4 47 00 00 
R00:26:05   00 0F 00 AC 06 1A 0F 64 00 66 66 86 41 00 00 00 0F 00 AC 06 1A 10 64 00 00 00 8A 42 00 00 00 0F 
R00:26:05   00 AC 06 1A 
R00:26:05   68 82 60 5D 7A 06 CF 08 25 00 3F 06 11 64 00 39 D0 1B 49 00 00 00 00 00 AC 06 1A 12 64 00 66 66 
R00:26:05   03 44 00 00 00 00 00 AC 06 1A 13 64 00 67 66 FE 43 00 00 00 00 00 AC 06 1A 14 64 00 66 55 F4 47 
R00:26:05   00 00 00 00 00 AC 06 1A 15 64 00 00 00 AE 42 00 00 00 00 00 AC 06 1A 16 64 00 E7 77 F4 47 00 00 
R00:26:05   00 00 00 AC 06 1A 17 64 00 66 66 86 41 00 00 00 00 00 AC 06 1A 18 64 00 00 00 8A 42 00 00 00 00 
R00:26:05   00 AC 06 1A 
S00:26:06   68 04 01 00 62 5D 
R00:26:06   68 82 62 5D 7A 06 CF 08 25 00 3F 06 19 64 00 00 00 00 00 00 00 00 00 00 AC 06 1A 1A 64 00 00 00 
R00:26:06   00 00 00 00 00 00 00 AC 06 1A 1B 64 00 00 00 00 00 00 00 00 00 00 AC 06 1A 1C 64 00 00 00 00 00 
R00:26:06   00 00 00 00 00 AC 06 1A 1D 64 00 00 00 00 00 00 00 00 00 00 AC 06 1A 1E 64 00 00 00 00 00 00 00 
R00:26:06   00 00 00 AC 06 1A 1F 64 00 00 00 00 00 00 00 00 00 00 AC 06 1A 20 64 00 00 00 00 00 00 00 00 00 
R00:26:06   00 AC 06 1A 
R00:26:06   68 4A 64 5D 7A 06 CE 08 25 00 3F 06 21 64 00 CC CC 41 43 00 22 64 00 34 33 0B 43 00 23 64 00 66 
R00:26:06   66 AA 42 00 24 64 00 CD CC EE 42 00 25 64 00 CD CC C4 42 00 26 64 00 CC CC 29 43 00 27 64 00 FF 
R00:26:06   FF 57 42 00 28 64 00 99 99 49 42 00 
R00:26:06   68 82 66 5D 7A 06 CF 08 25 00 3F 06 29 64 00 CC CC 41 43 00 00 00 0F 00 AC 06 1A 2A 64 00 34 33 
R00:26:06   0B 43 00 00 00 0F 00 AC 06 1A 2B 64 00 66 66 AA 42 00 00 00 0F 00 AC 06 1A 2C 64 00 CD CC EE 42 
R00:26:06   00 00 00 0F 00 AC 06 1A 2D 64 00 CD CC C4 42 00 00 00 0F 00 AC 06 1A 2E 64 00 CC CC 29 43 00 00 
R00:26:06   00 0F 00 AC 06 1A 2F 64 00 FF FF 57 42 00 00 00 0F 00 AC 06 1A 30 64 00 99 99 49 42 00 00 00 0F 
R00:26:06   00 AC 06 1A 
S00:26:07   68 04 01 00 68 5D 
R00:26:07   68 82 68 5D 7A 06 CF 08 25 00 3F 06 31 64 00 CC CC 41 43 00 00 00 00 00 AC 06 1A 32 64 00 34 33 
R00:26:07   0B 43 00 00 00 00 00 AC 06 1A 33 64 00 66 66 AA 42 00 00 00 00 00 AC 06 1A 34 64 00 CD CC EE 42 
R00:26:07   00 00 00 00 00 AC 06 1A 35 64 00 CD CC C4 42 00 00 00 00 00 AC 06 1A 36 64 00 CC CC 29 43 00 00 
R00:26:07   00 00 00 AC 06 1A 37 64 00 FF FF 57 42 00 00 00 00 00 AC 06 1A 38 64 00 99 99 49 42 00 00 00 00 
R00:26:07   00 AC 06 1A 
R00:26:07   68 82 6A 5D 7A 06 CF 08 25 00 3F 06 39 64 00 00 00 00 00 00 00 00 00 00 AC 06 1A 3A 64 00 00 00 
R00:26:07   00 00 00 00 00 00 00 AC 06 1A 3B 64 00 00 00 00 00 00 00 00 00 00 AC 06 1A 3C 64 00 00 00 00 00 
R00:26:07   00 00 00 00 00 AC 06 1A 3D 64 00 00 00 00 00 00 00 00 00 00 AC 06 1A 3E 64 00 00 00 00 00 00 00 
R00:26:07   00 00 00 AC 06 1A 3F 64 00 00 00 00 00 00 00 00 00 00 AC 06 1A 40 64 00 00 00 00 00 00 00 00 00 
R00:26:07   00 AC 06 1A 
R00:26:08   68 4A 6C 5D 7A 06 CE 08 25 00 3F 06 41 64 00 CC CC 5F 43 00 42 64 00 33 33 47 43 00 43 64 00 9A 
R00:26:08   99 22 43 00 44 64 00 CC CC 74 42 00 45 64 00 00 00 A8 42 00 46 64 00 00 00 F6 42 00 47 64 00 66 
R00:26:08   66 12 42 00 48 64 00 34 33 77 42 00 
S00:26:08   68 04 01 00 6E 5D 
R00:26:09   68 82 6E 5D 7A 06 CF 08 25 00 3F 06 49 64 00 CC CC 5F 43 00 00 00 0F 00 AC 06 1A 4A 64 00 33 33 
R00:26:09   47 43 00 00 00 0F 00 AC 06 1A 4B 64 00 9A 99 22 43 00 00 00 0F 00 AC 06 1A 4C 64 00 CC CC 74 42 
R00:26:09   00 00 00 0F 00 AC 06 1A 4D 64 00 00 00 A8 42 00 00 00 0F 00 AC 06 1A 4E 64 00 00 00 F6 42 00 00 
R00:26:09   00 0F 00 AC 06 1A 4F 64 00 66 66 12 42 00 00 00 0F 00 AC 06 1A 50 64 00 34 33 77 42 00 00 00 0F 
R00:26:09   00 AC 06 1A 
R00:26:09   68 82 70 5D 7A 06 CF 08 25 00 3F 06 51 64 00 CC CC 5F 43 00 00 00 00 00 AC 06 1A 52 64 00 33 33 
R00:26:09   47 43 00 00 00 00 00 AC 06 1A 53 64 00 9A 99 22 43 00 00 00 00 00 AC 06 1A 54 64 00 CC CC 74 42 
R00:26:09   00 00 00 00 00 AC 06 1A 55 64 00 00 00 A8 42 00 00 00 00 00 AC 06 1A 56 64 00 00 00 F6 42 00 00 
R00:26:09   00 00 00 AC 06 1A 57 64 00 66 66 12 42 00 00 00 00 00 AC 06 1A 58 64 00 34 33 77 42 00 00 00 00 
R00:26:09   00 AC 06 1A 
R00:26:09   68 82 72 5D 7A 06 CF 08 25 00 3F 06 59 64 00 00 00 00 00 00 00 00 00 00 AC 06 1A 5A 64 00 00 00 
R00:26:09   00 00 00 00 00 00 00 AC 06 1A 5B 64 00 00 00 00 00 00 00 00 00 00 AC 06 1A 5C 64 00 00 00 00 00 
R00:26:09   00 00 00 00 00 AC 06 1A 5D 64 00 00 00 00 00 00 00 00 00 00 AC 06 1A 5E 64 00 00 00 00 00 00 00 
R00:26:09   00 00 00 AC 06 1A 5F 64 00 00 00 00 00 00 00 00 00 00 AC 06 1A 60 64 00 00 00 00 00 00 00 00 00 
R00:26:09   00 AC 06 1A 
R00:26:09   68 4A 74 5D 7A 06 CE 08 25 00 3F 06 61 64 00 80 9F 0B 48 00 62 64 00 66 66 18 43 00 63 64 00 99 
R00:26:09   99 C9 42 00 64 64 00 34 A7 6F 46 00 65 64 00 34 33 8B 42 00 66 64 00 66 6E 70 46 00 67 64 00 67 
R00:26:09   66 4E 42 00 68 64 00 33 33 47 42 00 
S00:26:10   68 04 01 00 76 5D 
R00:26:10   68 82 76 5D 7A 06 CF 08 25 00 3F 06 69 64 00 8D 9D 0B 48 00 00 00 0F 00 AC 06 1A 6A 64 00 66 66 
R00:26:10   18 43 00 00 00 0F 00 AC 06 1A 6B 64 00 99 99 C9 42 00 00 00 0F 00 AC 06 1A 6C 64 00 67 A2 6F 46 
R00:26:10   00 00 00 0F 00 AC 06 1A 6D 64 00 34 33 8B 42 00 00 00 0F 00 AC 06 1A 6E 64 00 99 69 70 46 00 00 
R00:26:10   00 0F 00 AC 06 1A 6F 64 00 67 66 4E 42 00 00 00 0F 00 AC 06 1A 70 64 00 33 33 47 42 00 00 00 0F 
R00:26:10   00 AC 06 1A 
R00:26:10   68 82 78 5D 7A 06 CF 08 25 00 3F 06 71 64 00 8C 9A 0B 48 00 00 00 00 00 AC 06 1A 72 64 00 66 66 
R00:26:10   18 43 00 00 00 00 00 AC 06 1A 73 64 00 99 99 C9 42 00 00 00 00 00 AC 06 1A 74 64 00 00 A0 6F 46 
R00:26:10   00 00 00 00 00 AC 06 1A 75 64 00 34 33 8B 42 00 00 00 00 00 AC 06 1A 76 64 00 34 67 70 46 00 00 
R00:26:10   00 00 00 AC 06 1A 77 64 00 67 66 4E 42 00 00 00 00 00 AC 06 1A 78 64 00 33 33 47 42 00 00 00 00 
R00:26:10   00 AC 06 1A 
R00:26:11   68 82 7A 5D 7A 06 CF 08 25 00 3F 06 79 64 00 FF 44 DE 47 00 3A AE 25 0D F1 05 1A 7A 64 00 66 66 
R00:26:11   18 43 00 3A AE 25 0D F1 05 1A 7B 64 00 99 99 C9 42 00 3A AE 25 0D F1 05 1A 7C 64 00 67 46 50 46 
R00:26:11   00 3A AE 25 0D F1 05 1A 7D 64 00 34 33 8B 42 00 3A AE 25 0D F1 05 1A 7E 64 00 33 0B 51 46 00 3A 
R00:26:11   AE 25 0D F1 05 1A 7F 64 00 67 66 4E 42 00 3A AE 25 0D F1 05 1A 80 64 00 CD CC 44 42 00 3A AE 25 
R00:26:11   0D F1 05 1A 
S00:26:11   68 04 01 00 7C 5D 
R00:26:11   68 4A 7C 5D 7A 06 CE 08 25 00 3F 06 81 64 00 A0 72 48 4A 00 82 64 00 CC 6C 38 46 00 83 64 00 9A 
R00:26:11   31 2A 46 00 84 64 00 4C 45 F0 47 00 85 64 00 CC 4C 8A 43 00 86 64 00 99 78 F0 47 00 87 64 00 34 
R00:26:11   B3 63 44 00 88 64 00 34 33 CD 42 00 
R00:26:11   68 82 7E 5D 7A 06 CF 08 25 00 3F 06 89 64 00 20 70 48 4A 00 00 00 0F 00 AC 06 1A 8A 64 00 CC 6C 
R00:26:11   38 46 00 00 00 0F 00 AC 06 1A 8B 64 00 9A 31 2A 46 00 00 00 0F 00 AC 06 1A 8C 64 00 4D 42 F0 47 
R00:26:11   00 00 00 0F 00 AC 06 1A 8D 64 00 CC 4C 8A 43 00 00 00 0F 00 AC 06 1A 8E 64 00 99 75 F0 47 00 00 
R00:26:11   00 0F 00 AC 06 1A 8F 64 00 34 B3 63 44 00 00 00 0F 00 AC 06 1A 90 64 00 34 33 CD 42 00 00 00 0F 
R00:26:11   00 AC 06 1A 
R00:26:12   68 82 80 5D 7A 06 CF 08 25 00 3F 06 91 64 00 AE 6C 48 4A 00 00 00 00 00 AC 06 1A 92 64 00 CC 6C 
R00:26:12   38 46 00 00 00 00 00 AC 06 1A 93 64 00 9A 31 2A 46 00 00 00 00 00 AC 06 1A 94 64 00 B3 3E F0 47 
R00:26:12   00 00 00 00 00 AC 06 1A 95 64 00 CC 4C 8A 43 00 00 00 00 00 AC 06 1A 96 64 00 00 72 F0 47 00 00 
R00:26:12   00 00 00 AC 06 1A 97 64 00 34 B3 63 44 00 00 00 00 00 AC 06 1A 98 64 00 34 33 CD 42 00 00 00 00 
R00:26:12   00 AC 06 1A 
R00:26:12   68 82 82 5D 7A 06 CF 08 25 00 3F 06 99 64 00 2B C0 DB 49 00 BB 6F 25 0B 6F 04 1A 9A 64 00 00 00 
R00:26:12   99 44 00 BB 6F 25 0B 6F 04 1A 9B 64 00 9A 99 9C 43 00 BB 6F 25 0B 6F 04 1A 9C 64 00 CC 8A AC 47 
R00:26:12   00 BB 6F 25 0B 6F 04 1A 9D 64 00 66 66 89 43 00 BB 6F 25 0B 6F 04 1A 9E 64 00 19 BE AC 47 00 BB 
R00:26:12   6F 25 0B 6F 04 1A 9F 64 00 34 B3 63 44 00 BB 6F 25 0B 6F 04 1A A0 64 00 34 33 CD 42 00 BB 6F 25 
R00:26:12   0B 6F 04 1A 
S00:26:13   68 04 01 00 84 5D 
R00:26:13   68 4A 84 5D 7A 06 CE 08 25 00 3F 06 A1 64 00 33 73 4C 44 00 A2 64 00 33 95 69 48 00 A3 64 00 98 
R00:26:13   99 CF 42 00 A4 64 00 66 26 AE 44 00 A5 64 00 20 41 79 4A 00 A6 64 00 34 5B F9 45 00 A7 64 00 40 
R00:26:13   7B 69 48 00 A8 64 00 9A D1 CD 45 00 
R00:26:13   68 82 86 5D 7A 06 CF 08 25 00 3F 06 A9 64 00 33 73 4C 44 00 00 00 0F 00 AC 06 1A AA 64 00 8C 90 
R00:26:13   69 48 00 00 00 0F 00 AC 06 1A AB 64 00 98 99 CF 42 00 00 00 0F 00 AC 06 1A AC 64 00 66 26 AE 44 
R00:26:13   00 00 00 0F 00 AC 06 1A AD 64 00 15 3D 79 4A 00 00 00 0F 00 AC 06 1A AE 64 00 34 5B F9 45 00 00 
R00:26:13   00 0F 00 AC 06 1A AF 64 00 99 76 69 48 00 00 00 0F 00 AC 06 1A B0 64 00 9A D1 CD 45 00 00 00 0F 
R00:26:13   00 AC 06 1A 
R00:26:14   68 82 88 5D 7A 06 CF 08 25 00 3F 06 B1 64 00 33 73 4C 44 00 00 00 00 00 AC 06 1A B2 64 00 27 8B 
R00:26:14   69 48 00 00 00 00 00 AC 06 1A B3 64 00 98 99 CF 42 00 00 00 00 00 AC 06 1A B4 64 00 66 26 AE 44 
R00:26:14   00 00 00 00 00 AC 06 1A B5 64 00 CB 37 79 4A 00 00 00 00 00 AC 06 1A B6 64 00 34 5B F9 45 00 00 
R00:26:14   00 00 00 AC 06 1A B7 64 00 34 71 69 48 00 00 00 00 00 AC 06 1A B8 64 00 9A D1 CD 45 00 00 00 00 
R00:26:14   00 AC 06 1A 
R00:26:14   68 82 8A 5D 7A 06 CF 08 25 00 3F 06 B9 64 00 33 73 4C 44 00 7A 6D 25 0B 6F 04 1A BA 64 00 00 A3 
R00:26:14   1E 48 00 7A 6D 25 0B 6F 04 1A BB 64 00 98 99 CF 42 00 7A 6D 25 0B 6F 04 1A BC 64 00 66 26 AE 44 
R00:26:14   00 7A 6D 25 0B 6F 04 1A BD 64 00 7A F6 0A 4A 00 7A 6D 25 0B 6F 04 1A BE 64 00 CC 0C BB 44 00 7A 
R00:26:14   6D 25 0B 6F 04 1A BF 64 00 0D 89 1E 48 00 7A 6D 25 0B 6F 04 1A C0 64 00 67 66 CE 42 00 7A 6D 25 
R00:26:14   0B 6F 04 1A 
S00:26:15   68 04 01 00 8C 5D 
R00:26:16   68 0E 8C 5D 7A 06 65 01 0A 00 3F 06 00 00 00 05 
S00:26:16   68 14 7A 06 8E 5D 67 01 06 00 3F 06 00 00 00 1F 3F 1A 00 AC 06 1A 
R00:26:16   68 14 8E 5D 7C 06 67 01 07 00 3F 06 00 00 00 1F 3F 1A 00 AC 06 1A 
S00:26:26   68 04 01 00 90 5D 
S00:26:42   68 04 43 00 00 00 
R00:26:42   68 04 83 00 00 00 
S00:26:58   68 04 43 00 00 00 
R00:26:58   68 04 83 00 00 00 
S00:27:14   68 04 43 00 00 00 
R00:27:14   68 04 83 00 00 00 
S00:27:30   68 04 43 00 00 00 
R00:27:31   68 04 83 00 00 00 
R00:27:31   68 3A 90 5D 7C 06 0D 06 03 00 3F 06 39 40 00 A4 70 23 42 00 3A 40 00 77 BE 1F 42 00 3B 40 00 65 
R00:27:31   3B 21 42 00 44 40 00 BB 49 96 42 00 45 40 00 9E EF 96 42 00 46 40 00 19 04 98 42 00 
S00:27:32   68 04 01 00 92 5D 
S00:27:48   68 04 43 00 00 00 
R00:27:49   68 04 83 00 00 00 
S00:28:05   68 04 43 00 00 00 
R00:28:06   68 04 83 00 00 00 
S00:28:22   68 04 43 00 00 00 
R00:28:23   68 04 83 00 00 00 
S00:28:39   68 04 43 00 00 00 
R00:28:40   68 04 83 00 00 00 
S00:28:56   68 04 43 00 00 00 
R00:28:57   68 04 83 00 00 00 
S00:29:13   68 04 43 00 00 00 
R00:29:14   68 04 83 00 00 00 
S00:29:30   68 04 43 00 00 00 
R00:29:31   68 04 83 00 00 00 
S00:29:47   68 04 43 00 00 00 
R00:29:48   68 04 83 00 00 00 
S00:30:04   68 04 43 00 00 00 
R00:30:05   68 04 83 00 00 00 
S00:30:21   68 04 43 00 00 00 
R00:30:22   68 04 83 00 00 00 
S00:30:38   68 04 43 00 00 00 
R00:30:38   68 04 83 00 00 00 
S00:30:54   68 04 43 00 00 00 
R00:30:54   68 04 83 00 00 00 
S00:31:10   68 04 43 00 00 00 
R00:31:10   68 04 83 00 00 00 
S00:31:26   68 04 43 00 00 00 
R00:31:26   68 04 83 00 00 00 
S00:31:42   68 04 43 00 00 00 
R00:31:42   68 04 83 00 00 00 
S00:31:58   68 04 43 00 00 00 
R00:31:58   68 04 83 00 00 00 
S00:32:14   68 04 43 00 00 00 
R00:32:14   68 04 83 00 00 00 
S00:32:30   68 04 43 00 00 00 
R00:32:30   68 04 83 00 00 00 
S00:32:46   68 04 43 00 00 00 
R00:32:46   68 04 83 00 00 00 
R00:33:00   68 32 92 5D 7C 06 0D 05 03 00 3F 06 0D 40 00 B0 72 C8 41 00 0E 40 00 1A 2F D1 41 00 0F 40 00 FA 
R00:33:00   7E CE 41 00 45 40 00 6C E7 89 42 00 46 40 00 0F 2D 8B 42 00 
S00:33:00   68 04 01 00 94 5D 
S00:33:16   68 04 43 00 00 00 
R00:33:16   68 04 83 00 00 00 
R00:33:21   68 12 94 5D 7C 06 0D 01 03 00 3F 06 44 40 00 B6 F3 89 42 00 
S00:33:21   68 04 01 00 96 5D 
S00:33:37   68 04 43 00 00 00 
R00:33:37   68 04 83 00 00 00 
S00:33:53   68 04 43 00 00 00 
R00:33:53   68 04 83 00 00 00 
S00:34:09   68 04 43 00 00 00 
R00:34:09   68 04 83 00 00 00 
S00:34:25   68 04 43 00 00 00 
R00:34:25   68 04 83 00 00 00 
S00:34:41   68 04 43 00 00 00 
R00:34:41   68 04 83 00 00 00 
S00:34:57   68 04 43 00 00 00 
R00:34:57   68 04 83 00 00 00 
S00:35:13   68 04 43 00 00 00 
R00:35:13   68 04 83 00 00 00 
S00:35:29   68 04 43 00 00 00 
R00:35:29   68 04 83 00 00 00 
S00:35:45   68 04 43 00 00 00 
R00:35:45   68 04 83 00 00 00 
S00:36:01   68 04 43 00 00 00 
R00:36:01   68 04 83 00 00 00 
S00:36:17   68 04 43 00 00 00 
R00:36:17   68 04 83 00 00 00 
S00:36:33   68 04 43 00 00 00 
R00:36:33   68 04 83 00 00 00 
S00:36:49   68 04 43 00 00 00 
R00:36:49   68 04 83 00 00 00 
S00:37:05   68 04 43 00 00 00 
R00:37:05   68 04 83 00 00 00 
S00:37:21   68 04 43 00 00 00 
R00:37:21   68 04 83 00 00 00 
S00:37:37   68 04 43 00 00 00 
R00:37:37   68 04 83 00 00 00 
S00:37:53   68 04 43 00 00 00 
R00:37:53   68 04 83 00 00 00 
S00:38:09   68 04 43 00 00 00 
R00:38:09   68 04 83 00 00 00 
S00:38:25   68 04 43 00 00 00 
R00:38:25   68 04 83 00 00 00 
S00:38:41   68 04 43 00 00 00 
R00:38:41   68 04 83 00 00 00 
S00:38:57   68 04 43 00 00 00 
R00:38:57   68 04 83 00 00 00 
S00:39:13   68 04 43 00 00 00 
R00:39:13   68 04 83 00 00 00 
S00:39:29   68 04 43 00 00 00 
R00:39:29   68 04 83 00 00 00 
S00:39:45   68 04 43 00 00 00 
R00:39:45   68 04 83 00 00 00 
S00:40:01   68 04 43 00 00 00 
R00:40:01   68 04 83 00 00 00 
S00:40:17   68 04 43 00 00 00 
R00:40:17   68 04 83 00 00 00 
S00:40:33   68 04 43 00 00 00 
R00:40:34   68 04 83 00 00 00 
S00:40:50   68 04 43 00 00 00 
R00:40:50   68 04 83 00 00 00 
S00:40:59   68 0E 7C 06 96 5D 64 01 06 00 3F 06 00 00 00 14 
R00:41:00   68 0E 96 5D 7E 06 64 01 07 00 3F 06 00 00 00 14 
R00:41:00   68 E6 98 5D 7E 06 01 37 14 00 3F 06 01 00 00 00 02 00 00 00 03 00 00 00 04 00 00 00 05 00 00 00 
R00:41:00   06 00 00 00 07 00 00 01 08 00 00 00 09 00 00 00 0A 00 00 00 0B 00 00 00 0C 00 00 00 0D 00 00 00 
R00:41:00   0E 00 00 00 0F 00 00 00 10 00 00 00 11 00 00 00 12 00 00 00 13 00 00 00 14 00 00 00 15 00 00 00 
R00:41:00   16 00 00 00 17 00 00 00 18 00 00 00 19 00 00 00 1A 00 00 01 1B 00 00 01 1C 00 00 00 1D 00 00 01 
R00:41:00   1E 00 00 01 1F 00 00 01 20 00 00 00 21 00 00 00 22 00 00 00 23 00 00 00 24 00 00 00 25 00 00 00 
R00:41:00   26 00 00 00 27 00 00 00 28 00 00 00 29 00 00 01 2A 00 00 00 2B 00 00 00 2C 00 00 00 2D 00 00 00 
R00:41:00   2E 00 00 00 2F 00 00 00 30 00 00 00 31 00 00 00 32 00 00 00 33 00 00 00 34 00 00 00 35 00 00 00 
R00:41:00   36 00 00 00 37 00 00 00 
S00:41:00   68 04 01 00 9A 5D 
R00:41:01   68 D2 9A 5D 7E 06 01 32 14 00 3F 06 38 00 00 00 39 00 00 00 3A 00 00 00 3B 00 00 01 3C 00 00 00 
R00:41:01   3D 00 00 00 3E 00 00 01 3F 00 00 01 40 00 00 00 41 00 00 00 42 00 00 01 43 00 00 00 44 00 00 00 
R00:41:01   45 00 00 00 46 00 00 00 47 00 00 00 48 00 00 00 49 00 00 00 4A 00 00 01 4B 00 00 00 4C 00 00 00 
R00:41:01   4D 00 00 00 4E 00 00 00 4F 00 00 00 50 00 00 00 51 00 00 00 52 00 00 00 53 00 00 00 54 00 00 00 
R00:41:01   55 00 00 00 56 00 00 00 57 00 00 00 58 00 00 00 59 00 00 00 5A 00 00 00 5B 00 00 00 5C 00 00 01 
R00:41:01   5D 00 00 00 5E 00 00 00 5F 00 00 01 60 00 00 01 61 00 00 00 62 00 00 00 63 00 00 01 64 00 00 00 
R00:41:01   65 00 00 00 66 00 00 00 67 00 00 00 68 00 00 00 69 00 00 00 
R00:41:01   68 E6 9C 5D 7E 06 01 37 14 00 3F 06 69 00 00 00 6A 00 00 01 6B 00 00 00 6C 00 00 00 6D 00 00 00 
R00:41:01   6E 00 00 00 6F 00 00 00 70 00 00 00 71 00 00 00 72 00 00 00 73 00 00 00 74 00 00 00 75 00 00 00 
R00:41:01   76 00 00 00 77 00 00 00 78 00 00 00 79 00 00 00 7A 00 00 00 7B 00 00 00 7C 00 00 00 7D 00 00 01 
R00:41:01   7E 00 00 01 7F 00 00 00 80 00 00 01 81 00 00 01 82 00 00 01 83 00 00 00 84 00 00 00 85 00 00 00 
R00:41:01   86 00 00 00 87 00 00 00 88 00 00 00 89 00 00 00 8A 00 00 00 8B 00 00 01 8C 00 00 00 8D 00 00 00 
R00:41:01   8E 00 00 00 8F 00 00 00 90 00 00 00 91 00 00 00 92 00 00 00 93 00 00 00 94 00 00 00 95 00 00 00 
R00:41:01   96 00 00 00 97 00 00 00 98 00 00 00 99 00 00 00 9A 00 00 00 9B 00 00 00 9C 00 00 00 9D 00 00 00 
R00:41:01   9E 00 00 01 9F 00 00 00 
R00:41:01   68 A6 9E 5D 7E 06 01 27 14 00 3F 06 A0 00 00 00 A1 00 00 01 A2 00 00 01 A3 00 00 01 A4 00 00 00 
R00:41:01   A5 00 00 00 A6 00 00 00 A7 00 00 00 A8 00 00 00 A9 00 00 00 AA 00 00 00 AB 00 00 00 AC 00 00 01 
R00:41:01   AD 00 00 00 AE 00 00 00 AF 00 00 00 B0 00 00 00 B1 00 00 00 B2 00 00 00 B3 00 00 00 B4 00 00 00 
R00:41:01   B5 00 00 00 B6 00 00 00 B7 00 00 00 B8 00 00 00 B9 00 00 00 BA 00 00 00 BB 00 00 00 BC 00 00 00 
R00:41:01   BD 00 00 00 BE 00 00 00 BF 00 00 01 C0 00 00 00 C1 00 00 00 C2 00 00 01 C3 00 00 01 C4 00 00 01 
R00:41:01   C5 00 00 00 C6 00 00 00 
S00:41:01   68 04 01 00 A0 5D 
R00:41:02   68 EA A0 5D 7E 06 0D 1C 14 00 3F 06 01 40 00 00 00 65 43 00 02 40 00 A4 70 53 42 00 03 40 00 D1 
R00:41:02   22 27 41 00 04 40 00 00 00 00 00 00 05 40 00 9A 99 27 41 00 06 40 00 00 00 00 00 00 07 40 00 C3 
R00:41:02   F5 47 42 00 08 40 00 00 00 00 00 00 09 40 00 00 00 00 00 00 0A 40 00 00 00 00 00 00 0B 40 00 00 
R00:41:02   00 00 00 00 0C 40 00 00 00 00 00 00 0D 40 00 90 C2 DD 41 00 0E 40 00 6F 12 E7 41 00 0F 40 00 EA 
R00:41:02   26 E5 41 00 10 40 00 00 00 00 00 00 11 40 00 8F 42 FD 43 00 12 40 00 3E 0A A7 C2 00 13 40 00 7F 
R00:41:02   6A 7C 3F 00 14 40 00 00 00 00 00 00 15 40 00 00 00 00 00 00 16 40 00 00 00 00 00 00 17 40 00 00 
R00:41:02   00 00 00 00 18 40 00 00 00 00 00 00 19 40 00 00 00 00 00 00 1A 40 00 00 00 00 00 00 1B 40 00 00 
R00:41:02   00 00 00 00 1C 40 00 00 00 00 00 00 
R00:41:02   68 6A A2 5D 7E 06 0D 0C 14 00 3F 06 1D 40 00 00 00 00 00 00 1E 40 00 00 00 00 00 00 1F 40 00 00 
R00:41:02   00 00 00 00 20 40 00 00 00 00 00 00 21 40 00 00 00 00 00 00 22 40 00 00 00 00 00 00 23 40 00 00 
R00:41:02   00 00 00 00 24 40 00 00 00 00 00 00 25 40 00 00 00 00 00 00 26 40 00 00 00 00 00 00 27 40 00 00 
R00:41:02   00 00 00 00 28 40 00 00 00 00 00 00 
R00:41:03   68 EA A4 5D 7E 06 0D 1C 14 00 3F 06 29 40 00 00 00 00 00 00 2A 40 00 00 00 00 00 00 2B 40 00 00 
R00:41:03   00 00 00 00 2C 40 00 00 00 00 00 00 2D 40 00 00 00 00 00 00 2E 40 00 00 00 00 00 00 2F 40 00 00 
R00:41:03   00 00 00 00 30 40 00 00 00 00 00 00 31 40 00 00 00 00 00 00 32 40 00 00 00 00 00 00 33 40 00 00 
R00:41:03   00 00 00 00 34 40 00 00 00 00 00 00 35 40 00 00 00 00 00 00 36 40 00 00 00 00 00 00 37 40 00 00 
R00:41:03   00 00 00 00 38 40 00 00 00 00 00 00 39 40 00 17 D9 0E 42 00 3A 40 00 D5 78 09 42 00 3B 40 00 A8 
R00:41:03   C6 11 42 00 3C 40 00 00 00 00 00 00 3D 40 00 A4 70 20 44 00 3E 40 00 15 AE 97 C1 00 3F 40 00 77 
R00:41:03   BE 7F 3F 00 40 40 00 00 00 00 00 00 41 40 00 00 00 00 00 00 42 40 00 00 00 00 00 00 43 40 00 00 
R00:41:03   00 00 00 00 44 40 00 81 95 82 42 00 
R00:41:03   68 3A A6 5D 7E 06 0D 06 14 00 3F 06 45 40 00 E1 7A 81 42 00 46 40 00 41 60 86 42 00 47 40 00 00 
R00:41:03   00 00 00 00 48 40 00 3E AA 94 C4 00 49 40 00 EB 51 B8 42 00 4A 40 00 64 3B 7F BF 00 
S00:41:03   68 04 01 00 A8 5D 
R00:41:04   68 0E A8 5D 7E 06 64 01 0A 00 3F 06 00 00 00 14 
S00:41:04   68 0E 7E 06 AA 5D 65 01 06 00 3F 06 00 00 00 05 
R00:41:05   68 0E AA 5D 80 06 65 01 07 00 3F 06 00 00 00 05 
R00:41:05   68 4A AC 5D 80 06 CE 08 25 00 3F 06 01 64 00 C6 E4 1B 49 00 02 64 00 66 66 03 44 00 03 64 00 67 
R00:41:05   66 FE 43 00 04 64 00 00 6E F4 47 00 05 64 00 00 00 AE 42 00 06 64 00 7F 90 F4 47 00 07 64 00 66 
R00:41:05   66 86 41 00 08 64 00 00 00 8A 42 00 
R00:41:06   68 82 AE 5D 80 06 CF 08 25 00 3F 06 09 64 00 00 DF 1B 49 00 00 00 1E 00 AC 06 1A 0A 64 00 66 66 
R00:41:06   03 44 00 00 00 1E 00 AC 06 1A 0B 64 00 67 66 FE 43 00 00 00 1E 00 AC 06 1A 0C 64 00 19 67 F4 47 
R00:41:06   00 00 00 1E 00 AC 06 1A 0D 64 00 00 00 AE 42 00 00 00 1E 00 AC 06 1A 0E 64 00 99 89 F4 47 00 00 
R00:41:06   00 1E 00 AC 06 1A 0F 64 00 66 66 86 41 00 00 00 1E 00 AC 06 1A 10 64 00 00 00 8A 42 00 00 00 1E 
R00:41:06   00 AC 06 1A 
R00:41:06   68 82 B0 5D 80 06 CF 08 25 00 3F 06 11 64 00 39 D0 1B 49 00 00 00 00 00 AC 06 1A 12 64 00 66 66 
R00:41:06   03 44 00 00 00 00 00 AC 06 1A 13 64 00 67 66 FE 43 00 00 00 00 00 AC 06 1A 14 64 00 66 55 F4 47 
R00:41:06   00 00 00 00 00 AC 06 1A 15 64 00 00 00 AE 42 00 00 00 00 00 AC 06 1A 16 64 00 E7 77 F4 47 00 00 
R00:41:06   00 00 00 AC 06 1A 17 64 00 66 66 86 41 00 00 00 00 00 AC 06 1A 18 64 00 00 00 8A 42 00 00 00 00 
R00:41:06   00 AC 06 1A 
S00:41:06   68 04 01 00 B2 5D 
R00:41:07   68 82 B2 5D 80 06 CF 08 25 00 3F 06 19 64 00 00 00 00 00 00 00 00 00 00 AC 06 1A 1A 64 00 00 00 
R00:41:07   00 00 00 00 00 00 00 AC 06 1A 1B 64 00 00 00 00 00 00 00 00 00 00 AC 06 1A 1C 64 00 00 00 00 00 
R00:41:07   00 00 00 00 00 AC 06 1A 1D 64 00 00 00 00 00 00 00 00 00 00 AC 06 1A 1E 64 00 00 00 00 00 00 00 
R00:41:07   00 00 00 AC 06 1A 1F 64 00 00 00 00 00 00 00 00 00 00 AC 06 1A 20 64 00 00 00 00 00 00 00 00 00 
R00:41:07   00 AC 06 1A 
R00:41:07   68 4A B4 5D 80 06 CE 08 25 00 3F 06 21 64 00 CC CC 41 43 00 22 64 00 34 33 0B 43 00 23 64 00 66 
R00:41:07   66 AA 42 00 24 64 00 CD CC EE 42 00 25 64 00 CD CC C4 42 00 26 64 00 CC CC 29 43 00 27 64 00 FF 
R00:41:07   FF 57 42 00 28 64 00 99 99 49 42 00 
R00:41:08   68 82 B6 5D 80 06 CF 08 25 00 3F 06 29 64 00 CC CC 41 43 00 00 00 1E 00 AC 06 1A 2A 64 00 34 33 
R00:41:08   0B 43 00 00 00 1E 00 AC 06 1A 2B 64 00 66 66 AA 42 00 00 00 1E 00 AC 06 1A 2C 64 00 CD CC EE 42 
R00:41:08   00 00 00 1E 00 AC 06 1A 2D 64 00 CD CC C4 42 00 00 00 1E 00 AC 06 1A 2E 64 00 CC CC 29 43 00 00 
R00:41:08   00 1E 00 AC 06 1A 2F 64 00 FF FF 57 42 00 00 00 1E 00 AC 06 1A 30 64 00 99 99 49 42 00 00 00 1E 
R00:41:08   00 AC 06 1A 
R00:41:08   68 82 B8 5D 80 06 CF 08 25 00 3F 06 31 64 00 CC CC 41 43 00 00 00 00 00 AC 06 1A 32 64 00 34 33 
R00:41:08   0B 43 00 00 00 00 00 AC 06 1A 33 64 00 66 66 AA 42 00 00 00 00 00 AC 06 1A 34 64 00 CD CC EE 42 
R00:41:08   00 00 00 00 00 AC 06 1A 35 64 00 CD CC C4 42 00 00 00 00 00 AC 06 1A 36 64 00 CC CC 29 43 00 00 
R00:41:08   00 00 00 AC 06 1A 37 64 00 FF FF 57 42 00 00 00 00 00 AC 06 1A 38 64 00 99 99 49 42 00 00 00 00 
R00:41:08   00 AC 06 1A 
S00:41:08   68 04 01 00 BA 5D 
R00:41:08   68 82 BA 5D 80 06 CF 08 25 00 3F 06 39 64 00 00 00 00 00 00 00 00 00 00 AC 06 1A 3A 64 00 00 00 
R00:41:08   00 00 00 00 00 00 00 AC 06 1A 3B 64 00 00 00 00 00 00 00 00 00 00 AC 06 1A 3C 64 00 00 00 00 00 
R00:41:08   00 00 00 00 00 AC 06 1A 3D 64 00 00 00 00 00 00 00 00 00 00 AC 06 1A 3E 64 00 00 00 00 00 00 00 
R00:41:08   00 00 00 AC 06 1A 3F 64 00 00 00 00 00 00 00 00 00 00 AC 06 1A 40 64 00 00 00 00 00 00 00 00 00 
R00:41:08   00 AC 06 1A 
R00:41:09   68 4A BC 5D 80 06 CE 08 25 00 3F 06 41 64 00 CC CC 5F 43 00 42 64 00 33 33 47 43 00 43 64 00 9A 
R00:41:09   99 22 43 00 44 64 00 CC CC 74 42 00 45 64 00 00 00 A8 42 00 46 64 00 00 00 F6 42 00 47 64 00 66 
R00:41:09   66 12 42 00 48 64 00 34 33 77 42 00 
R00:41:10   68 82 BE 5D 80 06 CF 08 25 00 3F 06 49 64 00 CC CC 5F 43 00 00 00 1E 00 AC 06 1A 4A 64 00 33 33 
R00:41:10   47 43 00 00 00 1E 00 AC 06 1A 4B 64 00 9A 99 22 43 00 00 00 1E 00 AC 06 1A 4C 64 00 CC CC 74 42 
R00:41:10   00 00 00 1E 00 AC 06 1A 4D 64 00 00 00 A8 42 00 00 00 1E 00 AC 06 1A 4E 64 00 00 00 F6 42 00 00 
R00:41:10   00 1E 00 AC 06 1A 4F 64 00 66 66 12 42 00 00 00 1E 00 AC 06 1A 50 64 00 34 33 77 42 00 00 00 1E 
R00:41:10   00 AC 06 1A 
S00:41:10   68 04 01 00 C0 5D 
R00:41:10   68 82 C0 5D 80 06 CF 08 25 00 3F 06 51 64 00 CC CC 5F 43 00 00 00 00 00 AC 06 1A 52 64 00 33 33 
R00:41:10   47 43 00 00 00 00 00 AC 06 1A 53 64 00 9A 99 22 43 00 00 00 00 00 AC 06 1A 54 64 00 CC CC 74 42 
R00:41:10   00 00 00 00 00 AC 06 1A 55 64 00 00 00 A8 42 00 00 00 00 00 AC 06 1A 56 64 00 00 00 F6 42 00 00 
R00:41:10   00 00 00 AC 06 1A 57 64 00 66 66 12 42 00 00 00 00 00 AC 06 1A 58 64 00 34 33 77 42 00 00 00 00 
R00:41:10   00 AC 06 1A 
R00:41:11   68 82 C2 5D 80 06 CF 08 25 00 3F 06 59 64 00 00 00 00 00 00 00 00 00 00 AC 06 1A 5A 64 00 00 00 
R00:41:11   00 00 00 00 00 00 00 AC 06 1A 5B 64 00 00 00 00 00 00 00 00 00 00 AC 06 1A 5C 64 00 00 00 00 00 
R00:41:11   00 00 00 00 00 AC 06 1A 5D 64 00 00 00 00 00 00 00 00 00 00 AC 06 1A 5E 64 00 00 00 00 00 00 00 
R00:41:11   00 00 00 AC 06 1A 5F 64 00 00 00 00 00 00 00 00 00 00 AC 06 1A 60 64 00 00 00 00 00 00 00 00 00 
R00:41:11   00 AC 06 1A 
R00:41:11   68 4A C4 5D 80 06 CE 08 25 00 3F 06 61 64 00 34 A2 0B 48 00 62 64 00 66 66 18 43 00 63 64 00 99 
R00:41:11   99 C9 42 00 64 64 00 99 A9 6F 46 00 65 64 00 34 33 8B 42 00 66 64 00 CC 70 70 46 00 67 64 00 67 
R00:41:11   66 4E 42 00 68 64 00 33 33 47 42 00 
R00:41:11   68 82 C6 5D 80 06 CF 08 25 00 3F 06 69 64 00 66 A0 0B 48 00 00 00 1E 00 AC 06 1A 6A 64 00 66 66 
R00:41:11   18 43 00 00 00 1E 00 AC 06 1A 6B 64 00 99 99 C9 42 00 00 00 1E 00 AC 06 1A 6C 64 00 34 A7 6F 46 
R00:41:11   00 00 00 1E 00 AC 06 1A 6D 64 00 34 33 8B 42 00 00 00 1E 00 AC 06 1A 6E 64 00 66 6E 70 46 00 00 
R00:41:11   00 1E 00 AC 06 1A 6F 64 00 67 66 4E 42 00 00 00 1E 00 AC 06 1A 70 64 00 33 33 47 42 00 00 00 1E 
R00:41:11   00 AC 06 1A 
S00:41:11   68 04 01 00 C8 5D 
R00:41:12   68 82 C8 5D 80 06 CF 08 25 00 3F 06 71 64 00 8C 9A 0B 48 00 00 00 00 00 AC 06 1A 72 64 00 66 66 
R00:41:12   18 43 00 00 00 00 00 AC 06 1A 73 64 00 99 99 C9 42 00 00 00 00 00 AC 06 1A 74 64 00 00 A0 6F 46 
R00:41:12   00 00 00 00 00 AC 06 1A 75 64 00 34 33 8B 42 00 00 00 00 00 AC 06 1A 76 64 00 34 67 70 46 00 00 
R00:41:12   00 00 00 AC 06 1A 77 64 00 67 66 4E 42 00 00 00 00 00 AC 06 1A 78 64 00 33 33 47 42 00 00 00 00 
R00:41:12   00 AC 06 1A 
R00:41:12   68 82 CA 5D 80 06 CF 08 25 00 3F 06 79 64 00 FF 44 DE 47 00 3A AE 25 0D F1 05 1A 7A 64 00 66 66 
R00:41:12   18 43 00 3A AE 25 0D F1 05 1A 7B 64 00 99 99 C9 42 00 3A AE 25 0D F1 05 1A 7C 64 00 67 46 50 46 
R00:41:12   00 3A AE 25 0D F1 05 1A 7D 64 00 34 33 8B 42 00 3A AE 25 0D F1 05 1A 7E 64 00 33 0B 51 46 00 3A 
R00:41:12   AE 25 0D F1 05 1A 7F 64 00 67 66 4E 42 00 3A AE 25 0D F1 05 1A 80 64 00 CD CC 44 42 00 3A AE 25 
R00:41:12   0D F1 05 1A 
R00:41:13   68 4A CC 5D 80 06 CE 08 25 00 3F 06 81 64 00 91 75 48 4A 00 82 64 00 CC 6C 38 46 00 83 64 00 9A 
R00:41:13   31 2A 46 00 84 64 00 E7 48 F0 47 00 85 64 00 CC 4C 8A 43 00 86 64 00 34 7C F0 47 00 87 64 00 34 
R00:41:13   B3 63 44 00 88 64 00 34 33 CD 42 00 
R00:41:13   68 82 CE 5D 80 06 CF 08 25 00 3F 06 89 64 00 91 73 48 4A 00 00 00 1E 00 AC 06 1A 8A 64 00 CC 6C 
R00:41:13   38 46 00 00 00 1E 00 AC 06 1A 8B 64 00 9A 31 2A 46 00 00 00 1E 00 AC 06 1A 8C 64 00 80 46 F0 47 
R00:41:13   00 00 00 1E 00 AC 06 1A 8D 64 00 CC 4C 8A 43 00 00 00 1E 00 AC 06 1A 8E 64 00 CC 79 F0 47 00 00 
R00:41:13   00 1E 00 AC 06 1A 8F 64 00 34 B3 63 44 00 00 00 1E 00 AC 06 1A 90 64 00 34 33 CD 42 00 00 00 1E 
R00:41:13   00 AC 06 1A 
S00:41:13   68 04 01 00 D0 5D 
R00:41:14   68 82 D0 5D 80 06 CF 08 25 00 3F 06 91 64 00 AE 6C 48 4A 00 00 00 00 00 AC 06 1A 92 64 00 CC 6C 
R00:41:14   38 46 00 00 00 00 00 AC 06 1A 93 64 00 9A 31 2A 46 00 00 00 00 00 AC 06 1A 94 64 00 B3 3E F0 47 
R00:41:14   00 00 00 00 00 AC 06 1A 95 64 00 CC 4C 8A 43 00 00 00 00 00 AC 06 1A 96 64 00 00 72 F0 47 00 00 
R00:41:14   00 00 00 AC 06 1A 97 64 00 34 B3 63 44 00 00 00 00 00 AC 06 1A 98 64 00 34 33 CD 42 00 00 00 00 
R00:41:14   00 AC 06 1A 
R00:41:14   68 82 D2 5D 80 06 CF 08 25 00 3F 06 99 64 00 2B C0 DB 49 00 BB 6F 25 0B 6F 04 1A 9A 64 00 00 00 
R00:41:14   99 44 00 BB 6F 25 0B 6F 04 1A 9B 64 00 9A 99 9C 43 00 BB 6F 25 0B 6F 04 1A 9C 64 00 CC 8A AC 47 
R00:41:14   00 BB 6F 25 0B 6F 04 1A 9D 64 00 66 66 89 43 00 BB 6F 25 0B 6F 04 1A 9E 64 00 19 BE AC 47 00 BB 
R00:41:14   6F 25 0B 6F 04 1A 9F 64 00 34 B3 63 44 00 BB 6F 25 0B 6F 04 1A A0 64 00 34 33 CD 42 00 BB 6F 25 
R00:41:14   0B 6F 04 1A 
R00:41:15   68 4A D4 5D 80 06 CE 08 25 00 3F 06 A1 64 00 33 73 4C 44 00 A2 64 00 A7 9B 69 48 00 A3 64 00 98 
R00:41:15   99 CF 42 00 A4 64 00 66 26 AE 44 00 A5 64 00 5D 46 79 4A 00 A6 64 00 34 5B F9 45 00 A7 64 00 B3 
R00:41:15   81 69 48 00 A8 64 00 9A D1 CD 45 00 
S00:41:15   68 04 01 00 D6 5D 
R00:41:15   68 82 D6 5D 80 06 CF 08 25 00 3F 06 A9 64 00 33 73 4C 44 00 00 00 1E 00 AC 06 1A AA 64 00 27 97 
R00:41:15   69 48 00 00 00 1E 00 AC 06 1A AB 64 00 98 99 CF 42 00 00 00 1E 00 AC 06 1A AC 64 00 66 26 AE 44 
R00:41:15   00 00 00 1E 00 AC 06 1A AD 64 00 C9 42 79 4A 00 00 00 1E 00 AC 06 1A AE 64 00 34 5B F9 45 00 00 
R00:41:15   00 1E 00 AC 06 1A AF 64 00 33 7D 69 48 00 00 00 1E 00 AC 06 1A B0 64 00 9A D1 CD 45 00 00 00 1E 
R00:41:15   00 AC 06 1A 
R00:41:16   68 82 D8 5D 80 06 CF 08 25 00 3F 06 B1 64 00 33 73 4C 44 00 00 00 00 00 AC 06 1A B2 64 00 27 8B 
R00:41:16   69 48 00 00 00 00 00 AC 06 1A B3 64 00 98 99 CF 42 00 00 00 00 00 AC 06 1A B4 64 00 66 26 AE 44 
R00:41:16   00 00 00 00 00 AC 06 1A B5 64 00 CB 37 79 4A 00 00 00 00 00 AC 06 1A B6 64 00 34 5B F9 45 00 00 
R00:41:16   00 00 00 AC 06 1A B7 64 00 34 71 69 48 00 00 00 00 00 AC 06 1A B8 64 00 9A D1 CD 45 00 00 00 00 
R00:41:16   00 AC 06 1A 
R00:41:16   68 82 DA 5D 80 06 CF 08 25 00 3F 06 B9 64 00 33 73 4C 44 00 7A 6D 25 0B 6F 04 1A BA 64 00 00 A3 
R00:41:16   1E 48 00 7A 6D 25 0B 6F 04 1A BB 64 00 98 99 CF 42 00 7A 6D 25 0B 6F 04 1A BC 64 00 66 26 AE 44 
R00:41:16   00 7A 6D 25 0B 6F 04 1A BD 64 00 7A F6 0A 4A 00 7A 6D 25 0B 6F 04 1A BE 64 00 CC 0C BB 44 00 7A 
R00:41:16   6D 25 0B 6F 04 1A BF 64 00 0D 89 1E 48 00 7A 6D 25 0B 6F 04 1A C0 64 00 67 66 CE 42 00 7A 6D 25 
R00:41:16   0B 6F 04 1A 
R00:41:16   68 0E DC 5D 80 06 65 01 0A 00 3F 06 00 00 00 05 
S00:41:16   68 14 80 06 DE 5D 67 01 06 00 3F 06 00 00 00 EB 3E 29 00 AC 06 1A 
R00:41:17   68 14 DE 5D 82 06 67 01 07 00 3F 06 00 00 00 EB 3E 29 00 AC 06 1A 
S00:41:26   68 04 01 00 E0 5D 
S00:41:42   68 04 43 00 00 00 
R00:41:43   68 04 83 00 00 00 
S00:41:59   68 04 43 00 00 00 
R00:42:00   68 04 83 00 00 00 
S00:42:16   68 04 43 00 00 00 
R00:42:17   68 04 83 00 00 00 
S00:42:33   68 04 43 00 00 00 
R00:42:34   68 04 83 00 00 00 
S00:42:50   68 04 43 00 00 00 
R00:42:51   68 04 83 00 00 00 
S00:43:07   68 04 43 00 00 00 
R00:43:08   68 04 83 00 00 00 
S00:43:24   68 04 43 00 00 00 
R00:43:25   68 04 83 00 00 00 
S00:43:41   68 04 43 00 00 00 
R00:43:42   68 04 83 00 00 00 
S00:43:58   68 04 43 00 00 00 
R00:43:58   68 04 83 00 00 00 
S00:44:14   68 04 43 00 00 00 
R00:44:14   68 04 83 00 00 00 
S00:44:30   68 04 43 00 00 00 
R00:44:30   68 04 83 00 00 00 
S00:44:46   68 04 43 00 00 00 
R00:44:46   68 04 83 00 00 00 
S00:45:02   68 04 43 00 00 00 
R00:45:02   68 04 83 00 00 00 
S00:45:18   68 04 43 00 00 00 
R00:45:18   68 04 83 00 00 00 
S00:45:34   68 04 43 00 00 00 
R00:45:34   68 04 83 00 00 00 
S00:45:50   68 04 43 00 00 00 
R00:45:50   68 04 83 00 00 00 
S00:46:06   68 04 43 00 00 00 
R00:46:06   68 04 83 00 00 00 
S00:46:22   68 04 43 00 00 00 
R00:46:22   68 04 83 00 00 00 
S00:46:38   68 04 43 00 00 00 
R00:46:38   68 04 83 00 00 00 
S00:46:54   68 04 43 00 00 00 
R00:46:54   68 04 83 00 00 00 
S00:47:10   68 04 43 00 00 00 
R00:47:10   68 04 83 00 00 00 
S00:47:26   68 04 43 00 00 00 
R00:47:26   68 04 83 00 00 00 
S00:47:42   68 04 43 00 00 00 
R00:47:42   68 04 83 00 00 00 
S00:47:58   68 04 43 00 00 00 
R00:47:58   68 04 83 00 00 00 
R00:48:11   68 12 E0 5D 82 06 0D 01 03 00 3F 06 46 40 00 82 C0 74 42 00 
S00:48:11   68 04 01 00 E2 5D 
S00:48:27   68 04 43 00 00 00 
R00:48:27   68 04 83 00 00 00 
S00:48:43   68 04 43 00 00 00 
R00:48:43   68 04 83 00 00 00 
S00:48:59   68 04 43 00 00 00 
R00:48:59   68 04 83 00 00 00 
S00:49:15   68 04 43 00 00 00 
R00:49:15   68 04 83 00 00 00 
S00:49:31   68 04 43 00 00 00 
R00:49:31   68 04 83 00 00 00 
S00:49:47   68 04 43 00 00 00 
R00:49:47   68 04 83 00 00 00 
S00:50:03   68 04 43 00 00 00 
R00:50:03   68 04 83 00 00 00 
S00:50:19   68 04 43 00 00 00 
R00:50:19   68 04 83 00 00 00 
S00:50:35   68 04 43 00 00 00 
R00:50:35   68 04 83 00 00 00 
S00:50:51   68 04 43 00 00 00 
R00:50:51   68 04 83 00 00 00 
S00:51:07   68 04 43 00 00 00 
R00:51:07   68 04 83 00 00 00 
S00:51:23   68 04 43 00 00 00 
R00:51:23   68 04 83 00 00 00 
S00:51:39   68 04 43 00 00 00 
R00:51:39   68 04 83 00 00 00 
S00:51:55   68 04 43 00 00 00 
R00:51:55   68 04 83 00 00 00 
S00:52:11   68 04 43 00 00 00 
R00:52:11   68 04 83 00 00 00 
S00:52:27   68 04 43 00 00 00 
R00:52:27   68 04 83 00 00 00 
S00:52:43   68 04 43 00 00 00 
R00:52:43   68 04 83 00 00 00 
S00:52:59   68 04 43 00 00 00 
R00:52:59   68 04 83 00 00 00 
R00:53:01   68 12 E2 5D 82 06 0D 01 03 00 3F 06 45 40 00 BE 9F 6A 42 00 
S00:53:02   68 04 01 00 E4 5D 
R00:53:03   68 12 E4 5D 82 06 0D 01 03 00 3F 06 44 40 00 FE D4 6C 42 00 
S00:53:13   68 04 01 00 E6 5D 
R00:53:28   68 12 E6 5D 82 06 0D 01 03 00 3F 06 02 40 00 8F C2 54 42 00 
S00:53:28   68 04 01 00 E8 5D 
R00:53:30   68 12 E8 5D 82 06 0D 01 03 00 3F 06 0F 40 00 45 B6 B3 41 00 
R00:53:32   68 1A EA 5D 82 06 0D 02 03 00 3F 06 0D 40 00 FB A9 AD 41 00 0E 40 00 6E 12 B7 41 00 
R00:53:33   68 12 EC 5D 82 06 0D 01 03 00 3F 06 02 40 00 A4 70 56 42 00 
S00:53:33   68 04 01 00 EE 5D 
R00:53:35   68 12 EE 5D 82 06 0D 01 03 00 3F 06 02 40 00 85 EB 57 42 00 
R00:53:36   68 12 F0 5D 82 06 0D 01 03 00 3F 06 02 40 00 7B 14 59 42 00 
R00:53:38   68 12 F2 5D 82 06 0D 01 03 00 3F 06 02 40 00 71 3D 5B 42 00 
S00:53:39   68 04 01 00 F4 5D 
R00:53:42   68 12 F4 5D 82 06 0D 01 03 00 3F 06 02 40 00 9A 99 5C 42 00 
R00:53:45   68 12 F6 5D 82 06 0D 01 03 00 3F 06 02 40 00 F6 28 5E 42 00 
S00:53:50   68 04 01 00 F8 5D 
R00:53:50   68 12 F8 5D 82 06 0D 01 03 00 3F 06 02 40 00 E1 7A 5F 42 00 
R00:53:53   68 12 FA 5D 82 06 0D 01 03 00 3F 06 02 40 00 00 00 61 42 00 
S00:54:01   68 04 01 00 FC 5D 
R00:54:03   68 12 FC 5D 82 06 0D 01 03 00 3F 06 02 40 00 F6 28 62 42 00 
S00:54:12   68 04 01 00 FE 5D 
S00:54:28   68 04 43 00 00 00 
R00:54:29   68 04 83 00 00 00 
S00:54:45   68 04 43 00 00 00 
R00:54:46   68 04 83 00 00 00 
S00:55:02   68 04 43 00 00 00 
R00:55:03   68 04 83 00 00 00 
S00:55:19   68 04 43 00 00 00 
R00:55:20   68 04 83 00 00 00 
S00:55:36   68 04 43 00 00 00 
R00:55:37   68 04 83 00 00 00 
R00:55:38   68 12 FE 5D 82 06 0D 01 03 00 3F 06 02 40 00 33 33 63 42 00 
S00:55:38   68 04 01 00 00 5E 
S00:55:54   68 04 43 00 00 00 
R00:55:55   68 04 83 00 00 00 
S00:55:59   68 0E 82 06 00 5E 64 01 06 00 3F 06 00 00 00 14 
R00:56:00   68 0E 00 5E 84 06 64 01 07 00 3F 06 00 00 00 14 
R00:56:00   68 E6 02 5E 84 06 01 37 14 00 3F 06 01 00 00 00 02 00 00 00 03 00 00 00 04 00 00 00 05 00 00 00 
R00:56:00   06 00 00 00 07 00 00 01 08 00 00 00 09 00 00 00 0A 00 00 00 0B 00 00 00 0C 00 00 00 0D 00 00 00 
R00:56:00   0E 00 00 00 0F 00 00 00 10 00 00 00 11 00 00 00 12 00 00 00 13 00 00 00 14 00 00 00 15 00 00 00 
R00:56:00   16 00 00 00 17 00 00 00 18 00 00 00 19 00 00 00 1A 00 00 01 1B 00 00 01 1C 00 00 00 1D 00 00 01 
R00:56:00   1E 00 00 01 1F 00 00 01 20 00 00 00 21 00 00 00 22 00 00 00 23 00 00 00 24 00 00 00 25 00 00 00 
R00:56:00   26 00 00 00 27 00 00 00 28 00 00 00 29 00 00 01 2A 00 00 00 2B 00 00 00 2C 00 00 00 2D 00 00 00 
R00:56:00   2E 00 00 00 2F 00 00 00 30 00 00 00 31 00 00 00 32 00 00 00 33 00 00 00 34 00 00 00 35 00 00 00 
R00:56:00   36 00 00 00 37 00 00 00 
S00:56:00   68 04 01 00 04 5E 
R00:56:01   68 D2 04 5E 84 06 01 32 14 00 3F 06 38 00 00 00 39 00 00 00 3A 00 00 00 3B 00 00 01 3C 00 00 00 
R00:56:01   3D 00 00 00 3E 00 00 01 3F 00 00 01 40 00 00 00 41 00 00 00 42 00 00 01 43 00 00 00 44 00 00 00 
R00:56:01   45 00 00 00 46 00 00 00 47 00 00 00 48 00 00 00 49 00 00 00 4A 00 00 01 4B 00 00 00 4C 00 00 00 
R00:56:01   4D 00 00 00 4E 00 00 00 4F 00 00 00 50 00 00 00 51 00 00 00 52 00 00 00 53 00 00 00 54 00 00 00 
R00:56:01   55 00 00 00 56 00 00 00 57 00 00 00 58 00 00 00 59 00 00 00 5A 00 00 00 5B 00 00 00 5C 00 00 01 
R00:56:01   5D 00 00 00 5E 00 00 00 5F 00 00 01 60 00 00 01 61 00 00 00 62 00 00 00 63 00 00 01 64 00 00 00 
R00:56:01   65 00 00 00 66 00 00 00 67 00 00 00 68 00 00 00 69 00 00 00 
R00:56:01   68 E6 06 5E 84 06 01 37 14 00 3F 06 69 00 00 00 6A 00 00 01 6B 00 00 00 6C 00 00 00 6D 00 00 00 
R00:56:01   6E 00 00 00 6F 00 00 00 70 00 00 00 71 00 00 00 72 00 00 00 73 00 00 00 74 00 00 00 75 00 00 00 
R00:56:01   76 00 00 00 77 00 00 00 78 00 00 00 79 00 00 00 7A 00 00 00 7B 00 00 00 7C 00 00 00 7D 00 00 01 
R00:56:01   7E 00 00 01 7F 00 00 00 80 00 00 01 81 00 00 01 82 00 00 01 83 00 00 00 84 00 00 00 85 00 00 00 
R00:56:01   86 00 00 00 87 00 00 00 88 00 00 00 89 00 00 00 8A 00 00 00 8B 00 00 01 8C 00 00 00 8D 00 00 00 
R00:56:01   8E 00 00 00 8F 00 00 00 90 00 00 00 91 00 00 00 92 00 00 00 93 00 00 00 94 00 00 00 95 00 00 00 
R00:56:01   96 00 00 00 97 00 00 00 98 00 00 00 99 00 00 00 9A 00 00 00 9B 00 00 00 9C 00 00 00 9D 00 00 00 
R00:56:01   9E 00 00 01 9F 00 00 00 
R00:56:02   68 A6 08 5E 84 06 01 27 14 00 3F 06 A0 00 00 00 A1 00 00 01 A2 00 00 01 A3 00 00 01 A4 00 00 00 
R00:56:02   A5 00 00 00 A6 00 00 00 A7 00 00 00 A8 00 00 00 A9 00 00 00 AA 00 00 00 AB 00 00 00 AC 00 00 01 
R00:56:02   AD 00 00 00 AE 00 00 00 AF 00 00 00 B0 00 00 00 B1 00 00 00 B2 00 00 00 B3 00 00 00 B4 00 00 00 
R00:56:02   B5 00 00 00 B6 00 00 00 B7 00 00 00 B8 00 00 00 B9 00 00 00 BA 00 00 00 BB 00 00 00 BC 00 00 00 
R00:56:02   BD 00 00 00 BE 00 00 00 BF 00 00 01 C0 00 00 00 C1 00 00 00 C2 00 00 01 C3 00 00 01 C4 00 00 01 
R00:56:02   C5 00 00 00 C6 00 00 00 
R00:56:02   68 EA 0A 5E 84 06 0D 1C 14 00 3F 06 01 40 00 00 00 65 43 00 02 40 00 33 33 63 42 00 03 40 00 29 
R00:56:02   5C 27 41 00 04 40 00 00 00 00 00 00 05 40 00 D9 CE 27 41 00 06 40 00 00 00 00 00 00 07 40 00 BE 
R00:56:02   1F 48 42 00 08 40 00 00 00 00 00 00 09 40 00 00 00 00 00 00 0A 40 00 00 00 00 00 00 0B 40 00 00 
R00:56:02   00 00 00 00 0C 40 00 00 00 00 00 00 0D 40 00 9E EF 9F 41 00 0E 40 00 08 AC A8 41 00 0F 40 00 F0 
R00:56:02   A7 A6 41 00 10 40 00 00 00 00 00 00 11 40 00 15 2E B7 43 00 12 40 00 8F C2 8F C2 00 13 40 00 D1 
R00:56:02   22 7B 3F 00 14 40 00 00 00 00 00 00 15 40 00 00 00 00 00 00 16 40 00 00 00 00 00 00 17 40 00 00 
R00:56:02   00 00 00 00 18 40 00 00 00 00 00 00 19 40 00 00 00 00 00 00 1A 40 00 00 00 00 00 00 1B 40 00 00 
R00:56:02   00 00 00 00 1C 40 00 00 00 00 00 00 
S00:56:02   68 04 01 00 0C 5E 
R00:56:03   68 6A 0C 5E 84 06 0D 0C 14 00 3F 06 1D 40 00 00 00 00 00 00 1E 40 00 00 00 00 00 00 1F 40 00 00 
R00:56:03   00 00 00 00 20 40 00 00 00 00 00 00 21 40 00 00 00 00 00 00 22 40 00 00 00 00 00 00 23 40 00 00 
R00:56:03   00 00 00 00 24 40 00 00 00 00 00 00 25 40 00 00 00 00 00 00 26 40 00 00 00 00 00 00 27 40 00 00 
R00:56:03   00 00 00 00 28 40 00 00 00 00 00 00 
R00:56:03   68 EA 0E 5E 84 06 0D 1C 14 00 3F 06 29 40 00 00 00 00 00 00 2A 40 00 00 00 00 00 00 2B 40 00 00 
R00:56:03   00 00 00 00 2C 40 00 00 00 00 00 00 2D 40 00 00 00 00 00 00 2E 40 00 00 00 00 00 00 2F 40 00 00 
R00:56:03   00 00 00 00 30 40 00 00 00 00 00 00 31 40 00 00 00 00 00 00 32 40 00 00 00 00 00 00 33 40 00 00 
R00:56:03   00 00 00 00 34 40 00 00 00 00 00 00 35 40 00 00 00 00 00 00 36 40 00 00 00 00 00 00 37 40 00 00 
R00:56:03   00 00 00 00 38 40 00 00 00 00 00 00 39 40 00 DF 4F 13 42 00 3A 40 00 6E 12 07 42 00 3B 40 00 B9 
R00:56:03   1E 07 42 00 3C 40 00 00 00 00 00 00 3D 40 00 8F 42 1D 44 00 3E 40 00 B8 1E 55 C1 00 3F 40 00 77 
R00:56:03   BE 7F 3F 00 40 40 00 00 00 00 00 00 41 40 00 00 00 00 00 00 42 40 00 00 00 00 00 00 43 40 00 00 
R00:56:03   00 00 00 00 44 40 00 A4 70 6B 42 00 
R00:56:04   68 3A 10 5E 84 06 0D 06 14 00 3F 06 45 40 00 21 B0 60 42 00 46 40 00 B2 9D 63 42 00 47 40 00 00 
R00:56:04   00 00 00 00 48 40 00 F6 A8 81 C4 00 49 40 00 8F C2 A1 42 00 4A 40 00 DB F9 7E BF 00 
S00:56:04   68 04 01 00 12 5E 
R00:56:04   68 0E 12 5E 84 06 64 01 0A 00 3F 06 00 00 00 14 
S00:56:04   68 0E 84 06 14 5E 65 01 06 00 3F 06 00 00 00 05 
R00:56:05   68 0E 14 5E 86 06 65 01 07 00 3F 06 00 00 00 05 
R00:56:05   68 4A 16 5E 86 06 CE 08 25 00 3F 06 01 64 00 DD EB 1B 49 00 02 64 00 66 66 03 44 00 03 64 00 67 
R00:56:05   66 FE 43 00 04 64 00 E7 77 F4 47 00 05 64 00 00 00 AE 42 00 06 64 00 67 9A F4 47 00 07 64 00 66 
R00:56:05   66 86 41 00 08 64 00 00 00 8A 42 00 
R00:56:05   68 82 18 5E 86 06 CF 08 25 00 3F 06 09 64 00 E0 E6 1B 49 00 00 00 2D 00 AC 06 1A 0A 64 00 66 66 
R00:56:05   03 44 00 00 00 2D 00 AC 06 1A 0B 64 00 67 66 FE 43 00 00 00 2D 00 AC 06 1A 0C 64 00 FF 70 F4 47 
R00:56:05   00 00 00 2D 00 AC 06 1A 0D 64 00 00 00 AE 42 00 00 00 2D 00 AC 06 1A 0E 64 00 80 93 F4 47 00 00 
R00:56:05   00 2D 00 AC 06 1A 0F 64 00 66 66 86 41 00 00 00 2D 00 AC 06 1A 10 64 00 00 00 8A 42 00 00 00 2D 
R00:56:05   00 AC 06 1A 
S00:56:05   68 04 01 00 1A 5E 
R00:56:06   68 82 1A 5E 86 06 CF 08 25 00 3F 06 11 64 00 39 D0 1B 49 00 00 00 00 00 AC 06 1A 12 64 00 66 66 
R00:56:06   03 44 00 00 00 00 00 AC 06 1A 13 64 00 67 66 FE 43 00 00 00 00 00 AC 06 1A 14 64 00 66 55 F4 47 
R00:56:06   00 00 00 00 00 AC 06 1A 15 64 00 00 00 AE 42 00 00 00 00 00 AC 06 1A 16 64 00 E7 77 F4 47 00 00 
R00:56:06   00 00 00 AC 06 1A 17 64 00 66 66 86 41 00 00 00 00 00 AC 06 1A 18 64 00 00 00 8A 42 00 00 00 00 
R00:56:06   00 AC 06 1A 
R00:56:06   68 82 1C 5E 86 06 CF 08 25 00 3F 06 19 64 00 00 00 00 00 00 00 00 00 00 AC 06 1A 1A 64 00 00 00 
R00:56:06   00 00 00 00 00 00 00 AC 06 1A 1B 64 00 00 00 00 00 00 00 00 00 00 AC 06 1A 1C 64 00 00 00 00 00 
R00:56:06   00 00 00 00 00 AC 06 1A 1D 64 00 00 00 00 00 00 00 00 00 00 AC 06 1A 1E 64 00 00 00 00 00 00 00 
R00:56:06   00 00 00 AC 06 1A 1F 64 00 00 00 00 00 00 00 00 00 00 AC 06 1A 20 64 00 00 00 00 00 00 00 00 00 
R00:56:06   00 AC 06 1A 
R00:56:07   68 4A 1E 5E 86 06 CE 08 25 00 3F 06 21 64 00 CC CC 41 43 00 22 64 00 34 33 0B 43 00 23 64 00 66 
R00:56:07   66 AA 42 00 24 64 00 CD CC EE 42 00 25 64 00 CD CC C4 42 00 26 64 00 CC CC 29 43 00 27 64 00 FF 
R00:56:07   FF 57 42 00 28 64 00 99 99 49 42 00 
S00:56:07   68 04 01 00 20 5E 
R00:56:07   68 82 20 5E 86 06 CF 08 25 00 3F 06 29 64 00 CC CC 41 43 00 00 00 2D 00 AC 06 1A 2A 64 00 34 33 
R00:56:07   0B 43 00 00 00 2D 00 AC 06 1A 2B 64 00 66 66 AA 42 00 00 00 2D 00 AC 06 1A 2C 64 00 CD CC EE 42 
R00:56:07   00 00 00 2D 00 AC 06 1A 2D 64 00 CD CC C4 42 00 00 00 2D 00 AC 06 1A 2E 64 00 CC CC 29 43 00 00 
R00:56:07   00 2D 00 AC 06 1A 2F 64 00 FF FF 57 42 00 00 00 2D 00 AC 06 1A 30 64 00 99 99 49 42 00 00 00 2D 
R00:56:07   00 AC 06 1A 
R00:56:08   68 82 22 5E 86 06 CF 08 25 00 3F 06 31 64 00 CC CC 41 43 00 00 00 00 00 AC 06 1A 32 64 00 34 33 
R00:56:08   0B 43 00 00 00 00 00 AC 06 1A 33 64 00 66 66 AA 42 00 00 00 00 00 AC 06 1A 34 64 00 CD CC EE 42 
R00:56:08   00 00 00 00 00 AC 06 1A 35 64 00 CD CC C4 42 00 00 00 00 00 AC 06 1A 36 64 00 CC CC 29 43 00 00 
R00:56:08   00 00 00 AC 06 1A 37 64 00 FF FF 57 42 00 00 00 00 00 AC 06 1A 38 64 00 99 99 49 42 00 00 00 00 
R00:56:08   00 AC 06 1A 
R00:56:08   68 82 24 5E 86 06 CF 08 25 00 3F 06 39 64 00 00 00 00 00 00 00 00 00 00 AC 06 1A 3A 64 00 00 00 
R00:56:08   00 00 00 00 00 00 00 AC 06 1A 3B 64 00 00 00 00 00 00 00 00 00 00 AC 06 1A 3C 64 00 00 00 00 00 
R00:56:08   00 00 00 00 00 AC 06 1A 3D 64 00 00 00 00 00 00 00 00 00 00 AC 06 1A 3E 64 00 00 00 00 00 00 00 
R00:56:08   00 00 00 AC 06 1A 3F 64 00 00 00 00 00 00 00 00 00 00 AC 06 1A 40 64 00 00 00 00 00 00 00 00 00 
R00:56:08   00 AC 06 1A 
S00:56:08   68 04 01 00 26 5E 
R00:56:09   68 4A 26 5E 86 06 CE 08 25 00 3F 06 41 64 00 CC CC 5F 43 00 42 64 00 33 33 47 43 00 43 64 00 9A 
R00:56:09   99 22 43 00 44 64 00 CC CC 74 42 00 45 64 00 00 00 A8 42 00 46 64 00 00 00 F6 42 00 47 64 00 66 
R00:56:09   66 12 42 00 48 64 00 34 33 77 42 00 
R00:56:09   68 82 28 5E 86 06 CF 08 25 00 3F 06 49 64 00 CC CC 5F 43 00 00 00 2D 00 AC 06 1A 4A 64 00 33 33 
R00:56:09   47 43 00 00 00 2D 00 AC 06 1A 4B 64 00 9A 99 22 43 00 00 00 2D 00 AC 06 1A 4C 64 00 CC CC 74 42 
R00:56:09   00 00 00 2D 00 AC 06 1A 4D 64 00 00 00 A8 42 00 00 00 2D 00 AC 06 1A 4E 64 00 00 00 F6 42 00 00 
R00:56:09   00 2D 00 AC 06 1A 4F 64 00 66 66 12 42 00 00 00 2D 00 AC 06 1A 50 64 00 34 33 77 42 00 00 00 2D 
R00:56:09   00 AC 06 1A 
R00:56:10   68 82 2A 5E 86 06 CF 08 25 00 3F 06 51 64 00 CC CC 5F 43 00 00 00 00 00 AC 06 1A 52 64 00 33 33 
R00:56:10   47 43 00 00 00 00 00 AC 06 1A 53 64 00 9A 99 22 43 00 00 00 00 00 AC 06 1A 54 64 00 CC CC 74 42 
R00:56:10   00 00 00 00 00 AC 06 1A 55 64 00 00 00 A8 42 00 00 00 00 00 AC 06 1A 56 64 00 00 00 F6 42 00 00 
R00:56:10   00 00 00 AC 06 1A 57 64 00 66 66 12 42 00 00 00 00 00 AC 06 1A 58 64 00 34 33 77 42 00 00 00 00 
R00:56:10   00 AC 06 1A 
R00:56:10   68 82 2C 5E 86 06 CF 08 25 00 3F 06 59 64 00 00 00 00 00 00 00 00 00 00 AC 06 1A 5A 64 00 00 00 
R00:56:10   00 00 00 00 00 00 00 AC 06 1A 5B 64 00 00 00 00 00 00 00 00 00 00 AC 06 1A 5C 64 00 00 00 00 00 
R00:56:10   00 00 00 00 00 AC 06 1A 5D 64 00 00 00 00 00 00 00 00 00 00 AC 06 1A 5E 64 00 00 00 00 00 00 00 
R00:56:10   00 00 00 AC 06 1A 5F 64 00 00 00 00 00 00 00 00 00 00 AC 06 1A 60 64 00 00 00 00 00 00 00 00 00 
R00:56:10   00 AC 06 1A 
S00:56:10   68 04 01 00 2E 5E 
R00:56:11   68 4A 2E 5E 86 06 CE 08 25 00 3F 06 61 64 00 4C A4 0B 48 00 62 64 00 66 66 18 43 00 63 64 00 99 
R00:56:11   99 C9 42 00 64 64 00 00 AC 6F 46 00 65 64 00 34 33 8B 42 00 66 64 00 33 73 70 46 00 67 64 00 67 
R00:56:11   66 4E 42 00 68 64 00 33 33 47 42 00 
R00:56:11   68 82 30 5E 86 06 CF 08 25 00 3F 06 69 64 00 CD A2 0B 48 00 00 00 2D 00 AC 06 1A 6A 64 00 66 66 
R00:56:11   18 43 00 00 00 2D 00 AC 06 1A 6B 64 00 99 99 C9 42 00 00 00 2D 00 AC 06 1A 6C 64 00 99 A9 6F 46 
R00:56:11   00 00 00 2D 00 AC 06 1A 6D 64 00 34 33 8B 42 00 00 00 2D 00 AC 06 1A 6E 64 00 CC 70 70 46 00 00 
R00:56:11   00 2D 00 AC 06 1A 6F 64 00 67 66 4E 42 00 00 00 2D 00 AC 06 1A 70 64 00 33 33 47 42 00 00 00 2D 
R00:56:11   00 AC 06 1A 
R00:56:12   68 82 32 5E 86 06 CF 08 25 00 3F 06 71 64 00 8C 9A 0B 48 00 00 00 00 00 AC 06 1A 72 64 00 66 66 
R00:56:12   18 43 00 00 00 00 00 AC 06 1A 73 64 00 99 99 C9 42 00 00 00 00 00 AC 06 1A 74 64 00 00 A0 6F 46 
R00:56:12   00 00 00 00 00 AC 06 1A 75 64 00 34 33 8B 42 00 00 00 00 00 AC 06 1A 76 64 00 34 67 70 46 00 00 
R00:56:12   00 00 00 AC 06 1A 77 64 00 67 66 4E 42 00 00 00 00 00 AC 06 1A 78 64 00 33 33 47 42 00 00 00 00 
R00:56:12   00 AC 06 1A 
S00:56:12   68 04 01 00 34 5E 
R00:56:12   68 82 34 5E 86 06 CF 08 25 00 3F 06 79 64 00 FF 44 DE 47 00 3A AE 25 0D F1 05 1A 7A 64 00 66 66 
R00:56:12   18 43 00 3A AE 25 0D F1 05 1A 7B 64 00 99 99 C9 42 00 3A AE 25 0D F1 05 1A 7C 64 00 67 46 50 46 
R00:56:12   00 3A AE 25 0D F1 05 1A 7D 64 00 34 33 8B 42 00 3A AE 25 0D F1 05 1A 7E 64 00 33 0B 51 46 00 3A 
R00:56:12   AE 25 0D F1 05 1A 7F 64 00 67 66 4E 42 00 3A AE 25 0D F1 05 1A 80 64 00 CD CC 44 42 00 3A AE 25 
R00:56:12   0D F1 05 1A 
R00:56:13   68 4A 36 5E 86 06 CE 08 25 00 3F 06 81 64 00 10 78 48 4A 00 82 64 00 CC 6C 38 46 00 83 64 00 9A 
R00:56:13   31 2A 46 00 84 64 00 FF 4A F0 47 00 85 64 00 CC 4C 8A 43 00 86 64 00 4D 7E F0 47 00 87 64 00 34 
R00:56:13   B3 63 44 00 88 64 00 34 33 CD 42 00 
R00:56:13   68 82 38 5E 86 06 CF 08 25 00 3F 06 89 64 00 46 76 48 4A 00 00 00 2D 00 AC 06 1A 8A 64 00 CC 6C 
R00:56:13   38 46 00 00 00 2D 00 AC 06 1A 8B 64 00 9A 31 2A 46 00 00 00 2D 00 AC 06 1A 8C 64 00 80 49 F0 47 
R00:56:13   00 00 00 2D 00 AC 06 1A 8D 64 00 CC 4C 8A 43 00 00 00 2D 00 AC 06 1A 8E 64 00 CC 7C F0 47 00 00 
R00:56:13   00 2D 00 AC 06 1A 8F 64 00 34 B3 63 44 00 00 00 2D 00 AC 06 1A 90 64 00 34 33 CD 42 00 00 00 2D 
R00:56:13   00 AC 06 1A 
R00:56:13   68 82 3A 5E 86 06 CF 08 25 00 3F 06 91 64 00 AE 6C 48 4A 00 00 00 00 00 AC 06 1A 92 64 00 CC 6C 
R00:56:13   38 46 00 00 00 00 00 AC 06 1A 93 64 00 9A 31 2A 46 00 00 00 00 00 AC 06 1A 94 64 00 B3 3E F0 47 
R00:56:13   00 00 00 00 00 AC 06 1A 95 64 00 CC 4C 8A 43 00 00 00 00 00 AC 06 1A 96 64 00 00 72 F0 47 00 00 
R00:56:13   00 00 00 AC 06 1A 97 64 00 34 B3 63 44 00 00 00 00 00 AC 06 1A 98 64 00 34 33 CD 42 00 00 00 00 
R00:56:13   00 AC 06 1A 
S00:56:13   68 04 01 00 3C 5E 
R00:56:14   68 82 3C 5E 86 06 CF 08 25 00 3F 06 99 64 00 2B C0 DB 49 00 BB 6F 25 0B 6F 04 1A 9A 64 00 00 00 
R00:56:14   99 44 00 BB 6F 25 0B 6F 04 1A 9B 64 00 9A 99 9C 43 00 BB 6F 25 0B 6F 04 1A 9C 64 00 CC 8A AC 47 
R00:56:14   00 BB 6F 25 0B 6F 04 1A 9D 64 00 66 66 89 43 00 BB 6F 25 0B 6F 04 1A 9E 64 00 19 BE AC 47 00 BB 
R00:56:14   6F 25 0B 6F 04 1A 9F 64 00 34 B3 63 44 00 BB 6F 25 0B 6F 04 1A A0 64 00 34 33 CD 42 00 BB 6F 25 
R00:56:14   0B 6F 04 1A 
R00:56:14   68 4A 3E 5E 86 06 CE 08 25 00 3F 06 A1 64 00 33 73 4C 44 00 A2 64 00 33 A1 69 48 00 A3 64 00 98 
R00:56:14   99 CF 42 00 A4 64 00 66 26 AE 44 00 A5 64 00 CC 4A 79 4A 00 A6 64 00 34 5B F9 45 00 A7 64 00 40 
R00:56:14   87 69 48 00 A8 64 00 9A D1 CD 45 00 
R00:56:15   68 82 40 5E 86 06 CF 08 25 00 3F 06 A9 64 00 33 73 4C 44 00 00 00 2D 00 AC 06 1A AA 64 00 27 9D 
R00:56:15   69 48 00 00 00 2D 00 AC 06 1A AB 64 00 98 99 CF 42 00 00 00 2D 00 AC 06 1A AC 64 00 66 26 AE 44 
R00:56:15   00 00 00 2D 00 AC 06 1A AD 64 00 A3 47 79 4A 00 00 00 2D 00 AC 06 1A AE 64 00 34 5B F9 45 00 00 
R00:56:15   00 2D 00 AC 06 1A AF 64 00 34 83 69 48 00 00 00 2D 00 AC 06 1A B0 64 00 9A D1 CD 45 00 00 00 2D 
R00:56:15   00 AC 06 1A 
S00:56:15   68 04 01 00 42 5E 
R00:56:15   68 82 42 5E 86 06 CF 08 25 00 3F 06 B1 64 00 33 73 4C 44 00 00 00 00 00 AC 06 1A B2 64 00 27 8B 
R00:56:15   69 48 00 00 00 00 00 AC 06 1A B3 64 00 98 99 CF 42 00 00 00 00 00 AC 06 1A B4 64 00 66 26 AE 44 
R00:56:15   00 00 00 00 00 AC 06 1A B5 64 00 CB 37 79 4A 00 00 00 00 00 AC 06 1A B6 64 00 34 5B F9 45 00 00 
R00:56:15   00 00 00 AC 06 1A B7 64 00 34 71 69 48 00 00 00 00 00 AC 06 1A B8 64 00 9A D1 CD 45 00 00 00 00 
R00:56:15   00 AC 06 1A 
R00:56:16   68 82 44 5E 86 06 CF 08 25 00 3F 06 B9 64 00 33 73 4C 44 00 7A 6D 25 0B 6F 04 1A BA 64 00 00 A3 
R00:56:16   1E 48 00 7A 6D 25 0B 6F 04 1A BB 64 00 98 99 CF 42 00 7A 6D 25 0B 6F 04 1A BC 64 00 66 26 AE 44 
R00:56:16   00 7A 6D 25 0B 6F 04 1A BD 64 00 7A F6 0A 4A 00 7A 6D 25 0B 6F 04 1A BE 64 00 CC 0C BB 44 00 7A 
R00:56:16   6D 25 0B 6F 04 1A BF 64 00 0D 89 1E 48 00 7A 6D 25 0B 6F 04 1A C0 64 00 67 66 CE 42 00 7A 6D 25 
R00:56:16   0B 6F 04 1A 
R00:56:16   68 0E 46 5E 86 06 65 01 0A 00 3F 06 00 00 00 05 
S00:56:16   68 14 86 06 48 5E 67 01 06 00 3F 06 00 00 00 F4 3E 38 00 AC 06 1A 
R00:56:17   68 14 48 5E 88 06 67 01 07 00 3F 06 00 00 00 F4 3E 38 00 AC 06 1A 
S00:56:26   68 04 01 00 4A 5E 
S00:56:42   68 04 43 00 00 00 
R00:56:43   68 04 83 00 00 00 
S00:56:59   68 04 43 00 00 00 
R00:57:00   68 04 83 00 00 00 
S00:57:16   68 04 43 00 00 00 
R00:57:16   68 04 83 00 00 00 
S00:57:32   68 04 43 00 00 00 
R00:57:33   68 04 83 00 00 00 
S00:57:49   68 04 43 00 00 00 
R00:57:49   68 04 83 00 00 00 
S00:58:05   68 04 43 00 00 00 
R00:58:05   68 04 83 00 00 00 
S00:58:21   68 04 43 00 00 00 
R00:58:21   68 04 83 00 00 00 
S00:58:37   68 04 43 00 00 00 
R00:58:37   68 04 83 00 00 00 
S00:58:53   68 04 43 00 00 00 
R00:58:53   68 04 83 00 00 00 
S00:59:09   68 04 43 00 00 00 
R00:59:09   68 04 83 00 00 00 
S00:59:25   68 04 43 00 00 00 
R00:59:25   68 04 83 00 00 00 
S00:59:41   68 04 43 00 00 00 
R00:59:41   68 04 83 00 00 00 
S00:59:57   68 04 43 00 00 00 
R00:59:57   68 04 83 00 00 00 
S01:00:13   68 04 43 00 00 00 
R01:00:13   68 04 83 00 00 00 
S01:00:29   68 04 43 00 00 00 
R01:00:29   68 04 83 00 00 00 
S01:00:45   68 04 43 00 00 00 
R01:00:45   68 04 83 00 00 00 
S01:01:01   68 04 43 00 00 00 
R01:01:01   68 04 83 00 00 00 
S01:01:17   68 04 43 00 00 00 
R01:01:17   68 04 83 00 00 00 
S01:01:33   68 04 43 00 00 00 
R01:01:33   68 04 83 00 00 00 
S01:01:49   68 04 43 00 00 00 
R01:01:49   68 04 83 00 00 00 
S01:02:05   68 04 43 00 00 00 
R01:02:05   68 04 83 00 00 00 
R01:02:12   68 12 4A 5E 88 06 0D 01 03 00 3F 06 44 40 00 94 18 52 42 00 
R01:02:12   68 12 4C 5E 88 06 0D 01 03 00 3F 06 45 40 00 D2 4D 48 42 00 
S01:02:12   68 04 01 00 4E 5E 
R01:02:16   68 12 4E 5E 88 06 0D 01 03 00 3F 06 46 40 00 AE 47 4B 42 00 
S01:02:23   68 04 01 00 50 5E 
S01:02:39   68 04 43 00 00 00 
R01:02:39   68 04 83 00 00 00 
S01:02:55   68 04 43 00 00 00 
R01:02:55   68 04 83 00 00 00 
R01:03:10   68 22 50 5E 88 06 0D 03 03 00 3F 06 0D 40 00 F3 FD 5C 41 00 0E 40 00 A8 C6 6B 41 00 0F 40 00 9E 
R01:03:10   EF 67 41 00 
S01:03:10   68 04 01 00 52 5E 
S01:03:26   68 04 43 00 00 00 
R01:03:26   68 04 83 00 00 00 
S01:03:42   68 04 43 00 00 00 
R01:03:42   68 04 83 00 00 00 
S01:03:58   68 04 43 00 00 00 
R01:03:58   68 04 83 00 00 00 
S01:04:14   68 04 43 00 00 00 
R01:04:14   68 04 83 00 00 00 
R01:04:29   68 12 52 5E 88 06 0D 01 03 00 3F 06 02 40 00 71 3D 5F 42 00 
S01:04:29   68 04 01 00 54 5E 
R01:04:33   68 12 54 5E 88 06 0D 01 03 00 3F 06 02 40 00 3D 0A 5E 42 00 
S01:04:40   68 04 01 00 56 5E 
R01:04:41   68 12 56 5E 88 06 0D 01 03 00 3F 06 02 40 00 00 00 5D 42 00 
S01:04:51   68 04 01 00 58 5E 
S01:05:07   68 04 43 00 00 00 
R01:05:08   68 04 83 00 00 00 
R01:05:18   68 12 58 5E 88 06 0D 01 03 00 3F 06 02 40 00 0A D7 5B 42 00 
S01:05:19   68 04 01 00 5A 5E 
S01:05:35   68 04 43 00 00 00 
R01:05:35   68 04 83 00 00 00 
S01:05:51   68 04 43 00 00 00 
R01:05:51   68 04 83 00 00 00 
S01:06:07   68 04 43 00 00 00 
R01:06:07   68 04 83 00 00 00 
S01:06:23   68 04 43 00 00 00 
R01:06:23   68 04 83 00 00 00 
S01:06:39   68 04 43 00 00 00 
R01:06:39   68 04 83 00 00 00 
S01:06:55   68 04 43 00 00 00 
R01:06:56   68 04 83 00 00 00 
S01:07:12   68 04 43 00 00 00 
R01:07:12   68 04 83 00 00 00 
R01:07:27   68 12 5A 5E 88 06 0D 01 03 00 3F 06 02 40 00 8F C2 5A 42 00 
S01:07:27   68 04 01 00 5C 5E 
S01:07:43   68 04 43 00 00 00 
R01:07:44   68 04 83 00 00 00 
S01:08:00   68 04 43 00 00 00 
R01:08:01   68 04 83 00 00 00 
S01:08:17   68 04 43 00 00 00 
R01:08:18   68 04 83 00 00 00 
S01:08:34   68 04 43 00 00 00 
R01:08:35   68 04 83 00 00 00 
S01:08:51   68 04 43 00 00 00 
R01:08:52   68 04 83 00 00 00 
S01:09:08   68 04 43 00 00 00 
R01:09:09   68 04 83 00 00 00 
S01:09:25   68 04 43 00 00 00 
R01:09:26   68 04 83 00 00 00 
S01:09:42   68 04 43 00 00 00 
R01:09:43   68 04 83 00 00 00 
S01:09:59   68 04 43 00 00 00 
R01:10:00   68 04 83 00 00 00 
S01:10:16   68 04 43 00 00 00 
R01:10:17   68 04 83 00 00 00 
S01:10:33   68 04 43 00 00 00 
R01:10:34   68 04 83 00 00 00 
R01:10:47   68 12 5C 5E 88 06 0D 01 03 00 3F 06 02 40 00 52 B8 59 42 00 
S01:10:47   68 04 01 00 5E 5E 
S01:10:59   68 0E 88 06 5E 5E 64 01 06 00 3F 06 00 00 00 14 
R01:10:59   68 0E 5E 5E 8A 06 64 01 07 00 3F 06 00 00 00 14 
S01:10:59   68 04 01 00 60 5E 
R01:11:00   68 E6 60 5E 8A 06 01 37 14 00 3F 06 01 00 00 00 02 00 00 00 03 00 00 00 04 00 00 00 05 00 00 00 
R01:11:00   06 00 00 00 07 00 00 01 08 00 00 00 09 00 00 00 0A 00 00 00 0B 00 00 00 0C 00 00 00 0D 00 00 00 
R01:11:00   0E 00 00 00 0F 00 00 00 10 00 00 00 11 00 00 00 12 00 00 00 13 00 00 00 14 00 00 00 15 00 00 00 
R01:11:00   16 00 00 00 17 00 00 00 18 00 00 00 19 00 00 00 1A 00 00 01 1B 00 00 01 1C 00 00 00 1D 00 00 01 
R01:11:00   1E 00 00 01 1F 00 00 01 20 00 00 00 21 00 00 00 22 00 00 00 23 00 00 00 24 00 00 00 25 00 00 00 
R01:11:00   26 00 00 00 27 00 00 00 28 00 00 00 29 00 00 01 2A 00 00 00 2B 00 00 00 2C 00 00 00 2D 00 00 00 
R01:11:00   2E 00 00 00 2F 00 00 00 30 00 00 00 31 00 00 00 32 00 00 00 33 00 00 00 34 00 00 00 35 00 00 00 
R01:11:00   36 00 00 00 37 00 00 00 
R01:11:00   68 D2 62 5E 8A 06 01 32 14 00 3F 06 38 00 00 00 39 00 00 00 3A 00 00 00 3B 00 00 01 3C 00 00 00 
R01:11:00   3D 00 00 00 3E 00 00 01 3F 00 00 01 40 00 00 00 41 00 00 00 42 00 00 01 43 00 00 00 44 00 00 00 
R01:11:00   45 00 00 00 46 00 00 00 47 00 00 00 48 00 00 00 49 00 00 00 4A 00 00 01 4B 00 00 00 4C 00 00 00 
R01:11:00   4D 00 00 00 4E 00 00 00 4F 00 00 00 50 00 00 00 51 00 00 00 52 00 00 00 53 00 00 00 54 00 00 00 
R01:11:00   55 00 00 00 56 00 00 00 57 00 00 00 58 00 00 00 59 00 00 00 5A 00 00 00 5B 00 00 00 5C 00 00 01 
R01:11:00   5D 00 00 00 5E 00 00 00 5F 00 00 01 60 00 00 01 61 00 00 00 62 00 00 00 63 00 00 01 64 00 00 00 
R01:11:00   65 00 00 00 66 00 00 00 67 00 00 00 68 00 00 00 69 00 00 00 
R01:11:01   68 E6 64 5E 8A 06 01 37 14 00 3F 06 69 00 00 00 6A 00 00 01 6B 00 00 00 6C 00 00 00 6D 00 00 00 
R01:11:01   6E 00 00 00 6F 00 00 00 70 00 00 00 71 00 00 00 72 00 00 00 73 00 00 00 74 00 00 00 75 00 00 00 
R01:11:01   76 00 00 00 77 00 00 00 78 00 00 00 79 00 00 00 7A 00 00 00 7B 00 00 00 7C 00 00 00 7D 00 00 01 
R01:11:01   7E 00 00 01 7F 00 00 00 80 00 00 01 81 00 00 01 82 00 00 01 83 00 00 00 84 00 00 00 85 00 00 00 
R01:11:01   86 00 00 00 87 00 00 00 88 00 00 00 89 00 00 00 8A 00 00 00 8B 00 00 01 8C 00 00 00 8D 00 00 00 
R01:11:01   8E 00 00 00 8F 00 00 00 90 00 00 00 91 00 00 00 92 00 00 00 93 00 00 00 94 00 00 00 95 00 00 00 
R01:11:01   96 00 00 00 97 00 00 00 98 00 00 00 99 00 00 00 9A 00 00 00 9B 00 00 00 9C 00 00 00 9D 00 00 00 
R01:11:01   9E 00 00 01 9F 00 00 00 
R01:11:01   68 A6 66 5E 8A 06 01 27 14 00 3F 06 A0 00 00 00 A1 00 00 01 A2 00 00 01 A3 00 00 01 A4 00 00 00 
R01:11:01   A5 00 00 00 A6 00 00 00 A7 00 00 00 A8 00 00 00 A9 00 00 00 AA 00 00 00 AB 00 00 00 AC 00 00 01 
R01:11:01   AD 00 00 00 AE 00 00 00 AF 00 00 00 B0 00 00 00 B1 00 00 00 B2 00 00 00 B3 00 00 00 B4 00 00 00 
R01:11:01   B5 00 00 00 B6 00 00 00 B7 00 00 00 B8 00 00 00 B9 00 00 00 BA 00 00 00 BB 00 00 00 BC 00 00 00 
R01:11:01   BD 00 00 00 BE 00 00 00 BF 00 00 01 C0 00 00 00 C1 00 00 00 C2 00 00 01 C3 00 00 01 C4 00 00 01 
R01:11:01   C5 00 00 00 C6 00 00 00 
S01:11:01   68 04 01 00 68 5E 
R01:11:02   68 EA 68 5E 8A 06 0D 1C 14 00 3F 06 01 40 00 00 00 65 43 00 02 40 00 52 B8 59 42 00 03 40 00 C6 
R01:11:02   4B 27 41 00 04 40 00 00 00 00 00 00 05 40 00 3B DF 27 41 00 06 40 00 00 00 00 00 00 07 40 00 D1 
R01:11:02   22 48 42 00 08 40 00 00 00 00 00 00 09 40 00 00 00 00 00 00 0A 40 00 00 00 00 00 00 0B 40 00 00 
R01:11:02   00 00 00 00 0C 40 00 00 00 00 00 00 0D 40 00 7D 3F 35 41 00 0E 40 00 41 60 45 41 00 0F 40 00 00 
R01:11:02   00 40 41 00 10 40 00 00 00 00 00 00 11 40 00 67 66 51 43 00 12 40 00 1F 85 3F C2 00 13 40 00 10 
R01:11:02   58 79 3F 00 14 40 00 00 00 00 00 00 15 40 00 00 00 00 00 00 16 40 00 00 00 00 00 00 17 40 00 00 
R01:11:02   00 00 00 00 18 40 00 00 00 00 00 00 19 40 00 00 00 00 00 00 1A 40 00 00 00 00 00 00 1B 40 00 00 
R01:11:02   00 00 00 00 1C 40 00 00 00 00 00 00 
R01:11:02   68 6A 6A 5E 8A 06 0D 0C 14 00 3F 06 1D 40 00 00 00 00 00 00 1E 40 00 00 00 00 00 00 1F 40 00 00 
R01:11:02   00 00 00 00 20 40 00 00 00 00 00 00 21 40 00 00 00 00 00 00 22 40 00 00 00 00 00 00 23 40 00 00 
R01:11:02   00 00 00 00 24 40 00 00 00 00 00 00 25 40 00 00 00 00 00 00 26 40 00 00 00 00 00 00 27 40 00 00 
R01:11:02   00 00 00 00 28 40 00 00 00 00 00 00 
R01:11:03   68 EA 6C 5E 8A 06 0D 1C 14 00 3F 06 29 40 00 00 00 00 00 00 2A 40 00 00 00 00 00 00 2B 40 00 00 
R01:11:03   00 00 00 00 2C 40 00 00 00 00 00 00 2D 40 00 00 00 00 00 00 2E 40 00 00 00 00 00 00 2F 40 00 00 
R01:11:03   00 00 00 00 30 40 00 00 00 00 00 00 31 40 00 00 00 00 00 00 32 40 00 00 00 00 00 00 33 40 00 00 
R01:11:03   00 00 00 00 34 40 00 00 00 00 00 00 35 40 00 00 00 00 00 00 36 40 00 00 00 00 00 00 37 40 00 00 
R01:11:03   00 00 00 00 38 40 00 00 00 00 00 00 39 40 00 7D 3F 11 42 00 3A 40 00 9A 99 01 42 00 3B 40 00 E3 
R01:11:03   A5 0D 42 00 3C 40 00 00 00 00 00 00 3D 40 00 F6 A8 1C 44 00 3E 40 00 7B 14 8E C0 00 3F 40 00 77 
R01:11:03   BE 7F 3F 00 40 40 00 00 00 00 00 00 41 40 00 00 00 00 00 00 42 40 00 00 00 00 00 00 43 40 00 00 
R01:11:03   00 00 00 00 44 40 00 9B C4 46 42 00 
R01:11:03   68 3A 6E 5E 8A 06 0D 06 14 00 3F 06 45 40 00 6D E7 39 42 00 46 40 00 E2 7A 46 42 00 47 40 00 00 
R01:11:03   00 00 00 00 48 40 00 1E 05 5C C4 00 49 40 00 8F C2 5D 42 00 4A 40 00 EE 7C 7F BF 00 
S01:11:03   68 04 01 00 70 5E 
R01:11:04   68 0E 70 5E 8A 06 64 01 0A 00 3F 06 00 00 00 14 
S01:11:04   68 0E 8A 06 72 5E 65 01 06 00 3F 06 00 00 00 05 
R01:11:05   68 0E 72 5E 8C 06 65 01 07 00 3F 06 00 00 00 05 
R01:11:05   68 4A 74 5E 8C 06 CE 08 25 00 3F 06 01 64 00 EA EF 1B 49 00 02 64 00 66 66 03 44 00 03 64 00 67 
R01:11:05   66 FE 43 00 04 64 00 80 7E F4 47 00 05 64 00 00 00 AE 42 00 06 64 00 00 A1 F4 47 00 07 64 00 66 
R01:11:05   66 86 41 00 08 64 00 00 00 8A 42 00 
R01:11:06   68 82 76 5E 8C 06 CF 08 25 00 3F 06 09 64 00 49 ED 1B 49 00 00 00 00 01 AC 06 1A 0A 64 00 66 66 
R01:11:06   03 44 00 00 00 00 01 AC 06 1A 0B 64 00 67 66 FE 43 00 00 00 00 01 AC 06 1A 0C 64 00 00 7A F4 47 
R01:11:06   00 00 00 00 01 AC 06 1A 0D 64 00 00 00 AE 42 00 00 00 00 01 AC 06 1A 0E 64 00 81 9C F4 47 00 00 
R01:11:06   00 00 01 AC 06 1A 0F 64 00 66 66 86 41 00 00 00 00 01 AC 06 1A 10 64 00 00 00 8A 42 00 00 00 00 
R01:11:06   01 AC 06 1A 
R01:11:06   68 82 78 5E 8C 06 CF 08 25 00 3F 06 11 64 00 39 D0 1B 49 00 00 00 00 00 AC 06 1A 12 64 00 66 66 
R01:11:06   03 44 00 00 00 00 00 AC 06 1A 13 64 00 67 66 FE 43 00 00 00 00 00 AC 06 1A 14 64 00 66 55 F4 47 
R01:11:06   00 00 00 00 00 AC 06 1A 15 64 00 00 00 AE 42 00 00 00 00 00 AC 06 1A 16 64 00 E7 77 F4 47 00 00 
R01:11:06   00 00 00 AC 06 1A 17 64 00 66 66 86 41 00 00 00 00 00 AC 06 1A 18 64 00 00 00 8A 42 00 00 00 00 
R01:11:06   00 AC 06 1A 
S01:11:06   68 04 01 00 7A 5E 
R01:11:07   68 82 7A 5E 8C 06 CF 08 25 00 3F 06 19 64 00 00 00 00 00 00 00 00 00 00 AC 06 1A 1A 64 00 00 00 
R01:11:07   00 00 00 00 00 00 00 AC 06 1A 1B 64 00 00 00 00 00 00 00 00 00 00 AC 06 1A 1C 64 00 00 00 00 00 
R01:11:07   00 00 00 00 00 AC 06 1A 1D 64 00 00 00 00 00 00 00 00 00 00 AC 06 1A 1E 64 00 00 00 00 00 00 00 
R01:11:07   00 00 00 AC 06 1A 1F 64 00 00 00 00 00 00 00 00 00 00 AC 06 1A 20 64 00 00 00 00 00 00 00 00 00 
R01:11:07   00 AC 06 1A 
R01:11:07   68 4A 7C 5E 8C 06 CE 08 25 00 3F 06 21 64 00 CC CC 41 43 00 22 64 00 34 33 0B 43 00 23 64 00 66 
R01:11:07   66 AA 42 00 24 64 00 CD CC EE 42 00 25 64 00 CD CC C4 42 00 26 64 00 CC CC 29 43 00 27 64 00 FF 
R01:11:07   FF 57 42 00 28 64 00 99 99 49 42 00 
R01:11:08   68 82 7E 5E 8C 06 CF 08 25 00 3F 06 29 64 00 CC CC 41 43 00 00 00 00 01 AC 06 1A 2A 64 00 34 33 
R01:11:08   0B 43 00 00 00 00 01 AC 06 1A 2B 64 00 66 66 AA 42 00 00 00 00 01 AC 06 1A 2C 64 00 CD CC EE 42 
R01:11:08   00 00 00 00 01 AC 06 1A 2D 64 00 CD CC C4 42 00 00 00 00 01 AC 06 1A 2E 64 00 CC CC 29 43 00 00 
R01:11:08   00 00 01 AC 06 1A 2F 64 00 FF FF 57 42 00 00 00 00 01 AC 06 1A 30 64 00 99 99 49 42 00 00 00 00 
R01:11:08   01 AC 06 1A 
S01:11:08   68 04 01 00 80 5E 
R01:11:08   68 82 80 5E 8C 06 CF 08 25 00 3F 06 31 64 00 CC CC 41 43 00 00 00 00 00 AC 06 1A 32 64 00 34 33 
R01:11:08   0B 43 00 00 00 00 00 AC 06 1A 33 64 00 66 66 AA 42 00 00 00 00 00 AC 06 1A 34 64 00 CD CC EE 42 
R01:11:08   00 00 00 00 00 AC 06 1A 35 64 00 CD CC C4 42 00 00 00 00 00 AC 06 1A 36 64 00 CC CC 29 43 00 00 
R01:11:08   00 00 00 AC 06 1A 37 64 00 FF FF 57 42 00 00 00 00 00 AC 06 1A 38 64 00 99 99 49 42 00 00 00 00 
R01:11:08   00 AC 06 1A 
R01:11:09   68 82 82 5E 8C 06 CF 08 25 00 3F 06 39 64 00 00 00 00 00 00 00 00 00 00 AC 06 1A 3A 64 00 00 00 
R01:11:09   00 00 00 00 00 00 00 AC 06 1A 3B 64 00 00 00 00 00 00 00 00 00 00 AC 06 1A 3C 64 00 00 00 00 00 
R01:11:09   00 00 00 00 00 AC 06 1A 3D 64 00 00 00 00 00 00 00 00 00 00 AC 06 1A 3E 64 00 00 00 00 00 00 00 
R01:11:09   00 00 00 AC 06 1A 3F 64 00 00 00 00 00 00 00 00 00 00 AC 06 1A 40 64 00 00 00 00 00 00 00 00 00 
R01:11:09   00 AC 06 1A 
R01:11:09   68 4A 84 5E 8C 06 CE 08 25 00 3F 06 41 64 00 CC CC 5F 43 00 42 64 00 33 33 47 43 00 43 64 00 9A 
R01:11:09   99 22 43 00 44 64 00 CC CC 74 42 00 45 64 00 00 00 A8 42 00 46 64 00 00 00 F6 42 00 47 64 00 66 
R01:11:09   66 12 42 00 48 64 00 34 33 77 42 00 
S01:11:09   68 04 01 00 86 5E 
R01:11:09   68 82 86 5E 8C 06 CF 08 25 00 3F 06 49 64 00 CC CC 5F 43 00 00 00 00 01 AC 06 1A 4A 64 00 33 33 
R01:11:09   47 43 00 00 00 00 01 AC 06 1A 4B 64 00 9A 99 22 43 00 00 00 00 01 AC 06 1A 4C 64 00 CC CC 74 42 
R01:11:09   00 00 00 00 01 AC 06 1A 4D 64 00 00 00 A8 42 00 00 00 00 01 AC 06 1A 4E 64 00 00 00 F6 42 00 00 
R01:11:09   00 00 01 AC 06 1A 4F 64 00 66 66 12 42 00 00 00 00 01 AC 06 1A 50 64 00 34 33 77 42 00 00 00 00 
R01:11:09   01 AC 06 1A 
R01:11:10   68 82 88 5E 8C 06 CF 08 25 00 3F 06 51 64 00 CC CC 5F 43 00 00 00 00 00 AC 06 1A 52 64 00 33 33 
R01:11:10   47 43 00 00 00 00 00 AC 06 1A 53 64 00 9A 99 22 43 00 00 00 00 00 AC 06 1A 54 64 00 CC CC 74 42 
R01:11:10   00 00 00 00 00 AC 06 1A 55 64 00 00 00 A8 42 00 00 00 00 00 AC 06 1A 56 64 00 00 00 F6 42 00 00 
R01:11:10   00 00 00 AC 06 1A 57 64 00 66 66 12 42 00 00 00 00 00 AC 06 1A 58 64 00 34 33 77 42 00 00 00 00 
R01:11:10   00 AC 06 1A 
R01:11:10   68 82 8A 5E 8C 06 CF 08 25 00 3F 06 59 64 00 00 00 00 00 00 00 00 00 00 AC 06 1A 5A 64 00 00 00 
R01:11:10   00 00 00 00 00 00 00 AC 06 1A 5B 64 00 00 00 00 00 00 00 00 00 00 AC 06 1A 5C 64 00 00 00 00 00 
R01:11:10   00 00 00 00 00 AC 06 1A 5D 64 00 00 00 00 00 00 00 00 00 00 AC 06 1A 5E 64 00 00 00 00 00 00 00 
R01:11:10   00 00 00 AC 06 1A 5F 64 00 00 00 00 00 00 00 00 00 00 AC 06 1A 60 64 00 00 00 00 00 00 00 00 00 
R01:11:10   00 AC 06 1A 
S01:11:10   68 04 01 00 8C 5E 
R01:11:12   68 4A 8C 5E 8C 06 CE 08 25 00 3F 06 61 64 00 40 A6 0B 48 00 62 64 00 66 66 18 43 00 63 64 00 99 
R01:11:12   99 C9 42 00 64 64 00 CD B0 6F 46 00 65 64 00 34 33 8B 42 00 66 64 00 00 78 70 46 00 67 64 00 67 
R01:11:12   66 4E 42 00 68 64 00 33 33 47 42 00 
R01:11:12   68 82 8E 5E 8C 06 CF 08 25 00 3F 06 69 64 00 E6 A4 0B 48 00 00 00 00 01 AC 06 1A 6A 64 00 66 66 
R01:11:12   18 43 00 00 00 00 01 AC 06 1A 6B 64 00 99 99 C9 42 00 00 00 00 01 AC 06 1A 6C 64 00 67 AE 6F 46 
R01:11:12   00 00 00 00 01 AC 06 1A 6D 64 00 34 33 8B 42 00 00 00 00 01 AC 06 1A 6E 64 00 99 75 70 46 00 00 
R01:11:12   00 00 01 AC 06 1A 6F 64 00 67 66 4E 42 00 00 00 00 01 AC 06 1A 70 64 00 33 33 47 42 00 00 00 00 
R01:11:12   01 AC 06 1A 
R01:11:12   68 82 90 5E 8C 06 CF 08 25 00 3F 06 71 64 00 8C 9A 0B 48 00 00 00 00 00 AC 06 1A 72 64 00 66 66 
R01:11:12   18 43 00 00 00 00 00 AC 06 1A 73 64 00 99 99 C9 42 00 00 00 00 00 AC 06 1A 74 64 00 00 A0 6F 46 
R01:11:12   00 00 00 00 00 AC 06 1A 75 64 00 34 33 8B 42 00 00 00 00 00 AC 06 1A 76 64 00 34 67 70 46 00 00 
R01:11:12   00 00 00 AC 06 1A 77 64 00 67 66 4E 42 00 00 00 00 00 AC 06 1A 78 64 00 33 33 47 42 00 00 00 00 
R01:11:12   00 AC 06 1A 
S01:11:12   68 04 01 00 92 5E 
R01:11:12   68 82 92 5E 8C 06 CF 08 25 00 3F 06 79 64 00 FF 44 DE 47 00 3A AE 25 0D F1 05 1A 7A 64 00 66 66 
R01:11:12   18 43 00 3A AE 25 0D F1 05 1A 7B 64 00 99 99 C9 42 00 3A AE 25 0D F1 05 1A 7C 64 00 67 46 50 46 
R01:11:12   00 3A AE 25 0D F1 05 1A 7D 64 00 34 33 8B 42 00 3A AE 25 0D F1 05 1A 7E 64 00 33 0B 51 46 00 3A 
R01:11:12   AE 25 0D F1 05 1A 7F 64 00 67 66 4E 42 00 3A AE 25 0D F1 05 1A 80 64 00 CD CC 44 42 00 3A AE 25 
R01:11:12   0D F1 05 1A 
R01:11:13   68 4A 94 5E 8C 06 CE 08 25 00 3F 06 81 64 00 60 7A 48 4A 00 82 64 00 CC 6C 38 46 00 83 64 00 9A 
R01:11:13   31 2A 46 00 84 64 00 E7 4B F0 47 00 85 64 00 CC 4C 8A 43 00 86 64 00 33 7F F0 47 00 87 64 00 34 
R01:11:13   B3 63 44 00 88 64 00 34 33 CD 42 00 
R01:11:13   68 82 96 5E 8C 06 CF 08 25 00 3F 06 89 64 00 B6 78 48 4A 00 00 00 00 01 AC 06 1A 8A 64 00 CC 6C 
R01:11:13   38 46 00 00 00 00 01 AC 06 1A 8B 64 00 9A 31 2A 46 00 00 00 00 01 AC 06 1A 8C 64 00 4D 4B F0 47 
R01:11:13   00 00 00 00 01 AC 06 1A 8D 64 00 CC 4C 8A 43 00 00 00 00 01 AC 06 1A 8E 64 00 99 7E F0 47 00 00 
R01:11:13   00 00 01 AC 06 1A 8F 64 00 34 B3 63 44 00 00 00 00 01 AC 06 1A 90 64 00 34 33 CD 42 00 00 00 00 
R01:11:13   01 AC 06 1A 
S01:11:13   68 04 01 00 98 5E 
R01:11:14   68 82 98 5E 8C 06 CF 08 25 00 3F 06 91 64 00 AE 6C 48 4A 00 00 00 00 00 AC 06 1A 92 64 00 CC 6C 
R01:11:14   38 46 00 00 00 00 00 AC 06 1A 93 64 00 9A 31 2A 46 00 00 00 00 00 AC 06 1A 94 64 00 B3 3E F0 47 
R01:11:14   00 00 00 00 00 AC 06 1A 95 64 00 CC 4C 8A 43 00 00 00 00 00 AC 06 1A 96 64 00 00 72 F0 47 00 00 
R01:11:14   00 00 00 AC 06 1A 97 64 00 34 B3 63 44 00 00 00 00 00 AC 06 1A 98 64 00 34 33 CD 42 00 00 00 00 
R01:11:14   00 AC 06 1A 
R01:11:14   68 82 9A 5E 8C 06 CF 08 25 00 3F 06 99 64 00 2B C0 DB 49 00 BB 6F 25 0B 6F 04 1A 9A 64 00 00 00 
R01:11:14   99 44 00 BB 6F 25 0B 6F 04 1A 9B 64 00 9A 99 9C 43 00 BB 6F 25 0B 6F 04 1A 9C 64 00 CC 8A AC 47 
R01:11:14   00 BB 6F 25 0B 6F 04 1A 9D 64 00 66 66 89 43 00 BB 6F 25 0B 6F 04 1A 9E 64 00 19 BE AC 47 00 BB 
R01:11:14   6F 25 0B 6F 04 1A 9F 64 00 34 B3 63 44 00 BB 6F 25 0B 6F 04 1A A0 64 00 34 33 CD 42 00 BB 6F 25 
R01:11:14   0B 6F 04 1A 
R01:11:15   68 4A 9C 5E 8C 06 CE 08 25 00 3F 06 A1 64 00 33 73 4C 44 00 A2 64 00 F4 A4 69 48 00 A3 64 00 98 
R01:11:15   99 CF 42 00 A4 64 00 66 26 AE 44 00 A5 64 00 80 4E 79 4A 00 A6 64 00 34 5B F9 45 00 A7 64 00 01 
R01:11:15   8B 69 48 00 A8 64 00 9A D1 CD 45 00 
S01:11:15   68 04 01 00 9E 5E 
R01:11:15   68 82 9E 5E 8C 06 CF 08 25 00 3F 06 A9 64 00 33 73 4C 44 00 00 00 00 01 AC 06 1A AA 64 00 66 A2 
R01:11:15   69 48 00 00 00 00 01 AC 06 1A AB 64 00 98 99 CF 42 00 00 00 00 01 AC 06 1A AC 64 00 66 26 AE 44 
R01:11:15   00 00 00 00 01 AC 06 1A AD 64 00 D5 4B 79 4A 00 00 00 00 01 AC 06 1A AE 64 00 34 5B F9 45 00 00 
R01:11:15   00 00 01 AC 06 1A AF 64 00 73 88 69 48 00 00 00 00 01 AC 06 1A B0 64 00 9A D1 CD 45 00 00 00 00 
R01:11:15   01 AC 06 1A 
R01:11:16   68 82 A0 5E 8C 06 CF 08 25 00 3F 06 B1 64 00 33 73 4C 44 00 00 00 00 00 AC 06 1A B2 64 00 27 8B 
R01:11:16   69 48 00 00 00 00 00 AC 06 1A B3 64 00 98 99 CF 42 00 00 00 00 00 AC 06 1A B4 64 00 66 26 AE 44 
R01:11:16   00 00 00 00 00 AC 06 1A B5 64 00 CB 37 79 4A 00 00 00 00 00 AC 06 1A B6 64 00 34 5B F9 45 00 00 
R01:11:16   00 00 00 AC 06 1A B7 64 00 34 71 69 48 00 00 00 00 00 AC 06 1A B8 64 00 9A D1 CD 45 00 00 00 00 
R01:11:16   00 AC 06 1A 
R01:11:16   68 82 A2 5E 8C 06 CF 08 25 00 3F 06 B9 64 00 33 73 4C 44 00 7A 6D 25 0B 6F 04 1A BA 64 00 00 A3 
R01:11:16   1E 48 00 7A 6D 25 0B 6F 04 1A BB 64 00 98 99 CF 42 00 7A 6D 25 0B 6F 04 1A BC 64 00 66 26 AE 44 
R01:11:16   00 7A 6D 25 0B 6F 04 1A BD 64 00 7A F6 0A 4A 00 7A 6D 25 0B 6F 04 1A BE 64 00 CC 0C BB 44 00 7A 
R01:11:16   6D 25 0B 6F 04 1A BF 64 00 0D 89 1E 48 00 7A 6D 25 0B 6F 04 1A C0 64 00 67 66 CE 42 00 7A 6D 25 
R01:11:16   0B 6F 04 1A 
S01:11:16   68 04 01 00 A4 5E 
R01:11:17   68 0E A4 5E 8C 06 65 01 0A 00 3F 06 00 00 00 05 
S01:11:17   68 14 8C 06 A6 5E 67 01 06 00 3F 06 00 00 00 C9 43 0B 01 AC 06 1A 
R01:11:18   68 14 A6 5E 8E 06 67 01 07 00 3F 06 00 00 00 C9 43 0B 01 AC 06 1A 
S01:11:27   68 04 01 00 A8 5E 
S01:11:43   68 04 43 00 00 00 
R01:11:43   68 04 83 00 00 00 
S01:11:59   68 04 43 00 00 00 
R01:11:59   68 04 83 00 00 00 
S01:12:15   68 04 43 00 00 00 
R01:12:15   68 04 83 00 00 00 
S01:12:31   68 04 43 00 00 00 
R01:12:31   68 04 83 00 00 00 
S01:12:47   68 04 43 00 00 00 
R01:12:47   68 04 83 00 00 00 
S01:13:03   68 04 43 00 00 00 
R01:13:03   68 04 83 00 00 00 
S01:13:19   68 04 43 00 00 00 
R01:13:19   68 04 83 00 00 00 
S01:13:35   68 04 43 00 00 00 
R01:13:35   68 04 83 00 00 00 
S01:13:51   68 04 43 00 00 00 
R01:13:51   68 04 83 00 00 00 
S01:14:07   68 04 43 00 00 00 
R01:14:07   68 04 83 00 00 00 
S01:14:23   68 04 43 00 00 00 
R01:14:23   68 04 83 00 00 00 
S01:14:39   68 04 43 00 00 00 
R01:14:39   68 04 83 00 00 00 
S01:14:55   68 04 43 00 00 00 
R01:14:55   68 04 83 00 00 00 
S01:15:11   68 04 43 00 00 00 
R01:15:11   68 04 83 00 00 00 
S01:15:27   68 04 43 00 00 00 
R01:15:27   68 04 83 00 00 00 
S01:15:43   68 04 43 00 00 00 
R01:15:43   68 04 83 00 00 00 
S01:15:59   68 04 43 00 00 00 
R01:15:59   68 12 A8 5E 8E 06 0D 01 03 00 3F 06 44 40 00 98 6E 2E 42 00 
R01:15:59   68 04 83 00 00 00 
S01:15:59   68 04 01 00 AA 5E 
R01:16:05   68 12 AA 5E 8E 06 0D 01 03 00 3F 06 46 40 00 7F 6A 2C 42 00 
R01:16:06   68 12 AC 5E 8E 06 0D 01 03 00 3F 06 13 40 00 21 B0 72 3F 00 
S01:16:10   68 04 01 00 AE 5E 
S01:16:26   68 04 43 00 00 00 
R01:16:26   68 04 83 00 00 00 
S01:16:42   68 04 43 00 00 00 
R01:16:42   68 04 83 00 00 00 
S01:16:58   68 04 43 00 00 00 
R01:16:58   68 04 83 00 00 00 
S01:17:14   68 04 43 00 00 00 
R01:17:14   68 04 83 00 00 00 
S01:17:30   68 04 43 00 00 00 
R01:17:30   68 04 83 00 00 00 
R01:17:32   68 12 AE 5E 8E 06 0D 01 03 00 3F 06 45 40 00 69 91 21 42 00 
S01:17:32   68 04 01 00 B0 5E 
S01:17:48   68 04 43 00 00 00 
R01:17:48   68 04 83 00 00 00 
S01:18:04   68 04 43 00 00 00 
R01:18:04   68 04 83 00 00 00 
S01:18:20   68 04 43 00 00 00 
R01:18:20   68 04 83 00 00 00 
S01:18:36   68 04 43 00 00 00 
R01:18:36   68 04 83 00 00 00 
S01:18:52   68 04 43 00 00 00 
R01:18:52   68 04 83 00 00 00 
S01:19:08   68 04 43 00 00 00 
R01:19:08   68 04 83 00 00 00 
S01:19:24   68 04 43 00 00 00 
R01:19:24   68 04 83 00 00 00 
S01:19:40   68 04 43 00 00 00 
R01:19:40   68 04 83 00 00 00 
S01:19:56   68 04 43 00 00 00 
R01:19:56   68 04 83 00 00 00 
S01:20:12   68 04 43 00 00 00 
R01:20:13   68 04 83 00 00 00 
S01:20:28   68 04 43 00 00 00 
R01:20:28   68 04 83 00 00 00 
S01:20:44   68 04 43 00 00 00 
R01:20:45   68 04 83 00 00 00 
S01:21:00   68 04 43 00 00 00 
R01:21:01   68 04 83 00 00 00 
S01:21:17   68 04 43 00 00 00 
R01:21:17   68 04 83 00 00 00 
R01:21:31   68 1A B0 5E 8E 06 0D 02 03 00 3F 06 0D 40 00 00 00 00 00 00 13 40 00 5A 64 3B 3F 00 
S01:21:31   68 04 01 00 B2 5E 
S01:21:47   68 04 43 00 00 00 
R01:21:47   68 04 83 00 00 00 
S01:22:03   68 04 43 00 00 00 
R01:22:04   68 04 83 00 00 00 
S01:22:20   68 04 43 00 00 00 
R01:22:21   68 04 83 00 00 00 
S01:22:37   68 04 43 00 00 00 
R01:22:38   68 04 83 00 00 00 
S01:22:54   68 04 43 00 00 00 
R01:22:55   68 04 83 00 00 00 
S01:23:11   68 04 43 00 00 00 
R01:23:12   68 04 83 00 00 00 
S01:23:28   68 04 43 00 00 00 
R01:23:29   68 04 83 00 00 00 
S01:23:45   68 04 43 00 00 00 
R01:23:46   68 04 83 00 00 00 
R01:23:47   68 1A B2 5E 8E 06 0D 02 03 00 3F 06 0D 40 00 79 E9 F6 40 00 13 40 00 10 58 79 3F 00 
S01:23:47   68 04 01 00 B4 5E 
S01:24:03   68 04 43 00 00 00 
R01:24:04   68 04 83 00 00 00 
S01:24:20   68 04 43 00 00 00 
R01:24:21   68 04 83 00 00 00 
S01:24:37   68 04 43 00 00 00 
R01:24:38   68 04 83 00 00 00 
S01:24:54   68 04 43 00 00 00 
R01:24:55   68 04 83 00 00 00 
S01:25:11   68 04 43 00 00 00 
R01:25:12   68 04 83 00 00 00 
S01:25:28   68 04 43 00 00 00 
R01:25:28   68 04 83 00 00 00 
S01:25:44   68 04 43 00 00 00 
R01:25:44   68 04 83 00 00 00 
S01:25:59   68 0E 8E 06 B4 5E 64 01 06 00 3F 06 00 00 00 14 
R01:25:59   68 0E B4 5E 90 06 64 01 07 00 3F 06 00 00 00 14 
S01:25:59   68 04 01 00 B6 5E 
R01:26:00   68 E6 B6 5E 90 06 01 37 14 00 3F 06 01 00 00 00 02 00 00 00 03 00 00 00 04 00 00 00 05 00 00 00 
R01:26:00   06 00 00 00 07 00 00 01 08 00 00 00 09 00 00 00 0A 00 00 00 0B 00 00 00 0C 00 00 00 0D 00 00 00 
R01:26:00   0E 00 00 00 0F 00 00 00 10 00 00 00 11 00 00 00 12 00 00 00 13 00 00 00 14 00 00 00 15 00 00 00 
R01:26:00   16 00 00 00 17 00 00 00 18 00 00 00 19 00 00 00 1A 00 00 01 1B 00 00 01 1C 00 00 00 1D 00 00 01 
R01:26:00   1E 00 00 01 1F 00 00 01 20 00 00 00 21 00 00 00 22 00 00 00 23 00 00 00 24 00 00 00 25 00 00 00 
R01:26:00   26 00 00 00 27 00 00 00 28 00 00 00 29 00 00 01 2A 00 00 00 2B 00 00 00 2C 00 00 00 2D 00 00 00 
R01:26:00   2E 00 00 00 2F 00 00 00 30 00 00 00 31 00 00 00 32 00 00 00 33 00 00 00 34 00 00 00 35 00 00 00 
R01:26:00   36 00 00 00 37 00 00 00 
R01:26:00   68 D2 B8 5E 90 06 01 32 14 00 3F 06 38 00 00 00 39 00 00 00 3A 00 00 00 3B 00 00 01 3C 00 00 00 
R01:26:00   3D 00 00 00 3E 00 00 01 3F 00 00 01 40 00 00 00 41 00 00 00 42 00 00 01 43 00 00 00 44 00 00 00 
R01:26:00   45 00 00 00 46 00 00 00 47 00 00 00 48 00 00 00 49 00 00 00 4A 00 00 01 4B 00 00 00 4C 00 00 00 
R01:26:00   4D 00 00 00 4E 00 00 00 4F 00 00 00 50 00 00 00 51 00 00 00 52 00 00 00 53 00 00 00 54 00 00 00 
R01:26:00   55 00 00 00 56 00 00 00 57 00 00 00 58 00 00 00 59 00 00 00 5A 00 00 00 5B 00 00 00 5C 00 00 01 
R01:26:00   5D 00 00 00 5E 00 00 00 5F 00 00 01 60 00 00 01 61 00 00 00 62 00 00 00 63 00 00 01 64 00 00 00 
R01:26:00   65 00 00 00 66 00 00 00 67 00 00 00 68 00 00 00 69 00 00 00 
R01:26:01   68 E6 BA 5E 90 06 01 37 14 00 3F 06 69 00 00 00 6A 00 00 01 6B 00 00 00 6C 00 00 00 6D 00 00 00 
R01:26:01   6E 00 00 00 6F 00 00 00 70 00 00 00 71 00 00 00 72 00 00 00 73 00 00 00 74 00 00 00 75 00 00 00 
R01:26:01   76 00 00 00 77 00 00 00 78 00 00 00 79 00 00 00 7A 00 00 00 7B 00 00 00 7C 00 00 00 7D 00 00 01 
R01:26:01   7E 00 00 01 7F 00 00 00 80 00 00 01 81 00 00 01 82 00 00 01 83 00 00 00 84 00 00 00 85 00 00 00 
R01:26:01   86 00 00 00 87 00 00 00 88 00 00 00 89 00 00 00 8A 00 00 00 8B 00 00 01 8C 00 00 00 8D 00 00 00 
R01:26:01   8E 00 00 00 8F 00 00 00 90 00 00 00 91 00 00 00 92 00 00 00 93 00 00 00 94 00 00 00 95 00 00 00 
R01:26:01   96 00 00 00 97 00 00 00 98 00 00 00 99 00 00 00 9A 00 00 00 9B 00 00 00 9C 00 00 00 9D 00 00 00 
R01:26:01   9E 00 00 01 9F 00 00 00 
R01:26:01   68 A6 BC 5E 90 06 01 27 14 00 3F 06 A0 00 00 00 A1 00 00 01 A2 00 00 01 A3 00 00 01 A4 00 00 00 
R01:26:01   A5 00 00 00 A6 00 00 00 A7 00 00 00 A8 00 00 00 A9 00 00 00 AA 00 00 00 AB 00 00 00 AC 00 00 01 
R01:26:01   AD 00 00 00 AE 00 00 00 AF 00 00 00 B0 00 00 00 B1 00 00 00 B2 00 00 00 B3 00 00 00 B4 00 00 00 
R01:26:01   B5 00 00 00 B6 00 00 00 B7 00 00 00 B8 00 00 00 B9 00 00 00 BA 00 00 00 BB 00 00 00 BC 00 00 00 
R01:26:01   BD 00 00 00 BE 00 00 00 BF 00 00 01 C0 00 00 00 C1 00 00 00 C2 00 00 01 C3 00 00 01 C4 00 00 01 
R01:26:01   C5 00 00 00 C6 00 00 00 
S01:26:01   68 04 01 00 BE 5E 
R01:26:02   68 EA BE 5E 90 06 0D 1C 14 00 3F 06 01 40 00 00 00 66 43 00 02 40 00 AE 47 59 42 00 03 40 00 1E 
R01:26:02   85 27 41 00 04 40 00 00 00 00 00 00 05 40 00 DD 24 28 41 00 06 40 00 00 00 00 00 00 07 40 00 93 
R01:26:02   18 48 42 00 08 40 00 00 00 00 00 00 09 40 00 00 00 00 00 00 0A 40 00 00 00 00 00 00 0B 40 00 00 
R01:26:02   00 00 00 00 0C 40 00 00 00 00 00 00 0D 40 00 04 56 DE 40 00 0E 40 00 BB 49 FC 40 00 0F 40 00 C9 
R01:26:02   76 EE 40 00 10 40 00 00 00 00 00 00 11 40 00 85 EB 02 43 00 12 40 00 F6 28 EC C1 00 13 40 00 9A 
R01:26:02   99 79 3F 00 14 40 00 00 00 00 00 00 15 40 00 00 00 00 00 00 16 40 00 00 00 00 00 00 17 40 00 00 
R01:26:02   00 00 00 00 18 40 00 00 00 00 00 00 19 40 00 00 00 00 00 00 1A 40 00 00 00 00 00 00 1B 40 00 00 
R01:26:02   00 00 00 00 1C 40 00 00 00 00 00 00 
R01:26:02   68 6A C0 5E 90 06 0D 0C 14 00 3F 06 1D 40 00 00 00 00 00 00 1E 40 00 00 00 00 00 00 1F 40 00 00 
R01:26:02   00 00 00 00 20 40 00 00 00 00 00 00 21 40 00 00 00 00 00 00 22 40 00 00 00 00 00 00 23 40 00 00 
R01:26:02   00 00 00 00 24 40 00 00 00 00 00 00 25 40 00 00 00 00 00 00 26 40 00 00 00 00 00 00 27 40 00 00 
R01:26:02   00 00 00 00 28 40 00 00 00 00 00 00 
R01:26:03   68 EA C2 5E 90 06 0D 1C 14 00 3F 06 29 40 00 00 00 00 00 00 2A 40 00 00 00 00 00 00 2B 40 00 00 
R01:26:03   00 00 00 00 2C 40 00 00 00 00 00 00 2D 40 00 00 00 00 00 00 2E 40 00 00 00 00 00 00 2F 40 00 00 
R01:26:03   00 00 00 00 30 40 00 00 00 00 00 00 31 40 00 00 00 00 00 00 32 40 00 00 00 00 00 00 33 40 00 00 
R01:26:03   00 00 00 00 34 40 00 00 00 00 00 00 35 40 00 00 00 00 00 00 36 40 00 00 00 00 00 00 37 40 00 00 
R01:26:03   00 00 00 00 38 40 00 00 00 00 00 00 39 40 00 75 93 04 42 00 3A 40 00 DC 24 F6 41 00 3B 40 00 42 
R01:26:03   60 03 42 00 3C 40 00 00 00 00 00 00 3D 40 00 CC CC 11 44 00 3E 40 00 85 EB 71 C1 00 3F 40 00 77 
R01:26:03   BE 7F 3F 00 40 40 00 00 00 00 00 00 41 40 00 00 00 00 00 00 42 40 00 00 00 00 00 00 43 40 00 00 
R01:26:03   00 00 00 00 44 40 00 B6 F3 27 42 00 
S01:26:03   68 04 01 00 C4 5E 
R01:26:03   68 3A C4 5E 90 06 0D 06 14 00 3F 06 45 40 00 16 D9 20 42 00 46 40 00 19 04 2A 42 00 47 40 00 00 
R01:26:03   00 00 00 00 48 40 00 F6 28 3C C4 00 49 40 00 48 E1 2A 42 00 4A 40 00 EE 7C 7F BF 00 
R01:26:04   68 0E C6 5E 90 06 64 01 0A 00 3F 06 00 00 00 14 
S01:26:04   68 0E 90 06 C8 5E 65 01 06 00 3F 06 00 00 00 05 
R01:26:05   68 0E C8 5E 92 06 65 01 07 00 3F 06 00 00 00 05 
R01:26:05   68 4A CA 5E 92 06 CE 08 25 00 3F 06 01 64 00 50 F2 1B 49 00 02 64 00 66 66 03 44 00 03 64 00 67 
R01:26:05   66 FE 43 00 04 64 00 9A 83 F4 47 00 05 64 00 00 00 AE 42 00 06 64 00 19 A6 F4 47 00 07 64 00 66 
R01:26:05   66 86 41 00 08 64 00 00 00 8A 42 00 
R01:26:06   68 82 CC 5E 92 06 CF 08 25 00 3F 06 09 64 00 EC F0 1B 49 00 00 00 0F 01 AC 06 1A 0A 64 00 66 66 
R01:26:06   03 44 00 00 00 0F 01 AC 06 1A 0B 64 00 67 66 FE 43 00 00 00 0F 01 AC 06 1A 0C 64 00 4C 80 F4 47 
R01:26:06   00 00 00 0F 01 AC 06 1A 0D 64 00 00 00 AE 42 00 00 00 0F 01 AC 06 1A 0E 64 00 CC A2 F4 47 00 00 
R01:26:06   00 0F 01 AC 06 1A 0F 64 00 66 66 86 41 00 00 00 0F 01 AC 06 1A 10 64 00 00 00 8A 42 00 00 00 0F 
R01:26:06   01 AC 06 1A 
S01:26:06   68 04 01 00 CE 5E 
R01:26:06   68 82 CE 5E 92 06 CF 08 25 00 3F 06 11 64 00 39 D0 1B 49 00 00 00 00 00 AC 06 1A 12 64 00 66 66 
R01:26:06   03 44 00 00 00 00 00 AC 06 1A 13 64 00 67 66 FE 43 00 00 00 00 00 AC 06 1A 14 64 00 66 55 F4 47 
R01:26:06   00 00 00 00 00 AC 06 1A 15 64 00 00 00 AE 42 00 00 00 00 00 AC 06 1A 16 64 00 E7 77 F4 47 00 00 
R01:26:06   00 00 00 AC 06 1A 17 64 00 66 66 86 41 00 00 00 00 00 AC 06 1A 18 64 00 00 00 8A 42 00 00 00 00 
R01:26:06   00 AC 06 1A 
R01:26:07   68 82 D0 5E 92 06 CF 08 25 00 3F 06 19 64 00 00 00 00 00 00 00 00 00 00 AC 06 1A 1A 64 00 00 00 
R01:26:07   00 00 00 00 00 00 00 AC 06 1A 1B 64 00 00 00 00 00 00 00 00 00 00 AC 06 1A 1C 64 00 00 00 00 00 
R01:26:07   00 00 00 00 00 AC 06 1A 1D 64 00 00 00 00 00 00 00 00 00 00 AC 06 1A 1E 64 00 00 00 00 00 00 00 
R01:26:07   00 00 00 AC 06 1A 1F 64 00 00 00 00 00 00 00 00 00 00 AC 06 1A 20 64 00 00 00 00 00 00 00 00 00 
R01:26:07   00 AC 06 1A 
R01:26:07   68 4A D2 5E 92 06 CE 08 25 00 3F 06 21 64 00 CC CC 41 43 00 22 64 00 34 33 0B 43 00 23 64 00 66 
R01:26:07   66 AA 42 00 24 64 00 CD CC EE 42 00 25 64 00 CD CC C4 42 00 26 64 00 CC CC 29 43 00 27 64 00 FF 
R01:26:07   FF 57 42 00 28 64 00 99 99 49 42 00 
S01:26:07   68 04 01 00 D4 5E 
R01:26:08   68 82 D4 5E 92 06 CF 08 25 00 3F 06 29 64 00 CC CC 41 43 00 00 00 0F 01 AC 06 1A 2A 64 00 34 33 
R01:26:08   0B 43 00 00 00 0F 01 AC 06 1A 2B 64 00 66 66 AA 42 00 00 00 0F 01 AC 06 1A 2C 64 00 CD CC EE 42 
R01:26:08   00 00 00 0F 01 AC 06 1A 2D 64 00 CD CC C4 42 00 00 00 0F 01 AC 06 1A 2E 64 00 CC CC 29 43 00 00 
R01:26:08   00 0F 01 AC 06 1A 2F 64 00 FF FF 57 42 00 00 00 0F 01 AC 06 1A 30 64 00 99 99 49 42 00 00 00 0F 
R01:26:08   01 AC 06 1A 
R01:26:08   68 82 D6 5E 92 06 CF 08 25 00 3F 06 31 64 00 CC CC 41 43 00 00 00 00 00 AC 06 1A 32 64 00 34 33 
R01:26:08   0B 43 00 00 00 00 00 AC 06 1A 33 64 00 66 66 AA 42 00 00 00 00 00 AC 06 1A 34 64 00 CD CC EE 42 
R01:26:08   00 00 00 00 00 AC 06 1A 35 64 00 CD CC C4 42 00 00 00 00 00 AC 06 1A 36 64 00 CC CC 29 43 00 00 
R01:26:08   00 00 00 AC 06 1A 37 64 00 FF FF 57 42 00 00 00 00 00 AC 06 1A 38 64 00 99 99 49 42 00 00 00 00 
R01:26:08   00 AC 06 1A 
R01:26:09   68 82 D8 5E 92 06 CF 08 25 00 3F 06 39 64 00 00 00 00 00 00 00 00 00 00 AC 06 1A 3A 64 00 00 00 
R01:26:09   00 00 00 00 00 00 00 AC 06 1A 3B 64 00 00 00 00 00 00 00 00 00 00 AC 06 1A 3C 64 00 00 00 00 00 
R01:26:09   00 00 00 00 00 AC 06 1A 3D 64 00 00 00 00 00 00 00 00 00 00 AC 06 1A 3E 64 00 00 00 00 00 00 00 
R01:26:09   00 00 00 AC 06 1A 3F 64 00 00 00 00 00 00 00 00 00 00 AC 06 1A 40 64 00 00 00 00 00 00 00 00 00 
R01:26:09   00 AC 06 1A 
S01:26:09   68 04 01 00 DA 5E 
R01:26:09   68 4A DA 5E 92 06 CE 08 25 00 3F 06 41 64 00 CC CC 5F 43 00 42 64 00 33 33 47 43 00 43 64 00 9A 
R01:26:09   99 22 43 00 44 64 00 CC CC 74 42 00 45 64 00 00 00 A8 42 00 46 64 00 00 00 F6 42 00 47 64 00 66 
R01:26:09   66 12 42 00 48 64 00 34 33 77 42 00 
R01:26:10   68 82 DC 5E 92 06 CF 08 25 00 3F 06 49 64 00 CC CC 5F 43 00 00 00 0F 01 AC 06 1A 4A 64 00 33 33 
R01:26:10   47 43 00 00 00 0F 01 AC 06 1A 4B 64 00 9A 99 22 43 00 00 00 0F 01 AC 06 1A 4C 64 00 CC CC 74 42 
R01:26:10   00 00 00 0F 01 AC 06 1A 4D 64 00 00 00 A8 42 00 00 00 0F 01 AC 06 1A 4E 64 00 00 00 F6 42 00 00 
R01:26:10   00 0F 01 AC 06 1A 4F 64 00 66 66 12 42 00 00 00 0F 01 AC 06 1A 50 64 00 34 33 77 42 00 00 00 0F 
R01:26:10   01 AC 06 1A 
R01:26:10   68 82 DE 5E 92 06 CF 08 25 00 3F 06 51 64 00 CC CC 5F 43 00 00 00 00 00 AC 06 1A 52 64 00 33 33 
R01:26:10   47 43 00 00 00 00 00 AC 06 1A 53 64 00 9A 99 22 43 00 00 00 00 00 AC 06 1A 54 64 00 CC CC 74 42 
R01:26:10   00 00 00 00 00 AC 06 1A 55 64 00 00 00 A8 42 00 00 00 00 00 AC 06 1A 56 64 00 00 00 F6 42 00 00 
R01:26:10   00 00 00 AC 06 1A 57 64 00 66 66 12 42 00 00 00 00 00 AC 06 1A 58 64 00 34 33 77 42 00 00 00 00 
R01:26:10   00 AC 06 1A 
R01:26:10   68 82 E0 5E 92 06 CF 08 25 00 3F 06 59 64 00 00 00 00 00 00 00 00 00 00 AC 06 1A 5A 64 00 00 00 
R01:26:10   00 00 00 00 00 00 00 AC 06 1A 5B 64 00 00 00 00 00 00 00 00 00 00 AC 06 1A 5C 64 00 00 00 00 00 
R01:26:10   00 00 00 00 00 AC 06 1A 5D 64 00 00 00 00 00 00 00 00 00 00 AC 06 1A 5E 64 00 00 00 00 00 00 00 
R01:26:10   00 00 00 AC 06 1A 5F 64 00 00 00 00 00 00 00 00 00 00 AC 06 1A 60 64 00 00 00 00 00 00 00 00 00 
R01:26:10   00 AC 06 1A 
S01:26:10   68 04 01 00 E2 5E 
R01:26:11   68 4A E2 5E 92 06 CE 08 25 00 3F 06 61 64 00 A6 A8 0B 48 00 62 64 00 66 66 18 43 00 63 64 00 99 
R01:26:11   99 C9 42 00 64 64 00 34 B3 6F 46 00 65 64 00 34 33 8B 42 00 66 64 00 68 7A 70 46 00 67 64 00 67 
R01:26:11   66 4E 42 00 68 64 00 33 33 47 42 00 
R01:26:11   68 82 E4 5E 92 06 CF 08 25 00 3F 06 69 64 00 00 A7 0B 48 00 00 00 0F 01 AC 06 1A 6A 64 00 66 66 
R01:26:11   18 43 00 00 00 0F 01 AC 06 1A 6B 64 00 99 99 C9 42 00 00 00 0F 01 AC 06 1A 6C 64 00 CD B0 6F 46 
R01:26:11   00 00 00 0F 01 AC 06 1A 6D 64 00 34 33 8B 42 00 00 00 0F 01 AC 06 1A 6E 64 00 00 78 70 46 00 00 
R01:26:11   00 0F 01 AC 06 1A 6F 64 00 67 66 4E 42 00 00 00 0F 01 AC 06 1A 70 64 00 33 33 47 42 00 00 00 0F 
R01:26:11   01 AC 06 1A 
R01:26:12   68 82 E6 5E 92 06 CF 08 25 00 3F 06 71 64 00 8C 9A 0B 48 00 00 00 00 00 AC 06 1A 72 64 00 66 66 
R01:26:12   18 43 00 00 00 00 00 AC 06 1A 73 64 00 99 99 C9 42 00 00 00 00 00 AC 06 1A 74 64 00 00 A0 6F 46 
R01:26:12   00 00 00 00 00 AC 06 1A 75 64 00 34 33 8B 42 00 00 00 00 00 AC 06 1A 76 64 00 34 67 70 46 00 00 
R01:26:12   00 00 00 AC 06 1A 77 64 00 67 66 4E 42 00 00 00 00 00 AC 06 1A 78 64 00 33 33 47 42 00 00 00 00 
R01:26:12   00 AC 06 1A 
R01:26:12   68 82 E8 5E 92 06 CF 08 25 00 3F 06 79 64 00 FF 44 DE 47 00 3A AE 25 0D F1 05 1A 7A 64 00 66 66 
R01:26:12   18 43 00 3A AE 25 0D F1 05 1A 7B 64 00 99 99 C9 42 00 3A AE 25 0D F1 05 1A 7C 64 00 67 46 50 46 
R01:26:12   00 3A AE 25 0D F1 05 1A 7D 64 00 34 33 8B 42 00 3A AE 25 0D F1 05 1A 7E 64 00 33 0B 51 46 00 3A 
R01:26:12   AE 25 0D F1 05 1A 7F 64 00 67 66 4E 42 00 3A AE 25 0D F1 05 1A 80 64 00 CD CC 44 42 00 3A AE 25 
R01:26:12   0D F1 05 1A 
S01:26:12   68 04 01 00 EA 5E 
R01:26:13   68 4A EA 5E 92 06 CE 08 25 00 3F 06 81 64 00 B8 7C 48 4A 00 82 64 00 CC 6C 38 46 00 83 64 00 9A 
R01:26:13   31 2A 46 00 84 64 00 81 4C F0 47 00 85 64 00 CC 4C 8A 43 00 86 64 00 CD 7F F0 47 00 87 64 00 34 
R01:26:13   B3 63 44 00 88 64 00 34 33 CD 42 00 
R01:26:13   68 82 EC 5E 92 06 CF 08 25 00 3F 06 89 64 00 29 7B 48 4A 00 00 00 0F 01 AC 06 1A 8A 64 00 CC 6C 
R01:26:13   38 46 00 00 00 0F 01 AC 06 1A 8B 64 00 9A 31 2A 46 00 00 00 0F 01 AC 06 1A 8C 64 00 E7 4B F0 47 
R01:26:13   00 00 00 0F 01 AC 06 1A 8D 64 00 CC 4C 8A 43 00 00 00 0F 01 AC 06 1A 8E 64 00 33 7F F0 47 00 00 
R01:26:13   00 0F 01 AC 06 1A 8F 64 00 34 B3 63 44 00 00 00 0F 01 AC 06 1A 90 64 00 34 33 CD 42 00 00 00 0F 
R01:26:13   01 AC 06 1A 
R01:26:15   68 82 EE 5E 92 06 CF 08 25 00 3F 06 91 64 00 AE 6C 48 4A 00 00 00 00 00 AC 06 1A 92 64 00 CC 6C 
R01:26:15   38 46 00 00 00 00 00 AC 06 1A 93 64 00 9A 31 2A 46 00 00 00 00 00 AC 06 1A 94 64 00 B3 3E F0 47 
R01:26:15   00 00 00 00 00 AC 06 1A 95 64 00 CC 4C 8A 43 00 00 00 00 00 AC 06 1A 96 64 00 00 72 F0 47 00 00 
R01:26:15   00 00 00 AC 06 1A 97 64 00 34 B3 63 44 00 00 00 00 00 AC 06 1A 98 64 00 34 33 CD 42 00 00 00 00 
R01:26:15   00 AC 06 1A 
S01:26:15   68 04 01 00 F0 5E 
R01:26:15   68 82 F0 5E 92 06 CF 08 25 00 3F 06 99 64 00 2B C0 DB 49 00 BB 6F 25 0B 6F 04 1A 9A 64 00 00 00 
R01:26:15   99 44 00 BB 6F 25 0B 6F 04 1A 9B 64 00 9A 99 9C 43 00 BB 6F 25 0B 6F 04 1A 9C 64 00 CC 8A AC 47 
R01:26:15   00 BB 6F 25 0B 6F 04 1A 9D 64 00 66 66 89 43 00 BB 6F 25 0B 6F 04 1A 9E 64 00 19 BE AC 47 00 BB 
R01:26:15   6F 25 0B 6F 04 1A 9F 64 00 34 B3 63 44 00 BB 6F 25 0B 6F 04 1A A0 64 00 34 33 CD 42 00 BB 6F 25 
R01:26:15   0B 6F 04 1A 
R01:26:16   68 4A F2 5E 92 06 CE 08 25 00 3F 06 A1 64 00 33 73 4C 44 00 A2 64 00 80 A7 69 48 00 A3 64 00 98 
R01:26:16   99 CF 42 00 A4 64 00 66 26 AE 44 00 A5 64 00 60 51 79 4A 00 A6 64 00 34 5B F9 45 00 A7 64 00 8D 
R01:26:16   8D 69 48 00 A8 64 00 9A D1 CD 45 00 
R01:26:16   68 82 F4 5E 92 06 CF 08 25 00 3F 06 A9 64 00 33 73 4C 44 00 00 00 0F 01 AC 06 1A AA 64 00 B4 A5 
R01:26:16   69 48 00 00 00 0F 01 AC 06 1A AB 64 00 98 99 CF 42 00 00 00 0F 01 AC 06 1A AC 64 00 66 26 AE 44 
R01:26:16   00 00 00 0F 01 AC 06 1A AD 64 00 58 4F 79 4A 00 00 00 0F 01 AC 06 1A AE 64 00 34 5B F9 45 00 00 
R01:26:16   00 0F 01 AC 06 1A AF 64 00 C1 8B 69 48 00 00 00 0F 01 AC 06 1A B0 64 00 9A D1 CD 45 00 00 00 0F 
R01:26:16   01 AC 06 1A 
R01:26:16   68 82 F6 5E 92 06 CF 08 25 00 3F 06 B1 64 00 33 73 4C 44 00 00 00 00 00 AC 06 1A B2 64 00 27 8B 
R01:26:16   69 48 00 00 00 00 00 AC 06 1A B3 64 00 98 99 CF 42 00 00 00 00 00 AC 06 1A B4 64 00 66 26 AE 44 
R01:26:16   00 00 00 00 00 AC 06 1A B5 64 00 CB 37 79 4A 00 00 00 00 00 AC 06 1A B6 64 00 34 5B F9 45 00 00 
R01:26:16   00 00 00 AC 06 1A B7 64 00 34 71 69 48 00 00 00 00 00 AC 06 1A B8 64 00 9A D1 CD 45 00 00 00 00 
R01:26:16   00 AC 06 1A 
R01:26:16   68 82 F8 5E 92 06 CF 08 25 00 3F 06 B9 64 00 33 73 4C 44 00 7A 6D 25 0B 6F 04 1A BA 64 00 00 A3 
R01:26:16   1E 48 00 7A 6D 25 0B 6F 04 1A BB 64 00 98 99 CF 42 00 7A 6D 25 0B 6F 04 1A BC 64 00 66 26 AE 44 
R01:26:16   00 7A 6D 25 0B 6F 04 1A BD 64 00 7A F6 0A 4A 00 7A 6D 25 0B 6F 04 1A BE 64 00 CC 0C BB 44 00 7A 
R01:26:16   6D 25 0B 6F 04 1A BF 64 00 0D 89 1E 48 00 7A 6D 25 0B 6F 04 1A C0 64 00 67 66 CE 42 00 7A 6D 25 
R01:26:16   0B 6F 04 1A 
S01:26:16   68 04 01 00 FA 5E 
R01:26:17   68 0E FA 5E 92 06 65 01 0A 00 3F 06 00 00 00 05 
S01:26:17   68 14 92 06 FC 5E 67 01 06 00 3F 06 00 00 00 CC 43 1A 01 AC 06 1A 
R01:26:18   68 14 FC 5E 94 06 67 01 07 00 3F 06 00 00 00 CC 43 1A 01 AC 06 1A 
S01:26:27   68 04 01 00 FE 5E 
S01:26:43   68 04 43 00 00 00 
R01:26:43   68 04 83 00 00 00 
S01:26:59   68 04 43 00 00 00 
R01:26:59   68 04 83 00 00 00 
S01:27:15   68 04 43 00 00 00 
R01:27:15   68 04 83 00 00 00 
S01:27:31   68 04 43 00 00 00 
R01:27:31   68 04 83 00 00 00 
S01:27:47   68 04 43 00 00 00 
R01:27:47   68 04 83 00 00 00 
S01:28:03   68 04 43 00 00 00 
R01:28:03   68 04 83 00 00 00 
S01:28:19   68 04 43 00 00 00 
R01:28:19   68 04 83 00 00 00 
S01:28:35   68 04 43 00 00 00 
R01:28:35   68 04 83 00 00 00 
S01:28:51   68 04 43 00 00 00 
R01:28:51   68 04 83 00 00 00 
S01:29:07   68 04 43 00 00 00 
R01:29:07   68 04 83 00 00 00 
S01:29:23   68 04 43 00 00 00 
R01:29:23   68 04 83 00 00 00 
S01:29:39   68 04 43 00 00 00 
R01:29:39   68 04 83 00 00 00 
S01:29:55   68 04 43 00 00 00 
R01:29:55   68 04 83 00 00 00 
S01:30:11   68 04 43 00 00 00 
R01:30:11   68 04 83 00 00 00 
S01:30:27   68 04 43 00 00 00 
R01:30:27   68 04 83 00 00 00 
S01:30:43   68 04 43 00 00 00 
R01:30:43   68 04 83 00 00 00 
S01:30:59   68 04 43 00 00 00 
R01:30:59   68 04 83 00 00 00 
S01:31:15   68 04 43 00 00 00 
R01:31:15   68 04 83 00 00 00 
S01:31:31   68 04 43 00 00 00 
R01:31:31   68 04 83 00 00 00 
S01:31:47   68 04 43 00 00 00 
R01:31:47   68 04 83 00 00 00 
S01:32:03   68 04 43 00 00 00 
R01:32:03   68 04 83 00 00 00 
S01:32:19   68 04 43 00 00 00 
R01:32:19   68 04 83 00 00 00 
S01:32:35   68 04 43 00 00 00 
R01:32:35   68 04 83 00 00 00 
S01:32:51   68 04 43 00 00 00 
R01:32:51   68 04 83 00 00 00 
S01:33:07   68 04 43 00 00 00 
R01:33:07   68 04 83 00 00 00 
S01:33:23   68 04 43 00 00 00 
R01:33:23   68 04 83 00 00 00 
R01:33:23   68 22 FE 5E 94 06 0D 03 03 00 3F 06 0D 40 00 00 00 00 00 00 0F 40 00 00 00 00 00 00 13 40 00 00 
R01:33:23   00 00 00 00 
S01:33:23   68 04 01 00 00 5F 
S01:33:39   68 04 43 00 00 00 
R01:33:39   68 04 83 00 00 00 
S01:33:55   68 04 43 00 00 00 
R01:33:57   68 04 83 00 00 00 
S01:34:13   68 04 43 00 00 00 
R01:34:13   68 04 83 00 00 00 
S01:34:29   68 04 43 00 00 00 
R01:34:29   68 04 83 00 00 00 
S01:34:45   68 04 43 00 00 00 
R01:34:45   68 04 83 00 00 00 
S01:35:01   68 04 43 00 00 00 
R01:35:01   68 04 83 00 00 00 
R01:35:04   68 12 00 5F 94 06 0D 01 03 00 3F 06 0E 40 00 00 00 00 00 00 
S01:35:04   68 04 01 00 02 5F 
R01:35:11   68 12 02 5F 94 06 0D 01 03 00 3F 06 0E 40 00 41 60 C5 40 00 
R01:35:14   68 12 04 5F 94 06 0D 01 03 00 3F 06 0E 40 00 00 00 00 00 00 
S01:35:15   68 04 01 00 06 5F 
R01:35:26   68 12 06 5F 94 06 0D 01 03 00 3F 06 0E 40 00 41 60 C5 40 00 
S01:35:26   68 04 01 00 08 5F 
R01:35:27   68 12 08 5F 94 06 0D 01 03 00 3F 06 0E 40 00 00 00 00 00 00 
S01:35:37   68 04 01 00 0A 5F 
S01:35:53   68 04 43 00 00 00 
R01:35:53   68 04 83 00 00 00 
S01:36:09   68 04 43 00 00 00 
R01:36:09   68 04 83 00 00 00 
S01:36:25   68 04 43 00 00 00 
R01:36:27   68 04 83 00 00 00 
S01:36:43   68 04 43 00 00 00 
R01:36:45   68 04 83 00 00 00 
S01:37:01   68 04 43 00 00 00 
R01:37:02   68 04 83 00 00 00 
S01:37:18   68 04 43 00 00 00 
R01:37:19   68 04 83 00 00 00 
S01:37:35   68 04 43 00 00 00 
R01:37:36   68 04 83 00 00 00 
S01:37:52   68 04 43 00 00 00 
R01:37:53   68 04 83 00 00 00 
S01:38:09   68 04 43 00 00 00 
R01:38:10   68 04 83 00 00 00 
S01:38:26   68 04 43 00 00 00 
R01:38:27   68 04 83 00 00 00 
S01:38:43   68 04 43 00 00 00 
R01:38:44   68 04 83 00 00 00 
S01:39:00   68 04 43 00 00 00 
R01:39:01   68 04 83 00 00 00 
S01:39:17   68 04 43 00 00 00 
R01:39:17   68 04 83 00 00 00 
S01:39:33   68 04 43 00 00 00 
R01:39:34   68 04 83 00 00 00 
S01:39:50   68 04 43 00 00 00 
R01:39:50   68 04 83 00 00 00 
S01:40:06   68 04 43 00 00 00 
R01:40:06   68 04 83 00 00 00 
S01:40:22   68 04 43 00 00 00 
R01:40:22   68 04 83 00 00 00 
S01:40:38   68 04 43 00 00 00 
R01:40:38   68 04 83 00 00 00 
S01:40:54   68 04 43 00 00 00 
R01:40:54   68 04 83 00 00 00 
S01:40:59   68 0E 94 06 0A 5F 64 01 06 00 3F 06 00 00 00 14 
R01:40:59   68 0E 0A 5F 96 06 64 01 07 00 3F 06 00 00 00 14 
S01:40:59   68 04 01 00 0C 5F 
R01:41:00   68 E6 0C 5F 96 06 01 37 14 00 3F 06 01 00 00 00 02 00 00 00 03 00 00 00 04 00 00 00 05 00 00 00 
R01:41:00   06 00 00 00 07 00 00 01 08 00 00 00 09 00 00 00 0A 00 00 00 0B 00 00 00 0C 00 00 00 0D 00 00 00 
R01:41:00   0E 00 00 00 0F 00 00 00 10 00 00 00 11 00 00 00 12 00 00 00 13 00 00 00 14 00 00 00 15 00 00 00 
R01:41:00   16 00 00 00 17 00 00 00 18 00 00 00 19 00 00 00 1A 00 00 01 1B 00 00 01 1C 00 00 00 1D 00 00 01 
R01:41:00   1E 00 00 01 1F 00 00 01 20 00 00 00 21 00 00 00 22 00 00 00 23 00 00 00 24 00 00 00 25 00 00 00 
R01:41:00   26 00 00 00 27 00 00 00 28 00 00 00 29 00 00 01 2A 00 00 00 2B 00 00 00 2C 00 00 00 2D 00 00 00 
R01:41:00   2E 00 00 00 2F 00 00 00 30 00 00 00 31 00 00 00 32 00 00 00 33 00 00 00 34 00 00 00 35 00 00 00 
R01:41:00   36 00 00 00 37 00 00 00 
R01:41:00   68 D2 0E 5F 96 06 01 32 14 00 3F 06 38 00 00 00 39 00 00 00 3A 00 00 00 3B 00 00 01 3C 00 00 00 
R01:41:00   3D 00 00 00 3E 00 00 01 3F 00 00 01 40 00 00 00 41 00 00 00 42 00 00 01 43 00 00 00 44 00 00 00 
R01:41:00   45 00 00 00 46 00 00 00 47 00 00 00 48 00 00 00 49 00 00 00 4A 00 00 01 4B 00 00 00 4C 00 00 00 
R01:41:00   4D 00 00 00 4E 00 00 00 4F 00 00 00 50 00 00 00 51 00 00 00 52 00 00 00 53 00 00 00 54 00 00 00 
R01:41:00   55 00 00 00 56 00 00 00 57 00 00 00 58 00 00 00 59 00 00 00 5A 00 00 00 5B 00 00 00 5C 00 00 01 
R01:41:00   5D 00 00 00 5E 00 00 00 5F 00 00 01 60 00 00 01 61 00 00 00 62 00 00 00 63 00 00 01 64 00 00 00 
R01:41:00   65 00 00 00 66 00 00 00 67 00 00 00 68 00 00 00 69 00 00 00 
R01:41:01   68 E6 10 5F 96 06 01 37 14 00 3F 06 69 00 00 00 6A 00 00 01 6B 00 00 00 6C 00 00 00 6D 00 00 00 
R01:41:01   6E 00 00 00 6F 00 00 00 70 00 00 00 71 00 00 00 72 00 00 00 73 00 00 00 74 00 00 00 75 00 00 00 
R01:41:01   76 00 00 00 77 00 00 00 78 00 00 00 79 00 00 00 7A 00 00 00 7B 00 00 00 7C 00 00 00 7D 00 00 01 
R01:41:01   7E 00 00 01 7F 00 00 00 80 00 00 01 81 00 00 01 82 00 00 01 83 00 00 00 84 00 00 00 85 00 00 00 
R01:41:01   86 00 00 00 87 00 00 00 88 00 00 00 89 00 00 00 8A 00 00 00 8B 00 00 01 8C 00 00 00 8D 00 00 00 
R01:41:01   8E 00 00 00 8F 00 00 00 90 00 00 00 91 00 00 00 92 00 00 00 93 00 00 00 94 00 00 00 95 00 00 00 
R01:41:01   96 00 00 00 97 00 00 00 98 00 00 00 99 00 00 00 9A 00 00 00 9B 00 00 00 9C 00 00 00 9D 00 00 00 
R01:41:01   9E 00 00 01 9F 00 00 00 
R01:41:01   68 A6 12 5F 96 06 01 27 14 00 3F 06 A0 00 00 00 A1 00 00 01 A2 00 00 01 A3 00 00 01 A4 00 00 00 
R01:41:01   A5 00 00 00 A6 00 00 00 A7 00 00 00 A8 00 00 00 A9 00 00 00 AA 00 00 00 AB 00 00 00 AC 00 00 01 
R01:41:01   AD 00 00 00 AE 00 00 00 AF 00 00 00 B0 00 00 00 B1 00 00 00 B2 00 00 00 B3 00 00 00 B4 00 00 00 
R01:41:01   B5 00 00 00 B6 00 00 00 B7 00 00 00 B8 00 00 00 B9 00 00 00 BA 00 00 00 BB 00 00 00 BC 00 00 00 
R01:41:01   BD 00 00 00 BE 00 00 00 BF 00 00 01 C0 00 00 00 C1 00 00 00 C2 00 00 01 C3 00 00 01 C4 00 00 01 
R01:41:01   C5 00 00 00 C6 00 00 00 
S01:41:01   68 04 01 00 14 5F 
R01:41:02   68 EA 14 5F 96 06 0D 1C 14 00 3F 06 01 40 00 00 00 65 43 00 02 40 00 7B 14 59 42 00 03 40 00 69 
R01:41:02   91 27 41 00 04 40 00 00 00 00 00 00 05 40 00 7B 14 28 41 00 06 40 00 00 00 00 00 00 07 40 00 00 
R01:41:02   00 48 42 00 08 40 00 00 00 00 00 00 09 40 00 00 00 00 00 00 0A 40 00 00 00 00 00 00 0B 40 00 00 
R01:41:02   00 00 00 00 0C 40 00 00 00 00 00 00 0D 40 00 00 00 00 00 00 0E 40 00 00 00 00 00 00 0F 40 00 00 
R01:41:02   00 00 00 00 10 40 00 00 00 00 00 00 11 40 00 00 00 00 00 00 12 40 00 00 00 00 00 00 13 40 00 00 
R01:41:02   00 00 00 00 14 40 00 00 00 00 00 00 15 40 00 00 00 00 00 00 16 40 00 00 00 00 00 00 17 40 00 00 
R01:41:02   00 00 00 00 18 40 00 00 00 00 00 00 19 40 00 00 00 00 00 00 1A 40 00 00 00 00 00 00 1B 40 00 00 
R01:41:02   00 00 00 00 1C 40 00 00 00 00 00 00 
R01:41:02   68 6A 16 5F 96 06 0D 0C 14 00 3F 06 1D 40 00 00 00 00 00 00 1E 40 00 00 00 00 00 00 1F 40 00 00 
R01:41:02   00 00 00 00 20 40 00 00 00 00 00 00 21 40 00 00 00 00 00 00 22 40 00 00 00 00 00 00 23 40 00 00 
R01:41:02   00 00 00 00 24 40 00 00 00 00 00 00 25 40 00 00 00 00 00 00 26 40 00 00 00 00 00 00 27 40 00 00 
R01:41:02   00 00 00 00 28 40 00 00 00 00 00 00 
R01:41:03   68 EA 18 5F 96 06 0D 1C 14 00 3F 06 29 40 00 00 00 00 00 00 2A 40 00 00 00 00 00 00 2B 40 00 00 
R01:41:03   00 00 00 00 2C 40 00 00 00 00 00 00 2D 40 00 00 00 00 00 00 2E 40 00 00 00 00 00 00 2F 40 00 00 
R01:41:03   00 00 00 00 30 40 00 00 00 00 00 00 31 40 00 00 00 00 00 00 32 40 00 00 00 00 00 00 33 40 00 00 
R01:41:03   00 00 00 00 34 40 00 00 00 00 00 00 35 40 00 00 00 00 00 00 36 40 00 00 00 00 00 00 37 40 00 00 
R01:41:03   00 00 00 00 38 40 00 00 00 00 00 00 39 40 00 D7 A3 06 42 00 3A 40 00 48 E1 00 42 00 3B 40 00 EB 
R01:41:03   51 02 42 00 3C 40 00 00 00 00 00 00 3D 40 00 1F C5 14 44 00 3E 40 00 5C 8F 62 C1 00 3F 40 00 77 
R01:41:03   BE 7F 3F 00 40 40 00 00 00 00 00 00 41 40 00 00 00 00 00 00 42 40 00 00 00 00 00 00 43 40 00 00 
R01:41:03   00 00 00 00 44 40 00 C2 F5 1C 42 00 
R01:41:03   68 3A 1A 5F 96 06 0D 06 14 00 3F 06 45 40 00 D3 4D 18 42 00 46 40 00 48 E1 18 42 00 47 40 00 00 
R01:41:03   00 00 00 00 48 40 00 5C 0F 2E C4 00 49 40 00 00 00 04 42 00 4A 40 00 EE 7C 7F BF 00 
S01:41:03   68 04 01 00 1C 5F 
R01:41:04   68 0E 1C 5F 96 06 64 01 0A 00 3F 06 00 00 00 14 
S01:41:04   68 0E 96 06 1E 5F 65 01 06 00 3F 06 00 00 00 05 
R01:41:05   68 0E 1E 5F 98 06 65 01 07 00 3F 06 00 00 00 05 
R01:41:05   68 4A 20 5F 98 06 CE 08 25 00 3F 06 01 64 00 00 F4 1B 49 00 02 64 00 66 66 03 44 00 03 64 00 67 
R01:41:05   66 FE 43 00 04 64 00 E7 86 F4 47 00 05 64 00 00 00 AE 42 00 06 64 00 66 A9 F4 47 00 07 64 00 66 
R01:41:05   66 86 41 00 08 64 00 00 00 8A 42 00 
R01:41:05   68 82 22 5F 98 06 CF 08 25 00 3F 06 09 64 00 F4 F2 1B 49 00 00 00 1E 01 AC 06 1A 0A 64 00 66 66 
R01:41:05   03 44 00 00 00 1E 01 AC 06 1A 0B 64 00 67 66 FE 43 00 00 00 1E 01 AC 06 1A 0C 64 00 CC 84 F4 47 
R01:41:05   00 00 00 1E 01 AC 06 1A 0D 64 00 00 00 AE 42 00 00 00 1E 01 AC 06 1A 0E 64 00 4D A7 F4 47 00 00 
R01:41:05   00 1E 01 AC 06 1A 0F 64 00 66 66 86 41 00 00 00 1E 01 AC 06 1A 10 64 00 00 00 8A 42 00 00 00 1E 
R01:41:05   01 AC 06 1A 
S01:41:05   68 04 01 00 24 5F 
R01:41:06   68 82 24 5F 98 06 CF 08 25 00 3F 06 11 64 00 39 D0 1B 49 00 00 00 00 00 AC 06 1A 12 64 00 66 66 
R01:41:06   03 44 00 00 00 00 00 AC 06 1A 13 64 00 67 66 FE 43 00 00 00 00 00 AC 06 1A 14 64 00 66 55 F4 47 
R01:41:06   00 00 00 00 00 AC 06 1A 15 64 00 00 00 AE 42 00 00 00 00 00 AC 06 1A 16 64 00 E7 77 F4 47 00 00 
R01:41:06   00 00 00 AC 06 1A 17 64 00 66 66 86 41 00 00 00 00 00 AC 06 1A 18 64 00 00 00 8A 42 00 00 00 00 
R01:41:06   00 AC 06 1A 
R01:41:06   68 82 26 5F 98 06 CF 08 25 00 3F 06 19 64 00 00 00 00 00 00 00 00 00 00 AC 06 1A 1A 64 00 00 00 
R01:41:06   00 00 00 00 00 00 00 AC 06 1A 1B 64 00 00 00 00 00 00 00 00 00 00 AC 06 1A 1C 64 00 00 00 00 00 
R01:41:06   00 00 00 00 00 AC 06 1A 1D 64 00 00 00 00 00 00 00 00 00 00 AC 06 1A 1E 64 00 00 00 00 00 00 00 
R01:41:06   00 00 00 AC 06 1A 1F 64 00 00 00 00 00 00 00 00 00 00 AC 06 1A 20 64 00 00 00 00 00 00 00 00 00 
R01:41:06   00 AC 06 1A 
R01:41:07   68 4A 28 5F 98 06 CE 08 25 00 3F 06 21 64 00 CC CC 41 43 00 22 64 00 34 33 0B 43 00 23 64 00 66 
R01:41:07   66 AA 42 00 24 64 00 CD CC EE 42 00 25 64 00 CD CC C4 42 00 26 64 00 CC CC 29 43 00 27 64 00 FF 
R01:41:07   FF 57 42 00 28 64 00 99 99 49 42 00 
R01:41:07   68 82 2A 5F 98 06 CF 08 25 00 3F 06 29 64 00 CC CC 41 43 00 00 00 1E 01 AC 06 1A 2A 64 00 34 33 
R01:41:07   0B 43 00 00 00 1E 01 AC 06 1A 2B 64 00 66 66 AA 42 00 00 00 1E 01 AC 06 1A 2C 64 00 CD CC EE 42 
R01:41:07   00 00 00 1E 01 AC 06 1A 2D 64 00 CD CC C4 42 00 00 00 1E 01 AC 06 1A 2E 64 00 CC CC 29 43 00 00 
R01:41:07   00 1E 01 AC 06 1A 2F 64 00 FF FF 57 42 00 00 00 1E 01 AC 06 1A 30 64 00 99 99 49 42 00 00 00 1E 
R01:41:07   01 AC 06 1A 
S01:41:07   68 04 01 00 2C 5F 
R01:41:08   68 82 2C 5F 98 06 CF 08 25 00 3F 06 31 64 00 CC CC 41 43 00 00 00 00 00 AC 06 1A 32 64 00 34 33 
R01:41:08   0B 43 00 00 00 00 00 AC 06 1A 33 64 00 66 66 AA 42 00 00 00 00 00 AC 06 1A 34 64 00 CD CC EE 42 
R01:41:08   00 00 00 00 00 AC 06 1A 35 64 00 CD CC C4 42 00 00 00 00 00 AC 06 1A 36 64 00 CC CC 29 43 00 00 
R01:41:08   00 00 00 AC 06 1A 37 64 00 FF FF 57 42 00 00 00 00 00 AC 06 1A 38 64 00 99 99 49 42 00 00 00 00 
R01:41:08   00 AC 06 1A 
R01:41:08   68 82 2E 5F 98 06 CF 08 25 00 3F 06 39 64 00 00 00 00 00 00 00 00 00 00 AC 06 1A 3A 64 00 00 00 
R01:41:08   00 00 00 00 00 00 00 AC 06 1A 3B 64 00 00 00 00 00 00 00 00 00 00 AC 06 1A 3C 64 00 00 00 00 00 
R01:41:08   00 00 00 00 00 AC 06 1A 3D 64 00 00 00 00 00 00 00 00 00 00 AC 06 1A 3E 64 00 00 00 00 00 00 00 
R01:41:08   00 00 00 AC 06 1A 3F 64 00 00 00 00 00 00 00 00 00 00 AC 06 1A 40 64 00 00 00 00 00 00 00 00 00 
R01:41:08   00 AC 06 1A 
R01:41:08   68 4A 30 5F 98 06 CE 08 25 00 3F 06 41 64 00 CC CC 5F 43 00 42 64 00 33 33 47 43 00 43 64 00 9A 
R01:41:08   99 22 43 00 44 64 00 CC CC 74 42 00 45 64 00 00 00 A8 42 00 46 64 00 00 00 F6 42 00 47 64 00 66 
R01:41:08   66 12 42 00 48 64 00 34 33 77 42 00 
S01:41:08   68 04 01 00 32 5F 
R01:41:09   68 82 32 5F 98 06 CF 08 25 00 3F 06 49 64 00 CC CC 5F 43 00 00 00 1E 01 AC 06 1A 4A 64 00 33 33 
R01:41:09   47 43 00 00 00 1E 01 AC 06 1A 4B 64 00 9A 99 22 43 00 00 00 1E 01 AC 06 1A 4C 64 00 CC CC 74 42 
R01:41:09   00 00 00 1E 01 AC 06 1A 4D 64 00 00 00 A8 42 00 00 00 1E 01 AC 06 1A 4E 64 00 00 00 F6 42 00 00 
R01:41:09   00 1E 01 AC 06 1A 4F 64 00 66 66 12 42 00 00 00 1E 01 AC 06 1A 50 64 00 34 33 77 42 00 00 00 1E 
R01:41:09   01 AC 06 1A 
R01:41:09   68 82 34 5F 98 06 CF 08 25 00 3F 06 51 64 00 CC CC 5F 43 00 00 00 00 00 AC 06 1A 52 64 00 33 33 
R01:41:09   47 43 00 00 00 00 00 AC 06 1A 53 64 00 9A 99 22 43 00 00 00 00 00 AC 06 1A 54 64 00 CC CC 74 42 
R01:41:09   00 00 00 00 00 AC 06 1A 55 64 00 00 00 A8 42 00 00 00 00 00 AC 06 1A 56 64 00 00 00 F6 42 00 00 
R01:41:09   00 00 00 AC 06 1A 57 64 00 66 66 12 42 00 00 00 00 00 AC 06 1A 58 64 00 34 33 77 42 00 00 00 00 
R01:41:09   00 AC 06 1A 
R01:41:10   68 82 36 5F 98 06 CF 08 25 00 3F 06 59 64 00 00 00 00 00 00 00 00 00 00 AC 06 1A 5A 64 00 00 00 
R01:41:10   00 00 00 00 00 00 00 AC 06 1A 5B 64 00 00 00 00 00 00 00 00 00 00 AC 06 1A 5C 64 00 00 00 00 00 
R01:41:10   00 00 00 00 00 AC 06 1A 5D 64 00 00 00 00 00 00 00 00 00 00 AC 06 1A 5E 64 00 00 00 00 00 00 00 
R01:41:10   00 00 00 AC 06 1A 5F 64 00 00 00 00 00 00 00 00 00 00 AC 06 1A 60 64 00 00 00 00 00 00 00 00 00 
R01:41:10   00 AC 06 1A 
R01:41:10   68 4A 38 5F 98 06 CE 08 25 00 3F 06 61 64 00 C0 AA 0B 48 00 62 64 00 66 66 18 43 00 63 64 00 99 
R01:41:10   99 C9 42 00 64 64 00 98 B5 6F 46 00 65 64 00 34 33 8B 42 00 66 64 00 CC 7C 70 46 00 67 64 00 67 
R01:41:10   66 4E 42 00 68 64 00 33 33 47 42 00 
S01:41:10   68 04 01 00 3A 5F 
R01:41:11   68 82 3A 5F 98 06 CF 08 25 00 3F 06 69 64 00 66 A9 0B 48 00 00 00 1E 01 AC 06 1A 6A 64 00 66 66 
R01:41:11   18 43 00 00 00 1E 01 AC 06 1A 6B 64 00 99 99 C9 42 00 00 00 1E 01 AC 06 1A 6C 64 00 34 B3 6F 46 
R01:41:11   00 00 00 1E 01 AC 06 1A 6D 64 00 34 33 8B 42 00 00 00 1E 01 AC 06 1A 6E 64 00 68 7A 70 46 00 00 
R01:41:11   00 1E 01 AC 06 1A 6F 64 00 67 66 4E 42 00 00 00 1E 01 AC 06 1A 70 64 00 33 33 47 42 00 00 00 1E 
R01:41:11   01 AC 06 1A 
R01:41:11   68 82 3C 5F 98 06 CF 08 25 00 3F 06 71 64 00 8C 9A 0B 48 00 00 00 00 00 AC 06 1A 72 64 00 66 66 
R01:41:11   18 43 00 00 00 00 00 AC 06 1A 73 64 00 99 99 C9 42 00 00 00 00 00 AC 06 1A 74 64 00 00 A0 6F 46 
R01:41:11   00 00 00 00 00 AC 06 1A 75 64 00 34 33 8B 42 00 00 00 00 00 AC 06 1A 76 64 00 34 67 70 46 00 00 
R01:41:11   00 00 00 AC 06 1A 77 64 00 67 66 4E 42 00 00 00 00 00 AC 06 1A 78 64 00 33 33 47 42 00 00 00 00 
R01:41:11   00 AC 06 1A 
R01:41:11   68 82 3E 5F 98 06 CF 08 25 00 3F 06 79 64 00 FF 44 DE 47 00 3A AE 25 0D F1 05 1A 7A 64 00 66 66 
R01:41:11   18 43 00 3A AE 25 0D F1 05 1A 7B 64 00 99 99 C9 42 00 3A AE 25 0D F1 05 1A 7C 64 00 67 46 50 46 
R01:41:11   00 3A AE 25 0D F1 05 1A 7D 64 00 34 33 8B 42 00 3A AE 25 0D F1 05 1A 7E 64 00 33 0B 51 46 00 3A 
R01:41:11   AE 25 0D F1 05 1A 7F 64 00 67 66 4E 42 00 3A AE 25 0D F1 05 1A 80 64 00 CD CC 44 42 00 3A AE 25 
R01:41:11   0D F1 05 1A 
S01:41:11   68 04 01 00 40 5F 
R01:41:12   68 4A 40 5F 98 06 CE 08 25 00 3F 06 81 64 00 14 7F 48 4A 00 82 64 00 CC 6C 38 46 00 83 64 00 9A 
R01:41:12   31 2A 46 00 84 64 00 4D 4E F0 47 00 85 64 00 CC 4C 8A 43 00 86 64 00 99 81 F0 47 00 87 64 00 34 
R01:41:12   B3 63 44 00 88 64 00 34 33 CD 42 00 
R01:41:12   68 82 42 5F 98 06 CF 08 25 00 3F 06 89 64 00 68 7D 48 4A 00 00 00 1E 01 AC 06 1A 8A 64 00 CC 6C 
R01:41:12   38 46 00 00 00 1E 01 AC 06 1A 8B 64 00 9A 31 2A 46 00 00 00 1E 01 AC 06 1A 8C 64 00 CD 4C F0 47 
R01:41:12   00 00 00 1E 01 AC 06 1A 8D 64 00 CC 4C 8A 43 00 00 00 1E 01 AC 06 1A 8E 64 00 19 80 F0 47 00 00 
R01:41:12   00 1E 01 AC 06 1A 8F 64 00 34 B3 63 44 00 00 00 1E 01 AC 06 1A 90 64 00 34 33 CD 42 00 00 00 1E 
R01:41:12   01 AC 06 1A 
R01:41:13   68 82 44 5F 98 06 CF 08 25 00 3F 06 91 64 00 AE 6C 48 4A 00 00 00 00 00 AC 06 1A 92 64 00 CC 6C 
R01:41:13   38 46 00 00 00 00 00 AC 06 1A 93 64 00 9A 31 2A 46 00 00 00 00 00 AC 06 1A 94 64 00 B3 3E F0 47 
R01:41:13   00 00 00 00 00 AC 06 1A 95 64 00 CC 4C 8A 43 00 00 00 00 00 AC 06 1A 96 64 00 00 72 F0 47 00 00 
R01:41:13   00 00 00 AC 06 1A 97 64 00 34 B3 63 44 00 00 00 00 00 AC 06 1A 98 64 00 34 33 CD 42 00 00 00 00 
R01:41:13   00 AC 06 1A 
R01:41:13   68 82 46 5F 98 06 CF 08 25 00 3F 06 99 64 00 2B C0 DB 49 00 BB 6F 25 0B 6F 04 1A 9A 64 00 00 00 
R01:41:13   99 44 00 BB 6F 25 0B 6F 04 1A 9B 64 00 9A 99 9C 43 00 BB 6F 25 0B 6F 04 1A 9C 64 00 CC 8A AC 47 
R01:41:13   00 BB 6F 25 0B 6F 04 1A 9D 64 00 66 66 89 43 00 BB 6F 25 0B 6F 04 1A 9E 64 00 19 BE AC 47 00 BB 
R01:41:13   6F 25 0B 6F 04 1A 9F 64 00 34 B3 63 44 00 BB 6F 25 0B 6F 04 1A A0 64 00 34 33 CD 42 00 BB 6F 25 
R01:41:13   0B 6F 04 1A 
S01:41:13   68 04 01 00 48 5F 
R01:41:14   68 4A 48 5F 98 06 CE 08 25 00 3F 06 A1 64 00 33 73 4C 44 00 A2 64 00 0D AA 69 48 00 A3 64 00 98 
R01:41:14   99 CF 42 00 A4 64 00 66 26 AE 44 00 A5 64 00 4D 54 79 4A 00 A6 64 00 34 5B F9 45 00 A7 64 00 18 
R01:41:14   90 69 48 00 A8 64 00 9A D1 CD 45 00 
R01:41:14   68 82 4A 5F 98 06 CF 08 25 00 3F 06 A9 64 00 33 73 4C 44 00 00 00 1E 01 AC 06 1A AA 64 00 3F A8 
R01:41:14   69 48 00 00 00 1E 01 AC 06 1A AB 64 00 98 99 CF 42 00 00 00 1E 01 AC 06 1A AC 64 00 66 26 AE 44 
R01:41:14   00 00 00 1E 01 AC 06 1A AD 64 00 43 52 79 4A 00 00 00 1E 01 AC 06 1A AE 64 00 34 5B F9 45 00 00 
R01:41:14   00 1E 01 AC 06 1A AF 64 00 4C 8E 69 48 00 00 00 1E 01 AC 06 1A B0 64 00 9A D1 CD 45 00 00 00 1E 
R01:41:14   01 AC 06 1A 
R01:41:15   68 82 4C 5F 98 06 CF 08 25 00 3F 06 B1 64 00 33 73 4C 44 00 00 00 00 00 AC 06 1A B2 64 00 27 8B 
R01:41:15   69 48 00 00 00 00 00 AC 06 1A B3 64 00 98 99 CF 42 00 00 00 00 00 AC 06 1A B4 64 00 66 26 AE 44 
R01:41:15   00 00 00 00 00 AC 06 1A B5 64 00 CB 37 79 4A 00 00 00 00 00 AC 06 1A B6 64 00 34 5B F9 45 00 00 
R01:41:15   00 00 00 AC 06 1A B7 64 00 34 71 69 48 00 00 00 00 00 AC 06 1A B8 64 00 9A D1 CD 45 00 00 00 00 
R01:41:15   00 AC 06 1A 
S01:41:15   68 04 01 00 4E 5F 
R01:41:15   68 82 4E 5F 98 06 CF 08 25 00 3F 06 B9 64 00 33 73 4C 44 00 7A 6D 25 0B 6F 04 1A BA 64 00 00 A3 
R01:41:15   1E 48 00 7A 6D 25 0B 6F 04 1A BB 64 00 98 99 CF 42 00 7A 6D 25 0B 6F 04 1A BC 64 00 66 26 AE 44 
R01:41:15   00 7A 6D 25 0B 6F 04 1A BD 64 00 7A F6 0A 4A 00 7A 6D 25 0B 6F 04 1A BE 64 00 CC 0C BB 44 00 7A 
R01:41:15   6D 25 0B 6F 04 1A BF 64 00 0D 89 1E 48 00 7A 6D 25 0B 6F 04 1A C0 64 00 67 66 CE 42 00 7A 6D 25 
R01:41:15   0B 6F 04 1A 
R01:41:16   68 0E 50 5F 98 06 65 01 0A 00 3F 06 00 00 00 05 
S01:41:16   68 14 98 06 52 5F 67 01 06 00 3F 06 00 00 00 53 40 29 01 AC 06 1A 
R01:41:17   68 14 52 5F 9A 06 67 01 07 00 3F 06 00 00 00 53 40 29 01 AC 06 1A 
S01:41:26   68 04 01 00 54 5F 
S01:41:42   68 04 43 00 00 00 
R01:41:42   68 04 83 00 00 00 
S01:41:58   68 04 43 00 00 00 
R01:41:58   68 04 83 00 00 00 
S01:42:14   68 04 43 00 00 00 
R01:42:14   68 04 83 00 00 00 
S01:42:30   68 04 43 00 00 00 
R01:42:30   68 04 83 00 00 00 
R01:42:32   68 22 54 5F 9A 06 0D 03 03 00 3F 06 0D 40 00 00 00 C0 40 00 0E 40 00 62 10 C8 40 00 13 40 00 8F 
R01:42:32   C2 75 3F 00 
S01:42:32   68 04 01 00 56 5F 
R01:42:35   68 12 56 5F 9A 06 0D 01 03 00 3F 06 13 40 00 48 E1 7A 3F 00 
R01:42:36   68 12 58 5F 9A 06 0D 01 03 00 3F 06 13 40 00 6A BC 74 3F 00 
R01:42:37   68 12 5A 5F 9A 06 0D 01 03 00 3F 06 13 40 00 2F DD 44 3F 00 
S01:42:37   68 04 01 00 5C 5F 
R01:42:38   68 12 5C 5F 9A 06 0D 01 03 00 3F 06 13 40 00 00 00 00 00 00 
R01:42:39   68 12 5E 5F 9A 06 0D 01 03 00 3F 06 13 40 00 F4 FD 74 3F 00 
R01:42:40   68 12 60 5F 9A 06 0D 01 03 00 3F 06 13 40 00 00 00 00 00 00 
S01:42:40   68 04 01 00 62 5F 
R01:42:41   68 12 62 5F 9A 06 0D 01 03 00 3F 06 13 40 00 06 81 75 3F 00 
R01:42:46   68 12 64 5F 9A 06 0D 01 03 00 3F 06 0F 40 00 00 00 C0 40 00 
R01:42:49   68 12 66 5F 9A 06 0D 01 03 00 3F 06 13 40 00 54 E3 45 3F 00 
S01:42:49   68 04 01 00 68 5F 
R01:42:50   68 12 68 5F 9A 06 0D 01 03 00 3F 06 0D 40 00 00 00 00 00 00 
R01:42:51   68 12 6A 5F 9A 06 0D 01 03 00 3F 06 0D 40 00 00 00 C0 40 00 
R01:42:52   68 12 6C 5F 9A 06 0D 01 03 00 3F 06 0D 40 00 00 00 00 00 00 
S01:42:52   68 04 01 00 6E 5F 
R01:42:53   68 12 6E 5F 9A 06 0D 01 03 00 3F 06 0D 40 00 00 00 C0 40 00 
R01:42:54   68 1A 70 5F 9A 06 0D 02 03 00 3F 06 0F 40 00 00 00 00 00 00 13 40 00 19 04 76 3F 00 
R01:42:55   68 22 72 5F 9A 06 0D 03 03 00 3F 06 0D 40 00 00 00 00 00 00 0F 40 00 00 00 C0 40 00 13 40 00 54 
R01:42:55   E3 45 3F 00 
S01:42:55   68 04 01 00 74 5F 
R01:42:56   68 1A 74 5F 9A 06 0D 02 03 00 3F 06 0F 40 00 00 00 00 00 00 13 40 00 00 00 00 00 00 
R01:42:57   68 1A 76 5F 9A 06 0D 02 03 00 3F 06 0F 40 00 00 00 C0 40 00 13 40 00 27 31 48 3F 00 
R01:42:59   68 12 78 5F 9A 06 0D 01 03 00 3F 06 13 40 00 BE 9F 7A 3F 00 
S01:42:59   68 04 01 00 7A 5F 
R01:43:01   68 12 7A 5F 9A 06 0D 01 03 00 3F 06 0D 40 00 00 00 C0 40 00 
R01:43:02   68 12 7C 5F 9A 06 0D 01 03 00 3F 06 0D 40 00 00 00 00 00 00 
R01:43:03   68 12 7E 5F 9A 06 0D 01 03 00 3F 06 0D 40 00 00 00 C0 40 00 
S01:43:03   68 04 01 00 80 5F 
S01:43:19   68 04 43 00 00 00 
R01:43:19   68 04 83 00 00 00 
S01:43:35   68 04 43 00 00 00 
R01:43:35   68 04 83 00 00 00 
R01:43:49   68 1A 80 5F 9A 06 0D 02 03 00 3F 06 44 40 00 54 E3 3D 42 00 46 40 00 8B 6C 39 42 00 
S01:43:49   68 04 01 00 82 5F 
R01:43:50   68 12 82 5F 9A 06 0D 01 03 00 3F 06 45 40 00 3D 0A 33 42 00 
R01:43:52   68 12 84 5F 9A 06 0D 01 03 00 3F 06 0E 40 00 31 08 44 41 00 
R01:43:54   68 1A 86 5F 9A 06 0D 02 03 00 3F 06 0D 40 00 E1 7A 4C 41 00 0F 40 00 F1 D2 4D 41 00 
S01:43:54   68 04 01 00 88 5F 
S01:44:10   68 04 43 00 00 00 
R01:44:10   68 04 83 00 00 00 
S01:44:26   68 04 43 00 00 00 
R01:44:26   68 04 83 00 00 00 
S01:44:42   68 04 43 00 00 00 
R01:44:42   68 04 83 00 00 00 
S01:44:58   68 04 43 00 00 00 
R01:44:58   68 04 83 00 00 00 
S01:45:14   68 04 43 00 00 00 
R01:45:14   68 04 83 00 00 00 
S01:45:30   68 04 43 00 00 00 
R01:45:30   68 04 83 00 00 00 
S01:45:46   68 04 43 00 00 00 
R01:45:46   68 04 83 00 00 00 
S01:46:02   68 04 43 00 00 00 
R01:46:02   68 04 83 00 00 00 
S01:46:18   68 04 43 00 00 00 
R01:46:18   68 04 83 00 00 00 
S01:46:34   68 04 43 00 00 00 
R01:46:34   68 04 83 00 00 00 
S01:46:50   68 04 43 00 00 00 
R01:46:50   68 04 83 00 00 00 
S01:47:06   68 04 43 00 00 00 
R01:47:06   68 04 83 00 00 00 
S01:47:22   68 04 43 00 00 00 
R01:47:22   68 04 83 00 00 00 
S01:47:38   68 04 43 00 00 00 
R01:47:38   68 04 83 00 00 00 
S01:47:54   68 04 43 00 00 00 
R01:47:55   68 04 83 00 00 00 
S01:48:11   68 04 43 00 00 00 
R01:48:11   68 04 83 00 00 00 
S01:48:27   68 04 43 00 00 00 
R01:48:28   68 04 83 00 00 00 
S01:48:44   68 04 43 00 00 00 
R01:48:45   68 04 83 00 00 00 
S01:49:01   68 04 43 00 00 00 
R01:49:02   68 04 83 00 00 00 
S01:49:18   68 04 43 00 00 00 
R01:49:19   68 04 83 00 00 00 
S01:49:35   68 04 43 00 00 00 
R01:49:36   68 04 83 00 00 00 
S01:49:52   68 04 43 00 00 00 
R01:49:53   68 04 83 00 00 00 
S01:50:09   68 04 43 00 00 00 
R01:50:10   68 04 83 00 00 00 
S01:50:26   68 04 43 00 00 00 
R01:50:27   68 04 83 00 00 00 
S01:50:43   68 04 43 00 00 00 
R01:50:44   68 04 83 00 00 00 
S01:51:00   68 04 43 00 00 00 
R01:51:01   68 04 83 00 00 00 
S01:51:17   68 04 43 00 00 00 
R01:51:18   68 04 83 00 00 00 
S01:51:34   68 04 43 00 00 00 
R01:51:34   68 04 83 00 00 00 
S01:51:50   68 04 43 00 00 00 
R01:51:51   68 04 83 00 00 00 
S01:52:07   68 04 43 00 00 00 
R01:52:07   68 04 83 00 00 00 
S01:52:23   68 04 43 00 00 00 
R01:52:23   68 04 83 00 00 00 
S01:52:39   68 04 43 00 00 00 
R01:52:39   68 04 83 00 00 00 
S01:52:55   68 04 43 00 00 00 
R01:52:55   68 04 83 00 00 00 
S01:53:11   68 04 43 00 00 00 
R01:53:11   68 04 83 00 00 00 
S01:53:27   68 04 43 00 00 00 
R01:53:27   68 04 83 00 00 00 
S01:53:43   68 04 43 00 00 00 
R01:53:43   68 04 83 00 00 00 
S01:53:59   68 04 43 00 00 00 
R01:53:59   68 04 83 00 00 00 
S01:54:15   68 04 43 00 00 00 
R01:54:15   68 04 83 00 00 00 
S01:54:31   68 04 43 00 00 00 
R01:54:31   68 04 83 00 00 00 
S01:54:47   68 04 43 00 00 00 
R01:54:47   68 04 83 00 00 00 
S01:55:03   68 04 43 00 00 00 
R01:55:03   68 04 83 00 00 00 
S01:55:19   68 04 43 00 00 00 
R01:55:19   68 04 83 00 00 00 
R01:55:20   68 12 88 5F 9A 06 0D 01 03 00 3F 06 44 40 00 50 8D 25 42 00 
S01:55:20   68 04 01 00 8A 5F 
S01:55:36   68 04 43 00 00 00 
R01:55:36   68 04 83 00 00 00 
S01:55:52   68 04 43 00 00 00 
R01:55:52   68 04 83 00 00 00 
S01:55:59   68 0E 9A 06 8A 5F 64 01 06 00 3F 06 00 00 00 14 
R01:55:59   68 0E 8A 5F 9C 06 64 01 07 00 3F 06 00 00 00 14 
S01:55:59   68 04 01 00 8C 5F 
R01:56:00   68 E6 8C 5F 9C 06 01 37 14 00 3F 06 01 00 00 00 02 00 00 00 03 00 00 00 04 00 00 00 05 00 00 00 
R01:56:00   06 00 00 00 07 00 00 01 08 00 00 00 09 00 00 00 0A 00 00 00 0B 00 00 00 0C 00 00 00 0D 00 00 00 
R01:56:00   0E 00 00 00 0F 00 00 00 10 00 00 00 11 00 00 00 12 00 00 00 13 00 00 00 14 00 00 00 15 00 00 00 
R01:56:00   16 00 00 00 17 00 00 00 18 00 00 00 19 00 00 00 1A 00 00 01 1B 00 00 01 1C 00 00 00 1D 00 00 01 
R01:56:00   1E 00 00 01 1F 00 00 01 20 00 00 00 21 00 00 00 22 00 00 00 23 00 00 00 24 00 00 00 25 00 00 00 
R01:56:00   26 00 00 00 27 00 00 00 28 00 00 00 29 00 00 01 2A 00 00 00 2B 00 00 00 2C 00 00 00 2D 00 00 00 
R01:56:00   2E 00 00 00 2F 00 00 00 30 00 00 00 31 00 00 00 32 00 00 00 33 00 00 00 34 00 00 00 35 00 00 00 
R01:56:00   36 00 00 00 37 00 00 00 
R01:56:00   68 D2 8E 5F 9C 06 01 32 14 00 3F 06 38 00 00 00 39 00 00 00 3A 00 00 00 3B 00 00 01 3C 00 00 00 
R01:56:00   3D 00 00 00 3E 00 00 01 3F 00 00 01 40 00 00 00 41 00 00 00 42 00 00 01 43 00 00 00 44 00 00 00 
R01:56:00   45 00 00 00 46 00 00 00 47 00 00 00 48 00 00 00 49 00 00 00 4A 00 00 01 4B 00 00 00 4C 00 00 00 
R01:56:00   4D 00 00 00 4E 00 00 00 4F 00 00 00 50 00 00 00 51 00 00 00 52 00 00 00 53 00 00 00 54 00 00 00 
R01:56:00   55 00 00 00 56 00 00 00 57 00 00 00 58 00 00 00 59 00 00 00 5A 00 00 00 5B 00 00 00 5C 00 00 01 
R01:56:00   5D 00 00 00 5E 00 00 00 5F 00 00 01 60 00 00 01 61 00 00 00 62 00 00 00 63 00 00 01 64 00 00 00 
R01:56:00   65 00 00 00 66 00 00 00 67 00 00 00 68 00 00 00 69 00 00 00 
R01:56:00   68 E6 90 5F 9C 06 01 37 14 00 3F 06 69 00 00 00 6A 00 00 01 6B 00 00 00 6C 00 00 00 6D 00 00 00 
R01:56:00   6E 00 00 00 6F 00 00 00 70 00 00 00 71 00 00 00 72 00 00 00 73 00 00 00 74 00 00 00 75 00 00 00 
R01:56:00   76 00 00 00 77 00 00 00 78 00 00 00 79 00 00 00 7A 00 00 00 7B 00 00 00 7C 00 00 00 7D 00 00 01 
R01:56:00   7E 00 00 01 7F 00 00 00 80 00 00 01 81 00 00 01 82 00 00 01 83 00 00 00 84 00 00 00 85 00 00 00 
R01:56:00   86 00 00 00 87 00 00 00 88 00 00 00 89 00 00 00 8A 00 00 00 8B 00 00 01 8C 00 00 00 8D 00 00 00 
R01:56:00   8E 00 00 00 8F 00 00 00 90 00 00 00 91 00 00 00 92 00 00 00 93 00 00 00 94 00 00 00 95 00 00 00 
R01:56:00   96 00 00 00 97 00 00 00 98 00 00 00 99 00 00 00 9A 00 00 00 9B 00 00 00 9C 00 00 00 9D 00 00 00 
R01:56:00   9E 00 00 01 9F 00 00 00 
S01:56:00   68 04 01 00 92 5F 
R01:56:01   68 A6 92 5F 9C 06 01 27 14 00 3F 06 A0 00 00 00 A1 00 00 01 A2 00 00 01 A3 00 00 01 A4 00 00 00 
R01:56:01   A5 00 00 00 A6 00 00 00 A7 00 00 00 A8 00 00 00 A9 00 00 00 AA 00 00 00 AB 00 00 00 AC 00 00 01 
R01:56:01   AD 00 00 00 AE 00 00 00 AF 00 00 00 B0 00 00 00 B1 00 00 00 B2 00 00 00 B3 00 00 00 B4 00 00 00 
R01:56:01   B5 00 00 00 B6 00 00 00 B7 00 00 00 B8 00 00 00 B9 00 00 00 BA 00 00 00 BB 00 00 00 BC 00 00 00 
R01:56:01   BD 00 00 00 BE 00 00 00 BF 00 00 01 C0 00 00 00 C1 00 00 00 C2 00 00 01 C3 00 00 01 C4 00 00 01 
R01:56:01   C5 00 00 00 C6 00 00 00 
R01:56:01   68 EA 94 5F 9C 06 0D 1C 14 00 3F 06 01 40 00 00 00 66 43 00 02 40 00 00 00 59 42 00 03 40 00 69 
R01:56:01   91 27 41 00 04 40 00 00 00 00 00 00 05 40 00 7B 14 28 41 00 06 40 00 00 00 00 00 00 07 40 00 FA 
R01:56:01   FE 47 42 00 08 40 00 00 00 00 00 00 09 40 00 00 00 00 00 00 0A 40 00 00 00 00 00 00 0B 40 00 00 
R01:56:01   00 00 00 00 0C 40 00 00 00 00 00 00 0D 40 00 9E EF 07 41 00 0E 40 00 10 58 11 41 00 0F 40 00 87 
R01:56:01   16 09 41 00 10 40 00 00 00 00 00 00 11 40 00 52 B8 1C 43 00 12 40 00 B8 1E A5 C1 00 13 40 00 2D 
R01:56:01   B2 7D 3F 00 14 40 00 00 00 00 00 00 15 40 00 00 00 00 00 00 16 40 00 00 00 00 00 00 17 40 00 00 
R01:56:01   00 00 00 00 18 40 00 00 00 00 00 00 19 40 00 00 00 00 00 00 1A 40 00 00 00 00 00 00 1B 40 00 00 
R01:56:01   00 00 00 00 1C 40 00 00 00 00 00 00 
R01:56:02   68 6A 96 5F 9C 06 0D 0C 14 00 3F 06 1D 40 00 00 00 00 00 00 1E 40 00 00 00 00 00 00 1F 40 00 00 
R01:56:02   00 00 00 00 20 40 00 00 00 00 00 00 21 40 00 00 00 00 00 00 22 40 00 00 00 00 00 00 23 40 00 00 
R01:56:02   00 00 00 00 24 40 00 00 00 00 00 00 25 40 00 00 00 00 00 00 26 40 00 00 00 00 00 00 27 40 00 00 
R01:56:02   00 00 00 00 28 40 00 00 00 00 00 00 
S01:56:02   68 04 01 00 98 5F 
R01:56:02   68 EA 98 5F 9C 06 0D 1C 14 00 3F 06 29 40 00 00 00 00 00 00 2A 40 00 00 00 00 00 00 2B 40 00 00 
R01:56:02   00 00 00 00 2C 40 00 00 00 00 00 00 2D 40 00 00 00 00 00 00 2E 40 00 00 00 00 00 00 2F 40 00 00 
R01:56:02   00 00 00 00 30 40 00 00 00 00 00 00 31 40 00 00 00 00 00 00 32 40 00 00 00 00 00 00 33 40 00 00 
R01:56:02   00 00 00 00 34 40 00 00 00 00 00 00 35 40 00 00 00 00 00 00 36 40 00 00 00 00 00 00 37 40 00 00 
R01:56:02   00 00 00 00 38 40 00 00 00 00 00 00 39 40 00 2E DD FC 41 00 3A 40 00 64 3B EF 41 00 3B 40 00 E2 
R01:56:02   7A FC 41 00 3C 40 00 00 00 00 00 00 3D 40 00 5C 4F 0C 44 00 3E 40 00 48 E1 5A C1 00 3F 40 00 77 
R01:56:02   BE 7F 3F 00 40 40 00 00 00 00 00 00 41 40 00 00 00 00 00 00 42 40 00 00 00 00 00 00 43 40 00 00 
R01:56:02   00 00 00 00 44 40 00 C2 F5 28 42 00 
R01:56:03   68 3A 9A 5F 9C 06 0D 06 14 00 3F 06 45 40 00 7D 3F 23 42 00 46 40 00 5C 8F 26 42 00 47 40 00 00 
R01:56:03   00 00 00 00 48 40 00 00 40 3C C4 00 49 40 00 14 AE F7 41 00 4A 40 00 77 BE 7F BF 00 
R01:56:03   68 0E 9C 5F 9C 06 64 01 0A 00 3F 06 00 00 00 14 
S01:56:03   68 0E 9C 06 9E 5F 65 01 06 00 3F 06 00 00 00 05 
R01:56:04   68 0E 9E 5F 9E 06 65 01 07 00 3F 06 00 00 00 05 
R01:56:04   68 4A A0 5F 9E 06 CE 08 25 00 3F 06 01 64 00 0A F7 1B 49 00 02 64 00 66 66 03 44 00 03 64 00 67 
R01:56:04   66 FE 43 00 04 64 00 80 8A F4 47 00 05 64 00 00 00 AE 42 00 06 64 00 00 AD F4 47 00 07 64 00 66 
R01:56:04   66 86 41 00 08 64 00 00 00 8A 42 00 
R01:56:05   68 82 A2 5F 9E 06 CF 08 25 00 3F 06 09 64 00 9A F4 1B 49 00 00 00 2D 01 AC 06 1A 0A 64 00 66 66 
R01:56:05   03 44 00 00 00 2D 01 AC 06 1A 0B 64 00 67 66 FE 43 00 00 00 2D 01 AC 06 1A 0C 64 00 CD 87 F4 47 
R01:56:05   00 00 00 2D 01 AC 06 1A 0D 64 00 00 00 AE 42 00 00 00 2D 01 AC 06 1A 0E 64 00 4C AA F4 47 00 00 
R01:56:05   00 2D 01 AC 06 1A 0F 64 00 66 66 86 41 00 00 00 2D 01 AC 06 1A 10 64 00 00 00 8A 42 00 00 00 2D 
R01:56:05   01 AC 06 1A 
S01:56:05   68 04 01 00 A4 5F 
R01:56:05   68 82 A4 5F 9E 06 CF 08 25 00 3F 06 11 64 00 39 D0 1B 49 00 00 00 00 00 AC 06 1A 12 64 00 66 66 
R01:56:05   03 44 00 00 00 00 00 AC 06 1A 13 64 00 67 66 FE 43 00 00 00 00 00 AC 06 1A 14 64 00 66 55 F4 47 
R01:56:05   00 00 00 00 00 AC 06 1A 15 64 00 00 00 AE 42 00 00 00 00 00 AC 06 1A 16 64 00 E7 77 F4 47 00 00 
R01:56:05   00 00 00 AC 06 1A 17 64 00 66 66 86 41 00 00 00 00 00 AC 06 1A 18 64 00 00 00 8A 42 00 00 00 00 
R01:56:05   00 AC 06 1A 
R01:56:05   68 82 A6 5F 9E 06 CF 08 25 00 3F 06 19 64 00 00 00 00 00 00 00 00 00 00 AC 06 1A 1A 64 00 00 00 
R01:56:05   00 00 00 00 00 00 00 AC 06 1A 1B 64 00 00 00 00 00 00 00 00 00 00 AC 06 1A 1C 64 00 00 00 00 00 
R01:56:05   00 00 00 00 00 AC 06 1A 1D 64 00 00 00 00 00 00 00 00 00 00 AC 06 1A 1E 64 00 00 00 00 00 00 00 
R01:56:05   00 00 00 AC 06 1A 1F 64 00 00 00 00 00 00 00 00 00 00 AC 06 1A 20 64 00 00 00 00 00 00 00 00 00 
R01:56:05   00 AC 06 1A 
R01:56:06   68 4A A8 5F 9E 06 CE 08 25 00 3F 06 21 64 00 CC CC 41 43 00 22 64 00 34 33 0B 43 00 23 64 00 66 
R01:56:06   66 AA 42 00 24 64 00 CD CC EE 42 00 25 64 00 CD CC C4 42 00 26 64 00 CC CC 29 43 00 27 64 00 FF 
R01:56:06   FF 57 42 00 28 64 00 99 99 49 42 00 
R01:56:06   68 82 AA 5F 9E 06 CF 08 25 00 3F 06 29 64 00 CC CC 41 43 00 00 00 2D 01 AC 06 1A 2A 64 00 34 33 
R01:56:06   0B 43 00 00 00 2D 01 AC 06 1A 2B 64 00 66 66 AA 42 00 00 00 2D 01 AC 06 1A 2C 64 00 CD CC EE 42 
R01:56:06   00 00 00 2D 01 AC 06 1A 2D 64 00 CD CC C4 42 00 00 00 2D 01 AC 06 1A 2E 64 00 CC CC 29 43 00 00 
R01:56:06   00 2D 01 AC 06 1A 2F 64 00 FF FF 57 42 00 00 00 2D 01 AC 06 1A 30 64 00 99 99 49 42 00 00 00 2D 
R01:56:06   01 AC 06 1A 
S01:56:06   68 04 01 00 AC 5F 
R01:56:07   68 82 AC 5F 9E 06 CF 08 25 00 3F 06 31 64 00 CC CC 41 43 00 00 00 00 00 AC 06 1A 32 64 00 34 33 
R01:56:07   0B 43 00 00 00 00 00 AC 06 1A 33 64 00 66 66 AA 42 00 00 00 00 00 AC 06 1A 34 64 00 CD CC EE 42 
R01:56:07   00 00 00 00 00 AC 06 1A 35 64 00 CD CC C4 42 00 00 00 00 00 AC 06 1A 36 64 00 CC CC 29 43 00 00 
R01:56:07   00 00 00 AC 06 1A 37 64 00 FF FF 57 42 00 00 00 00 00 AC 06 1A 38 64 00 99 99 49 42 00 00 00 00 
R01:56:07   00 AC 06 1A 
R01:56:07   68 82 AE 5F 9E 06 CF 08 25 00 3F 06 39 64 00 00 00 00 00 00 00 00 00 00 AC 06 1A 3A 64 00 00 00 
R01:56:07   00 00 00 00 00 00 00 AC 06 1A 3B 64 00 00 00 00 00 00 00 00 00 00 AC 06 1A 3C 64 00 00 00 00 00 
R01:56:07   00 00 00 00 00 AC 06 1A 3D 64 00 00 00 00 00 00 00 00 00 00 AC 06 1A 3E 64 00 00 00 00 00 00 00 
R01:56:07   00 00 00 AC 06 1A 3F 64 00 00 00 00 00 00 00 00 00 00 AC 06 1A 40 64 00 00 00 00 00 00 00 00 00 
R01:56:07   00 AC 06 1A 
R01:56:07   68 4A B0 5F 9E 06 CE 08 25 00 3F 06 41 64 00 CC CC 5F 43 00 42 64 00 33 33 47 43 00 43 64 00 9A 
R01:56:07   99 22 43 00 44 64 00 CC CC 74 42 00 45 64 00 00 00 A8 42 00 46 64 00 00 00 F6 42 00 47 64 00 66 
R01:56:07   66 12 42 00 48 64 00 34 33 77 42 00 
S01:56:07   68 04 01 00 B2 5F 
R01:56:08   68 82 B2 5F 9E 06 CF 08 25 00 3F 06 49 64 00 CC CC 5F 43 00 00 00 2D 01 AC 06 1A 4A 64 00 33 33 
R01:56:08   47 43 00 00 00 2D 01 AC 06 1A 4B 64 00 9A 99 22 43 00 00 00 2D 01 AC 06 1A 4C 64 00 CC CC 74 42 
R01:56:08   00 00 00 2D 01 AC 06 1A 4D 64 00 00 00 A8 42 00 00 00 2D 01 AC 06 1A 4E 64 00 00 00 F6 42 00 00 
R01:56:08   00 2D 01 AC 06 1A 4F 64 00 66 66 12 42 00 00 00 2D 01 AC 06 1A 50 64 00 34 33 77 42 00 00 00 2D 
R01:56:08   01 AC 06 1A 
R01:56:08   68 82 B4 5F 9E 06 CF 08 25 00 3F 06 51 64 00 CC CC 5F 43 00 00 00 00 00 AC 06 1A 52 64 00 33 33 
R01:56:08   47 43 00 00 00 00 00 AC 06 1A 53 64 00 9A 99 22 43 00 00 00 00 00 AC 06 1A 54 64 00 CC CC 74 42 
R01:56:08   00 00 00 00 00 AC 06 1A 55 64 00 00 00 A8 42 00 00 00 00 00 AC 06 1A 56 64 00 00 00 F6 42 00 00 
R01:56:08   00 00 00 AC 06 1A 57 64 00 66 66 12 42 00 00 00 00 00 AC 06 1A 58 64 00 34 33 77 42 00 00 00 00 
R01:56:08   00 AC 06 1A 
R01:56:13   68 82 B6 5F 9E 06 CF 08 25 00 3F 06 59 64 00 00 00 00 00 00 00 00 00 00 AC 06 1A 5A 64 00 00 00 
R01:56:13   00 00 00 00 00 00 00 AC 06 1A 5B 64 00 00 00 00 00 00 00 00 00 00 AC 06 1A 5C 64 00 00 00 00 00 
R01:56:13   00 00 00 00 00 AC 06 1A 5D 64 00 00 00 00 00 00 00 00 00 00 AC 06 1A 5E 64 00 00 00 00 00 00 00 
R01:56:13   00 00 00 AC 06 1A 5F 64 00 00 00 00 00 00 00 00 00 00 AC 06 1A 60 64 00 00 00 00 00 00 00 00 00 
R01:56:13   00 AC 06 1A 
R01:56:13   68 4A B8 5F 9E 06 CE 08 25 00 3F 06 61 64 00 DA AC 0B 48 00 62 64 00 66 66 18 43 00 63 64 00 99 
R01:56:13   99 C9 42 00 64 64 00 67 BA 6F 46 00 65 64 00 34 33 8B 42 00 66 64 00 99 81 70 46 00 67 64 00 67 
R01:56:13   66 4E 42 00 68 64 00 33 33 47 42 00 
R01:56:13   68 82 BA 5F 9E 06 CF 08 25 00 3F 06 69 64 00 5A AB 0B 48 00 00 00 2D 01 AC 06 1A 6A 64 00 66 66 
R01:56:13   18 43 00 00 00 2D 01 AC 06 1A 6B 64 00 99 99 C9 42 00 00 00 2D 01 AC 06 1A 6C 64 00 00 B8 6F 46 
R01:56:13   00 00 00 2D 01 AC 06 1A 6D 64 00 34 33 8B 42 00 00 00 2D 01 AC 06 1A 6E 64 00 33 7F 70 46 00 00 
R01:56:13   00 2D 01 AC 06 1A 6F 64 00 67 66 4E 42 00 00 00 2D 01 AC 06 1A 70 64 00 33 33 47 42 00 00 00 2D 
R01:56:13   01 AC 06 1A 
R01:56:13   68 82 BC 5F 9E 06 CF 08 25 00 3F 06 71 64 00 8C 9A 0B 48 00 00 00 00 00 AC 06 1A 72 64 00 66 66 
R01:56:13   18 43 00 00 00 00 00 AC 06 1A 73 64 00 99 99 C9 42 00 00 00 00 00 AC 06 1A 74 64 00 00 A0 6F 46 
R01:56:13   00 00 00 00 00 AC 06 1A 75 64 00 34 33 8B 42 00 00 00 00 00 AC 06 1A 76 64 00 34 67 70 46 00 00 
R01:56:13   00 00 00 AC 06 1A 77 64 00 67 66 4E 42 00 00 00 00 00 AC 06 1A 78 64 00 33 33 47 42 00 00 00 00 
R01:56:13   00 AC 06 1A 
R01:56:13   68 82 BE 5F 9E 06 CF 08 25 00 3F 06 79 64 00 FF 44 DE 47 00 3A AE 25 0D F1 05 1A 7A 64 00 66 66 
R01:56:13   18 43 00 3A AE 25 0D F1 05 1A 7B 64 00 99 99 C9 42 00 3A AE 25 0D F1 05 1A 7C 64 00 67 46 50 46 
R01:56:13   00 3A AE 25 0D F1 05 1A 7D 64 00 34 33 8B 42 00 3A AE 25 0D F1 05 1A 7E 64 00 33 0B 51 46 00 3A 
R01:56:13   AE 25 0D F1 05 1A 7F 64 00 67 66 4E 42 00 3A AE 25 0D F1 05 1A 80 64 00 CD CC 44 42 00 3A AE 25 
R01:56:13   0D F1 05 1A 
R01:56:13   68 4A C0 5F 9E 06 CE 08 25 00 3F 06 81 64 00 55 81 48 4A 00 82 64 00 CC 6C 38 46 00 83 64 00 9A 
R01:56:13   31 2A 46 00 84 64 00 80 4F F0 47 00 85 64 00 CC 4C 8A 43 00 86 64 00 CD 82 F0 47 00 87 64 00 34 
R01:56:13   B3 63 44 00 88 64 00 34 33 CD 42 00 
S01:56:13   68 04 01 00 C2 5F 
R01:56:14   68 82 C2 5F 9E 06 CF 08 25 00 3F 06 89 64 00 BF 7F 48 4A 00 00 00 2D 01 AC 06 1A 8A 64 00 CC 6C 
R01:56:14   38 46 00 00 00 2D 01 AC 06 1A 8B 64 00 9A 31 2A 46 00 00 00 2D 01 AC 06 1A 8C 64 00 99 4E F0 47 
R01:56:14   00 00 00 2D 01 AC 06 1A 8D 64 00 CC 4C 8A 43 00 00 00 2D 01 AC 06 1A 8E 64 00 E7 81 F0 47 00 00 
R01:56:14   00 2D 01 AC 06 1A 8F 64 00 34 B3 63 44 00 00 00 2D 01 AC 06 1A 90 64 00 34 33 CD 42 00 00 00 2D 
R01:56:14   01 AC 06 1A 
R01:56:14   68 82 C4 5F 9E 06 CF 08 25 00 3F 06 91 64 00 AE 6C 48 4A 00 00 00 00 00 AC 06 1A 92 64 00 CC 6C 
R01:56:14   38 46 00 00 00 00 00 AC 06 1A 93 64 00 9A 31 2A 46 00 00 00 00 00 AC 06 1A 94 64 00 B3 3E F0 47 
R01:56:14   00 00 00 00 00 AC 06 1A 95 64 00 CC 4C 8A 43 00 00 00 00 00 AC 06 1A 96 64 00 00 72 F0 47 00 00 
R01:56:14   00 00 00 AC 06 1A 97 64 00 34 B3 63 44 00 00 00 00 00 AC 06 1A 98 64 00 34 33 CD 42 00 00 00 00 
R01:56:14   00 AC 06 1A 
R01:56:14   68 82 C6 5F 9E 06 CF 08 25 00 3F 06 99 64 00 2B C0 DB 49 00 BB 6F 25 0B 6F 04 1A 9A 64 00 00 00 
R01:56:14   99 44 00 BB 6F 25 0B 6F 04 1A 9B 64 00 9A 99 9C 43 00 BB 6F 25 0B 6F 04 1A 9C 64 00 CC 8A AC 47 
R01:56:14   00 BB 6F 25 0B 6F 04 1A 9D 64 00 66 66 89 43 00 BB 6F 25 0B 6F 04 1A 9E 64 00 19 BE AC 47 00 BB 
R01:56:14   6F 25 0B 6F 04 1A 9F 64 00 34 B3 63 44 00 BB 6F 25 0B 6F 04 1A A0 64 00 34 33 CD 42 00 BB 6F 25 
R01:56:14   0B 6F 04 1A 
S01:56:14   68 04 01 00 C8 5F 
R01:56:14   68 4A C8 5F 9E 06 CE 08 25 00 3F 06 A1 64 00 33 73 4C 44 00 A2 64 00 4D AC 69 48 00 A3 64 00 98 
R01:56:14   99 CF 42 00 A4 64 00 66 26 AE 44 00 A5 64 00 76 57 79 4A 00 A6 64 00 34 5B F9 45 00 A7 64 00 5A 
R01:56:14   92 69 48 00 A8 64 00 9A D1 CD 45 00 
R01:56:14   68 82 CA 5F 9E 06 CF 08 25 00 3F 06 A9 64 00 33 73 4C 44 00 00 00 2D 01 AC 06 1A AA 64 00 A7 AA 
R01:56:14   69 48 00 00 00 2D 01 AC 06 1A AB 64 00 98 99 CF 42 00 00 00 2D 01 AC 06 1A AC 64 00 66 26 AE 44 
R01:56:14   00 00 00 2D 01 AC 06 1A AD 64 00 27 55 79 4A 00 00 00 2D 01 AC 06 1A AE 64 00 34 5B F9 45 00 00 
R01:56:14   00 2D 01 AC 06 1A AF 64 00 B4 90 69 48 00 00 00 2D 01 AC 06 1A B0 64 00 9A D1 CD 45 00 00 00 2D 
R01:56:14   01 AC 06 1A 
R01:56:17   68 82 CC 5F 9E 06 CF 08 25 00 3F 06 B1 64 00 33 73 4C 44 00 00 00 00 00 AC 06 1A B2 64 00 27 8B 
R01:56:17   69 48 00 00 00 00 00 AC 06 1A B3 64 00 98 99 CF 42 00 00 00 00 00 AC 06 1A B4 64 00 66 26 AE 44 
R01:56:17   00 00 00 00 00 AC 06 1A B5 64 00 CB 37 79 4A 00 00 00 00 00 AC 06 1A B6 64 00 34 5B F9 45 00 00 
R01:56:17   00 00 00 AC 06 1A B7 64 00 34 71 69 48 00 00 00 00 00 AC 06 1A B8 64 00 9A D1 CD 45 00 00 00 00 
R01:56:17   00 AC 06 1A 
S01:56:17   68 04 01 00 CE 5F 
R01:56:17   68 82 CE 5F 9E 06 CF 08 25 00 3F 06 B9 64 00 33 73 4C 44 00 7A 6D 25 0B 6F 04 1A BA 64 00 00 A3 
R01:56:17   1E 48 00 7A 6D 25 0B 6F 04 1A BB 64 00 98 99 CF 42 00 7A 6D 25 0B 6F 04 1A BC 64 00 66 26 AE 44 
R01:56:17   00 7A 6D 25 0B 6F 04 1A BD 64 00 7A F6 0A 4A 00 7A 6D 25 0B 6F 04 1A BE 64 00 CC 0C BB 44 00 7A 
R01:56:17   6D 25 0B 6F 04 1A BF 64 00 0D 89 1E 48 00 7A 6D 25 0B 6F 04 1A C0 64 00 67 66 CE 42 00 7A 6D 25 
R01:56:17   0B 6F 04 1A 
R01:56:18   68 0E D0 5F 9E 06 65 01 0A 00 3F 06 00 00 00 05 
S01:56:18   68 14 9E 06 D2 5F 67 01 06 00 3F 06 00 00 00 97 47 38 01 AC 06 1A 
R01:56:19   68 14 D2 5F A0 06 67 01 07 00 3F 06 00 00 00 97 47 38 01 AC 06 1A 
S01:56:28   68 04 01 00 D4 5F 
S01:56:44   68 04 43 00 00 00 
R01:56:44   68 04 83 00 00 00 
S01:57:00   68 04 43 00 00 00 
R01:57:00   68 04 83 00 00 00 
S01:57:16   68 04 43 00 00 00 
R01:57:16   68 04 83 00 00 00 
S01:57:32   68 04 43 00 00 00 
R01:57:32   68 04 83 00 00 00 
S01:57:48   68 04 43 00 00 00 
R01:57:48   68 04 83 00 00 00 
S01:58:04   68 04 43 00 00 00 
R01:58:04   68 04 83 00 00 00 
S01:58:20   68 04 43 00 00 00 
R01:58:20   68 04 83 00 00 00 
S01:58:36   68 04 43 00 00 00 
R01:58:36   68 04 83 00 00 00 
S01:58:52   68 04 43 00 00 00 
R01:58:52   68 04 83 00 00 00 
S01:59:08   68 04 43 00 00 00 
R01:59:08   68 04 83 00 00 00 
S01:59:24   68 04 43 00 00 00 
R01:59:24   68 04 83 00 00 00 
S01:59:40   68 04 43 00 00 00 
R01:59:40   68 04 83 00 00 00 
S01:59:56   68 04 43 00 00 00 
R01:59:56   68 04 83 00 00 00 
S02:00:12   68 04 43 00 00 00 
R02:00:12   68 04 83 00 00 00 
S02:00:28   68 04 43 00 00 00 
R02:00:28   68 04 83 00 00 00 
R02:00:42   68 3A D4 5F A0 06 0D 06 03 00 3F 06 0D 40 00 BE 9F 8A 41 00 0E 40 00 EF A7 8E 41 00 0F 40 00 D7 
R02:00:42   A3 8C 41 00 44 40 00 3D 0A 45 42 00 45 40 00 FA 7E 42 42 00 46 40 00 48 E1 48 42 00 
S02:00:42   68 04 01 00 D6 5F 
S02:00:58   68 04 43 00 00 00 
R02:00:58   68 04 83 00 00 00 
S02:01:14   68 04 43 00 00 00 
R02:01:14   68 04 83 00 00 00 
S02:01:30   68 04 43 00 00 00 
R02:01:31   68 04 83 00 00 00 
S02:01:47   68 04 43 00 00 00 
R02:01:47   68 04 83 00 00 00 
S02:02:03   68 04 43 00 00 00 
R02:02:03   68 04 83 00 00 00 
S02:02:19   68 04 43 00 00 00 
R02:02:20   68 04 83 00 00 00 
S02:02:35   68 04 43 00 00 00 
R02:02:36   68 04 83 00 00 00 
S02:02:52   68 04 43 00 00 00 
R02:02:53   68 04 83 00 00 00 
S02:03:08   68 04 43 00 00 00 
R02:03:08   68 04 83 00 00 00 
S02:03:24   68 04 43 00 00 00 
R02:03:24   68 04 83 00 00 00 
S02:03:40   68 04 43 00 00 00 
R02:03:41   68 04 83 00 00 00 
S02:03:57   68 04 43 00 00 00 
R02:03:58   68 04 83 00 00 00 
S02:04:13   68 04 43 00 00 00 
R02:04:14   68 04 83 00 00 00 
S02:04:30   68 04 43 00 00 00 
R02:04:31   68 04 83 00 00 00 
S02:04:47   68 04 43 00 00 00 
R02:04:48   68 04 83 00 00 00 
S02:05:04   68 04 43 00 00 00 
R02:05:05   68 04 83 00 00 00 
S02:05:21   68 04 43 00 00 00 
R02:05:22   68 04 83 00 00 00 
S02:05:38   68 04 43 00 00 00 
R02:05:39   68 04 83 00 00 00 
S02:05:55   68 04 43 00 00 00 
R02:05:56   68 04 83 00 00 00 
S02:06:12   68 04 43 00 00 00 
R02:06:13   68 04 83 00 00 00 
S02:06:29   68 04 43 00 00 00 
R02:06:30   68 04 83 00 00 00 
S02:06:46   68 04 43 00 00 00 
R02:06:47   68 04 83 00 00 00 
S02:07:03   68 04 43 00 00 00 
R02:07:04   68 04 83 00 00 00 
S02:07:20   68 04 43 00 00 00 
R02:07:21   68 04 83 00 00 00 
S02:07:37   68 04 43 00 00 00 
R02:07:37   68 04 83 00 00 00 
S02:07:53   68 04 43 00 00 00 
R02:07:53   68 04 83 00 00 00 
S02:08:09   68 04 43 00 00 00 
R02:08:09   68 04 83 00 00 00 
S02:08:25   68 04 43 00 00 00 
R02:08:25   68 04 83 00 00 00 
S02:08:41   68 04 43 00 00 00 
R02:08:41   68 04 83 00 00 00 
S02:08:57   68 04 43 00 00 00 
R02:08:57   68 04 83 00 00 00 
S02:09:13   68 04 43 00 00 00 
R02:09:13   68 04 83 00 00 00 
S02:09:29   68 04 43 00 00 00 
R02:09:29   68 04 83 00 00 00 
S02:09:45   68 04 43 00 00 00 
R02:09:45   68 04 83 00 00 00 
S02:10:01   68 04 43 00 00 00 
R02:10:01   68 04 83 00 00 00 
R02:10:11   68 12 D6 5F A0 06 0D 01 03 00 3F 06 02 40 00 3D 0A 58 42 00 
S02:10:11   68 04 01 00 D8 5F 
S02:10:27   68 04 43 00 00 00 
R02:10:27   68 04 83 00 00 00 
S02:10:43   68 04 43 00 00 00 
R02:10:43   68 04 83 00 00 00 
S02:10:59   68 04 43 00 00 00 
S02:10:59   68 0E A0 06 D8 5F 64 01 06 00 3F 06 00 00 00 14 
R02:10:59   68 04 83 00 00 00 
R02:10:59   68 0E D8 5F A2 06 64 01 07 00 3F 06 00 00 00 14 
S02:10:59   68 04 01 00 DA 5F 
R02:11:00   68 E6 DA 5F A2 06 01 37 14 00 3F 06 01 00 00 00 02 00 00 00 03 00 00 00 04 00 00 00 05 00 00 00 
R02:11:00   06 00 00 00 07 00 00 01 08 00 00 00 09 00 00 00 0A 00 00 00 0B 00 00 00 0C 00 00 00 0D 00 00 00 
R02:11:00   0E 00 00 00 0F 00 00 00 10 00 00 00 11 00 00 00 12 00 00 00 13 00 00 00 14 00 00 00 15 00 00 00 
R02:11:00   16 00 00 00 17 00 00 00 18 00 00 00 19 00 00 00 1A 00 00 01 1B 00 00 01 1C 00 00 00 1D 00 00 01 
R02:11:00   1E 00 00 01 1F 00 00 01 20 00 00 00 21 00 00 00 22 00 00 00 23 00 00 00 24 00 00 00 25 00 00 00 
R02:11:00   26 00 00 00 27 00 00 00 28 00 00 00 29 00 00 01 2A 00 00 00 2B 00 00 00 2C 00 00 00 2D 00 00 00 
R02:11:00   2E 00 00 00 2F 00 00 00 30 00 00 00 31 00 00 00 32 00 00 00 33 00 00 00 34 00 00 00 35 00 00 00 
R02:11:00   36 00 00 00 37 00 00 00 
R02:11:00   68 D2 DC 5F A2 06 01 32 14 00 3F 06 38 00 00 00 39 00 00 00 3A 00 00 00 3B 00 00 01 3C 00 00 00 
R02:11:00   3D 00 00 00 3E 00 00 01 3F 00 00 01 40 00 00 00 41 00 00 00 42 00 00 01 43 00 00 00 44 00 00 00 
R02:11:00   45 00 00 00 46 00 00 00 47 00 00 00 48 00 00 00 49 00 00 00 4A 00 00 01 4B 00 00 00 4C 00 00 00 
R02:11:00   4D 00 00 00 4E 00 00 00 4F 00 00 00 50 00 00 00 51 00 00 00 52 00 00 00 53 00 00 00 54 00 00 00 
R02:11:00   55 00 00 00 56 00 00 00 57 00 00 00 58 00 00 00 59 00 00 00 5A 00 00 00 5B 00 00 00 5C 00 00 01 
R02:11:00   5D 00 00 00 5E 00 00 00 5F 00 00 01 60 00 00 01 61 00 00 00 62 00 00 00 63 00 00 01 64 00 00 00 
R02:11:00   65 00 00 00 66 00 00 00 67 00 00 00 68 00 00 00 69 00 00 00 
R02:11:01   68 E6 DE 5F A2 06 01 37 14 00 3F 06 69 00 00 00 6A 00 00 01 6B 00 00 00 6C 00 00 00 6D 00 00 00 
R02:11:01   6E 00 00 00 6F 00 00 00 70 00 00 00 71 00 00 00 72 00 00 00 73 00 00 00 74 00 00 00 75 00 00 00 
R02:11:01   76 00 00 00 77 00 00 00 78 00 00 00 79 00 00 00 7A 00 00 00 7B 00 00 00 7C 00 00 00 7D 00 00 01 
R02:11:01   7E 00 00 01 7F 00 00 00 80 00 00 01 81 00 00 01 82 00 00 01 83 00 00 00 84 00 00 00 85 00 00 00 
R02:11:01   86 00 00 00 87 00 00 00 88 00 00 00 89 00 00 00 8A 00 00 00 8B 00 00 01 8C 00 00 00 8D 00 00 00 
R02:11:01   8E 00 00 00 8F 00 00 00 90 00 00 00 91 00 00 00 92 00 00 00 93 00 00 00 94 00 00 00 95 00 00 00 
R02:11:01   96 00 00 00 97 00 00 00 98 00 00 00 99 00 00 00 9A 00 00 00 9B 00 00 00 9C 00 00 00 9D 00 00 00 
R02:11:01   9E 00 00 01 9F 00 00 00 
R02:11:01   68 A6 E0 5F A2 06 01 27 14 00 3F 06 A0 00 00 00 A1 00 00 01 A2 00 00 01 A3 00 00 01 A4 00 00 00 
R02:11:01   A5 00 00 00 A6 00 00 00 A7 00 00 00 A8 00 00 00 A9 00 00 00 AA 00 00 00 AB 00 00 00 AC 00 00 01 
R02:11:01   AD 00 00 00 AE 00 00 00 AF 00 00 00 B0 00 00 00 B1 00 00 00 B2 00 00 00 B3 00 00 00 B4 00 00 00 
R02:11:01   B5 00 00 00 B6 00 00 00 B7 00 00 00 B8 00 00 00 B9 00 00 00 BA 00 00 00 BB 00 00 00 BC 00 00 00 
R02:11:01   BD 00 00 00 BE 00 00 00 BF 00 00 01 C0 00 00 00 C1 00 00 00 C2 00 00 01 C3 00 00 01 C4 00 00 01 
R02:11:01   C5 00 00 00 C6 00 00 00 
S02:11:01   68 04 01 00 E2 5F 
R02:11:02   68 EA E2 5F A2 06 0D 1C 14 00 3F 06 01 40 00 00 00 66 43 00 02 40 00 48 E1 57 42 00 03 40 00 85 
R02:11:02   EB 27 41 00 04 40 00 00 00 00 00 00 05 40 00 04 56 28 41 00 06 40 00 00 00 00 00 00 07 40 00 C5 
R02:11:02   20 48 42 00 08 40 00 00 00 00 00 00 09 40 00 00 00 00 00 00 0A 40 00 00 00 00 00 00 0B 40 00 00 
R02:11:02   00 00 00 00 0C 40 00 00 00 00 00 00 0D 40 00 39 B4 50 41 00 0E 40 00 BC 74 5B 41 00 0F 40 00 43 
R02:11:02   8B 54 41 00 10 40 00 00 00 00 00 00 11 40 00 1E 85 6F 43 00 12 40 00 66 66 06 C2 00 13 40 00 A4 
R02:11:02   70 7D 3F 00 14 40 00 00 00 00 00 00 15 40 00 00 00 00 00 00 16 40 00 00 00 00 00 00 17 40 00 00 
R02:11:02   00 00 00 00 18 40 00 00 00 00 00 00 19 40 00 00 00 00 00 00 1A 40 00 00 00 00 00 00 1B 40 00 00 
R02:11:02   00 00 00 00 1C 40 00 00 00 00 00 00 
R02:11:02   68 6A E4 5F A2 06 0D 0C 14 00 3F 06 1D 40 00 00 00 00 00 00 1E 40 00 00 00 00 00 00 1F 40 00 00 
R02:11:02   00 00 00 00 20 40 00 00 00 00 00 00 21 40 00 00 00 00 00 00 22 40 00 00 00 00 00 00 23 40 00 00 
R02:11:02   00 00 00 00 24 40 00 00 00 00 00 00 25 40 00 00 00 00 00 00 26 40 00 00 00 00 00 00 27 40 00 00 
R02:11:02   00 00 00 00 28 40 00 00 00 00 00 00 
R02:11:02   68 EA E6 5F A2 06 0D 1C 14 00 3F 06 29 40 00 00 00 00 00 00 2A 40 00 00 00 00 00 00 2B 40 00 00 
R02:11:02   00 00 00 00 2C 40 00 00 00 00 00 00 2D 40 00 00 00 00 00 00 2E 40 00 00 00 00 00 00 2F 40 00 00 
R02:11:02   00 00 00 00 30 40 00 00 00 00 00 00 31 40 00 00 00 00 00 00 32 40 00 00 00 00 00 00 33 40 00 00 
R02:11:02   00 00 00 00 34 40 00 00 00 00 00 00 35 40 00 00 00 00 00 00 36 40 00 00 00 00 00 00 37 40 00 00 
R02:11:02   00 00 00 00 38 40 00 00 00 00 00 00 39 40 00 04 56 EA 41 00 3A 40 00 D4 78 F5 41 00 3B 40 00 61 
R02:11:02   E5 F4 41 00 3C 40 00 00 00 00 00 00 3D 40 00 CC CC 08 44 00 3E 40 00 C2 F5 28 C1 00 3F 40 00 77 
R02:11:02   BE 7F 3F 00 40 40 00 00 00 00 00 00 41 40 00 00 00 00 00 00 42 40 00 00 00 00 00 00 43 40 00 00 
R02:11:02   00 00 00 00 44 40 00 98 6E 2E 42 00 
S02:11:02   68 04 01 00 E8 5F 
R02:11:03   68 3A E8 5F A2 06 0D 06 14 00 3F 06 45 40 00 9C C4 34 42 00 46 40 00 BF 9F 34 42 00 47 40 00 00 
R02:11:03   00 00 00 00 48 40 00 0A 97 4A C4 00 49 40 00 71 3D 16 42 00 4A 40 00 EE 7C 7F BF 00 
R02:11:03   68 0E EA 5F A2 06 64 01 0A 00 3F 06 00 00 00 14 
S02:11:03   68 0E A2 06 EC 5F 65 01 06 00 3F 06 00 00 00 05 
R02:11:04   68 0E EC 5F A4 06 65 01 07 00 3F 06 00 00 00 05 
R02:11:04   68 4A EE 5F A4 06 CE 08 25 00 3F 06 01 64 00 AC FA 1B 49 00 02 64 00 66 66 03 44 00 03 64 00 67 
R02:11:04   66 FE 43 00 04 64 00 1A 8E F4 47 00 05 64 00 00 00 AE 42 00 06 64 00 99 B0 F4 47 00 07 64 00 66 
R02:11:04   66 86 41 00 08 64 00 00 00 8A 42 00 
R02:11:05   68 82 F0 5F A4 06 CF 08 25 00 3F 06 09 64 00 B6 F7 1B 49 00 00 00 00 02 AC 06 1A 0A 64 00 66 66 
R02:11:05   03 44 00 00 00 00 02 AC 06 1A 0B 64 00 67 66 FE 43 00 00 00 00 02 AC 06 1A 0C 64 00 19 8B F4 47 
R02:11:05   00 00 00 00 02 AC 06 1A 0D 64 00 00 00 AE 42 00 00 00 00 02 AC 06 1A 0E 64 00 9A AD F4 47 00 00 
R02:11:05   00 00 02 AC 06 1A 0F 64 00 66 66 86 41 00 00 00 00 02 AC 06 1A 10 64 00 00 00 8A 42 00 00 00 00 
R02:11:05   02 AC 06 1A 
R02:11:05   68 82 F2 5F A4 06 CF 08 25 00 3F 06 11 64 00 39 D0 1B 49 00 00 00 00 00 AC 06 1A 12 64 00 66 66 
R02:11:05   03 44 00 00 00 00 00 AC 06 1A 13 64 00 67 66 FE 43 00 00 00 00 00 AC 06 1A 14 64 00 66 55 F4 47 
R02:11:05   00 00 00 00 00 AC 06 1A 15 64 00 00 00 AE 42 00 00 00 00 00 AC 06 1A 16 64 00 E7 77 F4 47 00 00 
R02:11:05   00 00 00 AC 06 1A 17 64 00 66 66 86 41 00 00 00 00 00 AC 06 1A 18 64 00 00 00 8A 42 00 00 00 00 
R02:11:05   00 AC 06 1A 
S02:11:05   68 04 01 00 F4 5F 
R02:11:06   68 82 F4 5F A4 06 CF 08 25 00 3F 06 19 64 00 00 00 00 00 00 00 00 00 00 AC 06 1A 1A 64 00 00 00 
R02:11:06   00 00 00 00 00 00 00 AC 06 1A 1B 64 00 00 00 00 00 00 00 00 00 00 AC 06 1A 1C 64 00 00 00 00 00 
R02:11:06   00 00 00 00 00 AC 06 1A 1D 64 00 00 00 00 00 00 00 00 00 00 AC 06 1A 1E 64 00 00 00 00 00 00 00 
R02:11:06   00 00 00 AC 06 1A 1F 64 00 00 00 00 00 00 00 00 00 00 AC 06 1A 20 64 00 00 00 00 00 00 00 00 00 
R02:11:06   00 AC 06 1A 
R02:11:06   68 4A F6 5F A4 06 CE 08 25 00 3F 06 21 64 00 CC CC 41 43 00 22 64 00 34 33 0B 43 00 23 64 00 66 
R02:11:06   66 AA 42 00 24 64 00 CD CC EE 42 00 25 64 00 CD CC C4 42 00 26 64 00 CC CC 29 43 00 27 64 00 FF 
R02:11:06   FF 57 42 00 28 64 00 99 99 49 42 00 
R02:11:07   68 82 F8 5F A4 06 CF 08 25 00 3F 06 29 64 00 CC CC 41 43 00 00 00 00 02 AC 06 1A 2A 64 00 34 33 
R02:11:07   0B 43 00 00 00 00 02 AC 06 1A 2B 64 00 66 66 AA 42 00 00 00 00 02 AC 06 1A 2C 64 00 CD CC EE 42 
R02:11:07   00 00 00 00 02 AC 06 1A 2D 64 00 CD CC C4 42 00 00 00 00 02 AC 06 1A 2E 64 00 CC CC 29 43 00 00 
R02:11:07   00 00 02 AC 06 1A 2F 64 00 FF FF 57 42 00 00 00 00 02 AC 06 1A 30 64 00 99 99 49 42 00 00 00 00 
R02:11:07   02 AC 06 1A 
R02:11:07   68 82 FA 5F A4 06 CF 08 25 00 3F 06 31 64 00 CC CC 41 43 00 00 00 00 00 AC 06 1A 32 64 00 34 33 
R02:11:07   0B 43 00 00 00 00 00 AC 06 1A 33 64 00 66 66 AA 42 00 00 00 00 00 AC 06 1A 34 64 00 CD CC EE 42 
R02:11:07   00 00 00 00 00 AC 06 1A 35 64 00 CD CC C4 42 00 00 00 00 00 AC 06 1A 36 64 00 CC CC 29 43 00 00 
R02:11:07   00 00 00 AC 06 1A 37 64 00 FF FF 57 42 00 00 00 00 00 AC 06 1A 38 64 00 99 99 49 42 00 00 00 00 
R02:11:07   00 AC 06 1A 
S02:11:07   68 04 01 00 FC 5F 
R02:11:08   68 82 FC 5F A4 06 CF 08 25 00 3F 06 39 64 00 00 00 00 00 00 00 00 00 00 AC 06 1A 3A 64 00 00 00 
R02:11:08   00 00 00 00 00 00 00 AC 06 1A 3B 64 00 00 00 00 00 00 00 00 00 00 AC 06 1A 3C 64 00 00 00 00 00 
R02:11:08   00 00 00 00 00 AC 06 1A 3D 64 00 00 00 00 00 00 00 00 00 00 AC 06 1A 3E 64 00 00 00 00 00 00 00 
R02:11:08   00 00 00 AC 06 1A 3F 64 00 00 00 00 00 00 00 00 00 00 AC 06 1A 40 64 00 00 00 00 00 00 00 00 00 
R02:11:08   00 AC 06 1A 
R02:11:08   68 4A FE 5F A4 06 CE 08 25 00 3F 06 41 64 00 CC CC 5F 43 00 42 64 00 33 33 47 43 00 43 64 00 9A 
R02:11:08   99 22 43 00 44 64 00 CC CC 74 42 00 45 64 00 00 00 A8 42 00 46 64 00 00 00 F6 42 00 47 64 00 66 
R02:11:08   66 12 42 00 48 64 00 34 33 77 42 00 
R02:11:09   68 82 00 60 A4 06 CF 08 25 00 3F 06 49 64 00 CC CC 5F 43 00 00 00 00 02 AC 06 1A 4A 64 00 33 33 
R02:11:09   47 43 00 00 00 00 02 AC 06 1A 4B 64 00 9A 99 22 43 00 00 00 00 02 AC 06 1A 4C 64 00 CC CC 74 42 
R02:11:09   00 00 00 00 02 AC 06 1A 4D 64 00 00 00 A8 42 00 00 00 00 02 AC 06 1A 4E 64 00 00 00 F6 42 00 00 
R02:11:09   00 00 02 AC 06 1A 4F 64 00 66 66 12 42 00 00 00 00 02 AC 06 1A 50 64 00 34 33 77 42 00 00 00 00 
R02:11:09   02 AC 06 1A 
S02:11:09   68 04 01 00 02 60 
R02:11:09   68 82 02 60 A4 06 CF 08 25 00 3F 06 51 64 00 CC CC 5F 43 00 00 00 00 00 AC 06 1A 52 64 00 33 33 
R02:11:09   47 43 00 00 00 00 00 AC 06 1A 53 64 00 9A 99 22 43 00 00 00 00 00 AC 06 1A 54 64 00 CC CC 74 42 
R02:11:09   00 00 00 00 00 AC 06 1A 55 64 00 00 00 A8 42 00 00 00 00 00 AC 06 1A 56 64 00 00 00 F6 42 00 00 
R02:11:09   00 00 00 AC 06 1A 57 64 00 66 66 12 42 00 00 00 00 00 AC 06 1A 58 64 00 34 33 77 42 00 00 00 00 
R02:11:09   00 AC 06 1A 
R02:11:10   68 82 04 60 A4 06 CF 08 25 00 3F 06 59 64 00 00 00 00 00 00 00 00 00 00 AC 06 1A 5A 64 00 00 00 
R02:11:10   00 00 00 00 00 00 00 AC 06 1A 5B 64 00 00 00 00 00 00 00 00 00 00 AC 06 1A 5C 64 00 00 00 00 00 
R02:11:10   00 00 00 00 00 AC 06 1A 5D 64 00 00 00 00 00 00 00 00 00 00 AC 06 1A 5E 64 00 00 00 00 00 00 00 
R02:11:10   00 00 00 AC 06 1A 5F 64 00 00 00 00 00 00 00 00 00 00 AC 06 1A 60 64 00 00 00 00 00 00 00 00 00 
R02:11:10   00 AC 06 1A 
R02:11:10   68 4A 06 60 A4 06 CE 08 25 00 3F 06 61 64 00 A6 AE 0B 48 00 62 64 00 66 66 18 43 00 63 64 00 99 
R02:11:10   99 C9 42 00 64 64 00 CD BC 6F 46 00 65 64 00 34 33 8B 42 00 66 64 00 00 84 70 46 00 67 64 00 67 
R02:11:10   66 4E 42 00 68 64 00 33 33 47 42 00 
S02:11:10   68 04 01 00 08 60 
R02:11:11   68 82 08 60 A4 06 CF 08 25 00 3F 06 69 64 00 73 AD 0B 48 00 00 00 00 02 AC 06 1A 6A 64 00 66 66 
R02:11:11   18 43 00 00 00 00 02 AC 06 1A 6B 64 00 99 99 C9 42 00 00 00 00 02 AC 06 1A 6C 64 00 67 BA 6F 46 
R02:11:11   00 00 00 00 02 AC 06 1A 6D 64 00 34 33 8B 42 00 00 00 00 02 AC 06 1A 6E 64 00 99 81 70 46 00 00 
R02:11:11   00 00 02 AC 06 1A 6F 64 00 67 66 4E 42 00 00 00 00 02 AC 06 1A 70 64 00 33 33 47 42 00 00 00 00 
R02:11:11   02 AC 06 1A 
R02:11:11   68 82 0A 60 A4 06 CF 08 25 00 3F 06 71 64 00 8C 9A 0B 48 00 00 00 00 00 AC 06 1A 72 64 00 66 66 
R02:11:11   18 43 00 00 00 00 00 AC 06 1A 73 64 00 99 99 C9 42 00 00 00 00 00 AC 06 1A 74 64 00 00 A0 6F 46 
R02:11:11   00 00 00 00 00 AC 06 1A 75 64 00 34 33 8B 42 00 00 00 00 00 AC 06 1A 76 64 00 34 67 70 46 00 00 
R02:11:11   00 00 00 AC 06 1A 77 64 00 67 66 4E 42 00 00 00 00 00 AC 06 1A 78 64 00 33 33 47 42 00 00 00 00 
R02:11:11   00 AC 06 1A 
R02:11:11   68 82 0C 60 A4 06 CF 08 25 00 3F 06 79 64 00 FF 44 DE 47 00 3A AE 25 0D F1 05 1A 7A 64 00 66 66 
R02:11:11   18 43 00 3A AE 25 0D F1 05 1A 7B 64 00 99 99 C9 42 00 3A AE 25 0D F1 05 1A 7C 64 00 67 46 50 46 
R02:11:11   00 3A AE 25 0D F1 05 1A 7D 64 00 34 33 8B 42 00 3A AE 25 0D F1 05 1A 7E 64 00 33 0B 51 46 00 3A 
R02:11:11   AE 25 0D F1 05 1A 7F 64 00 67 66 4E 42 00 3A AE 25 0D F1 05 1A 80 64 00 CD CC 44 42 00 3A AE 25 
R02:11:11   0D F1 05 1A 
S02:11:11   68 04 01 00 0E 60 
R02:11:12   68 4A 0E 60 A4 06 CE 08 25 00 3F 06 81 64 00 7D 83 48 4A 00 82 64 00 CC 6C 38 46 00 83 64 00 9A 
R02:11:12   31 2A 46 00 84 64 00 00 51 F0 47 00 85 64 00 CC 4C 8A 43 00 86 64 00 4C 84 F0 47 00 87 64 00 34 
R02:11:12   B3 63 44 00 88 64 00 34 33 CD 42 00 
R02:11:12   68 82 10 60 A4 06 CF 08 25 00 3F 06 89 64 00 EC 81 48 4A 00 00 00 00 02 AC 06 1A 8A 64 00 CC 6C 
R02:11:12   38 46 00 00 00 00 02 AC 06 1A 8B 64 00 9A 31 2A 46 00 00 00 00 02 AC 06 1A 8C 64 00 19 50 F0 47 
R02:11:12   00 00 00 00 02 AC 06 1A 8D 64 00 CC 4C 8A 43 00 00 00 00 02 AC 06 1A 8E 64 00 66 83 F0 47 00 00 
R02:11:12   00 00 02 AC 06 1A 8F 64 00 34 B3 63 44 00 00 00 00 02 AC 06 1A 90 64 00 34 33 CD 42 00 00 00 00 
R02:11:12   02 AC 06 1A 
R02:11:13   68 82 12 60 A4 06 CF 08 25 00 3F 06 91 64 00 AE 6C 48 4A 00 00 00 00 00 AC 06 1A 92 64 00 CC 6C 
R02:11:13   38 46 00 00 00 00 00 AC 06 1A 93 64 00 9A 31 2A 46 00 00 00 00 00 AC 06 1A 94 64 00 B3 3E F0 47 
R02:11:13   00 00 00 00 00 AC 06 1A 95 64 00 CC 4C 8A 43 00 00 00 00 00 AC 06 1A 96 64 00 00 72 F0 47 00 00 
R02:11:13   00 00 00 AC 06 1A 97 64 00 34 B3 63 44 00 00 00 00 00 AC 06 1A 98 64 00 34 33 CD 42 00 00 00 00 
R02:11:13   00 AC 06 1A 
R02:11:13   68 82 14 60 A4 06 CF 08 25 00 3F 06 99 64 00 2B C0 DB 49 00 BB 6F 25 0B 6F 04 1A 9A 64 00 00 00 
R02:11:13   99 44 00 BB 6F 25 0B 6F 04 1A 9B 64 00 9A 99 9C 43 00 BB 6F 25 0B 6F 04 1A 9C 64 00 CC 8A AC 47 
R02:11:13   00 BB 6F 25 0B 6F 04 1A 9D 64 00 66 66 89 43 00 BB 6F 25 0B 6F 04 1A 9E 64 00 19 BE AC 47 00 BB 
R02:11:13   6F 25 0B 6F 04 1A 9F 64 00 34 B3 63 44 00 BB 6F 25 0B 6F 04 1A A0 64 00 34 33 CD 42 00 BB 6F 25 
R02:11:13   0B 6F 04 1A 
S02:11:13   68 04 01 00 16 60 
R02:11:14   68 4A 16 60 A4 06 CE 08 25 00 3F 06 A1 64 00 33 73 4C 44 00 A2 64 00 B4 AE 69 48 00 A3 64 00 98 
R02:11:14   99 CF 42 00 A4 64 00 66 26 AE 44 00 A5 64 00 A8 5A 79 4A 00 A6 64 00 34 5B F9 45 00 A7 64 00 BF 
R02:11:14   94 69 48 00 A8 64 00 9A D1 CD 45 00 
R02:11:14   68 82 18 60 A4 06 CF 08 25 00 3F 06 A9 64 00 33 73 4C 44 00 00 00 00 02 AC 06 1A AA 64 00 C0 AC 
R02:11:14   69 48 00 00 00 00 02 AC 06 1A AB 64 00 98 99 CF 42 00 00 00 00 02 AC 06 1A AC 64 00 66 26 AE 44 
R02:11:14   00 00 00 00 02 AC 06 1A AD 64 00 44 58 79 4A 00 00 00 00 02 AC 06 1A AE 64 00 34 5B F9 45 00 00 
R02:11:14   00 00 02 AC 06 1A AF 64 00 CC 92 69 48 00 00 00 00 02 AC 06 1A B0 64 00 9A D1 CD 45 00 00 00 00 
R02:11:14   02 AC 06 1A 
R02:11:15   68 82 1A 60 A4 06 CF 08 25 00 3F 06 B1 64 00 33 73 4C 44 00 00 00 00 00 AC 06 1A B2 64 00 27 8B 
R02:11:15   69 48 00 00 00 00 00 AC 06 1A B3 64 00 98 99 CF 42 00 00 00 00 00 AC 06 1A B4 64 00 66 26 AE 44 
R02:11:15   00 00 00 00 00 AC 06 1A B5 64 00 CB 37 79 4A 00 00 00 00 00 AC 06 1A B6 64 00 34 5B F9 45 00 00 
R02:11:15   00 00 00 AC 06 1A B7 64 00 34 71 69 48 00 00 00 00 00 AC 06 1A B8 64 00 9A D1 CD 45 00 00 00 00 
R02:11:15   00 AC 06 1A 
S02:11:15   68 04 01 00 1C 60 
R02:11:15   68 82 1C 60 A4 06 CF 08 25 00 3F 06 B9 64 00 33 73 4C 44 00 7A 6D 25 0B 6F 04 1A BA 64 00 00 A3 
R02:11:15   1E 48 00 7A 6D 25 0B 6F 04 1A BB 64 00 98 99 CF 42 00 7A 6D 25 0B 6F 04 1A BC 64 00 66 26 AE 44 
R02:11:15   00 7A 6D 25 0B 6F 04 1A BD 64 00 7A F6 0A 4A 00 7A 6D 25 0B 6F 04 1A BE 64 00 CC 0C BB 44 00 7A 
R02:11:15   6D 25 0B 6F 04 1A BF 64 00 0D 89 1E 48 00 7A 6D 25 0B 6F 04 1A C0 64 00 67 66 CE 42 00 7A 6D 25 
R02:11:15   0B 6F 04 1A 
R02:11:16   68 0E 1E 60 A4 06 65 01 0A 00 3F 06 00 00 00 05 
S02:11:16   68 14 A4 06 20 60 67 01 06 00 3F 06 00 00 00 F3 40 0B 02 AC 06 1A 
R02:11:17   68 14 20 60 A6 06 67 01 07 00 3F 06 00 00 00 F3 40 0B 02 AC 06 1A 
S02:11:26   68 04 01 00 22 60 
S02:11:42   68 04 43 00 00 00 
R02:11:42   68 04 83 00 00 00 
S02:11:58   68 04 43 00 00 00 
R02:11:58   68 04 83 00 00 00 
S02:12:14   68 04 43 00 00 00 
R02:12:14   68 04 83 00 00 00 
S02:12:30   68 04 43 00 00 00 
R02:12:30   68 04 83 00 00 00 
S02:12:46   68 04 43 00 00 00 
R02:12:46   68 04 83 00 00 00 
S02:13:02   68 04 43 00 00 00 
R02:13:02   68 04 83 00 00 00 
S02:13:18   68 04 43 00 00 00 
R02:13:18   68 04 83 00 00 00 
S02:13:34   68 04 43 00 00 00 
R02:13:34   68 04 83 00 00 00 
S02:13:50   68 04 43 00 00 00 
R02:13:50   68 04 83 00 00 00 
S02:14:06   68 04 43 00 00 00 
R02:14:06   68 04 83 00 00 00 
S02:14:22   68 04 43 00 00 00 
R02:14:23   68 04 83 00 00 00 
S02:14:39   68 04 43 00 00 00 
R02:14:39   68 04 83 00 00 00 
S02:14:55   68 04 43 00 00 00 
R02:14:55   68 04 83 00 00 00 
S02:15:11   68 04 43 00 00 00 
R02:15:12   68 04 83 00 00 00 
S02:15:28   68 04 43 00 00 00 
R02:15:29   68 04 83 00 00 00 
S02:15:45   68 04 43 00 00 00 
R02:15:46   68 04 83 00 00 00 
S02:16:02   68 04 43 00 00 00 
R02:16:03   68 04 83 00 00 00 
S02:16:19   68 04 43 00 00 00 
R02:16:20   68 04 83 00 00 00 
S02:16:36   68 04 43 00 00 00 
R02:16:37   68 04 83 00 00 00 
S02:16:53   68 04 43 00 00 00 
R02:16:54   68 04 83 00 00 00 
S02:17:10   68 04 43 00 00 00 
R02:17:11   68 04 83 00 00 00 
S02:17:27   68 04 43 00 00 00 
R02:17:28   68 04 83 00 00 00 
S02:17:44   68 04 43 00 00 00 
R02:17:45   68 04 83 00 00 00 
S02:18:01   68 04 43 00 00 00 
R02:18:02   68 04 83 00 00 00 
S02:18:18   68 04 43 00 00 00 
R02:18:19   68 04 83 00 00 00 
S02:18:35   68 04 43 00 00 00 
R02:18:35   68 04 83 00 00 00 
S02:18:51   68 04 43 00 00 00 
R02:18:51   68 04 83 00 00 00 
S02:19:07   68 04 43 00 00 00 
R02:19:07   68 04 83 00 00 00 
S02:19:23   68 04 43 00 00 00 
R02:19:23   68 04 83 00 00 00 
S02:19:39   68 04 43 00 00 00 
R02:19:39   68 04 83 00 00 00 
S02:19:55   68 04 43 00 00 00 
R02:19:55   68 04 83 00 00 00 
S02:20:11   68 04 43 00 00 00 
R02:20:11   68 04 83 00 00 00 
S02:20:27   68 04 43 00 00 00 
R02:20:27   68 04 83 00 00 00 
S02:20:43   68 04 43 00 00 00 
R02:20:43   68 04 83 00 00 00 
S02:20:59   68 04 43 00 00 00 
R02:20:59   68 04 83 00 00 00 
S02:21:15   68 04 43 00 00 00 
R02:21:15   68 04 83 00 00 00 
S02:21:31   68 04 43 00 00 00 
R02:21:31   68 04 83 00 00 00 
S02:21:47   68 04 43 00 00 00 
R02:21:47   68 04 83 00 00 00 
S02:22:03   68 04 43 00 00 00 
R02:22:03   68 04 83 00 00 00 
S02:22:19   68 04 43 00 00 00 
R02:22:19   68 04 83 00 00 00 
S02:22:35   68 04 43 00 00 00 
R02:22:35   68 04 83 00 00 00 
S02:22:51   68 04 43 00 00 00 
R02:22:51   68 04 83 00 00 00 
S02:23:07   68 04 43 00 00 00 
R02:23:07   68 04 83 00 00 00 
S02:23:23   68 04 43 00 00 00 
R02:23:23   68 04 83 00 00 00 
S02:23:39   68 04 43 00 00 00 
R02:23:39   68 04 83 00 00 00 
S02:23:55   68 04 43 00 00 00 
R02:23:55   68 04 83 00 00 00 
S02:24:11   68 04 43 00 00 00 
R02:24:11   68 04 83 00 00 00 
S02:24:27   68 04 43 00 00 00 
R02:24:27   68 04 83 00 00 00 
R02:24:35   68 1A 22 60 A6 06 0D 02 03 00 3F 06 45 40 00 CF F7 17 42 00 46 40 00 48 E1 18 42 00 
S02:24:35   68 04 01 00 24 60 
S02:24:51   68 04 43 00 00 00 
R02:24:51   68 04 83 00 00 00 
R02:24:59   68 12 24 60 A6 06 0D 01 03 00 3F 06 44 40 00 94 18 16 42 00 
S02:24:59   68 04 01 00 26 60 
S02:25:15   68 04 43 00 00 00 
R02:25:15   68 04 83 00 00 00 
R02:25:18   68 12 26 60 A6 06 0D 01 03 00 3F 06 0E 40 00 0B D7 F3 40 00 
S02:25:18   68 04 01 00 28 60 
S02:25:34   68 04 43 00 00 00 
R02:25:34   68 04 83 00 00 00 
R02:25:39   68 12 28 60 A6 06 0D 01 03 00 3F 06 02 40 00 48 E1 56 42 00 
S02:25:39   68 04 01 00 2A 60 
S02:25:55   68 04 43 00 00 00 
R02:25:55   68 04 83 00 00 00 
S02:25:59   68 0E A6 06 2A 60 64 01 06 00 3F 06 00 00 00 14 
R02:25:59   68 0E 2A 60 A8 06 64 01 07 00 3F 06 00 00 00 14 
R02:25:59   68 E6 2C 60 A8 06 01 37 14 00 3F 06 01 00 00 00 02 00 00 00 03 00 00 00 04 00 00 00 05 00 00 00 
R02:25:59   06 00 00 00 07 00 00 01 08 00 00 00 09 00 00 00 0A 00 00 00 0B 00 00 00 0C 00 00 00 0D 00 00 00 
R02:25:59   0E 00 00 00 0F 00 00 00 10 00 00 00 11 00 00 00 12 00 00 00 13 00 00 00 14 00 00 00 15 00 00 00 
R02:25:59   16 00 00 00 17 00 00 00 18 00 00 00 19 00 00 00 1A 00 00 01 1B 00 00 01 1C 00 00 00 1D 00 00 01 
R02:25:59   1E 00 00 01 1F 00 00 01 20 00 00 00 21 00 00 00 22 00 00 00 23 00 00 00 24 00 00 00 25 00 00 00 
R02:25:59   26 00 00 00 27 00 00 00 28 00 00 00 29 00 00 01 2A 00 00 00 2B 00 00 00 2C 00 00 00 2D 00 00 00 
R02:25:59   2E 00 00 00 2F 00 00 00 30 00 00 00 31 00 00 00 32 00 00 00 33 00 00 00 34 00 00 00 35 00 00 00 
R02:25:59   36 00 00 00 37 00 00 00 
S02:25:59   68 04 01 00 2E 60 
R02:26:00   68 D2 2E 60 A8 06 01 32 14 00 3F 06 38 00 00 00 39 00 00 00 3A 00 00 00 3B 00 00 01 3C 00 00 00 
R02:26:00   3D 00 00 00 3E 00 00 01 3F 00 00 01 40 00 00 00 41 00 00 00 42 00 00 01 43 00 00 00 44 00 00 00 
R02:26:00   45 00 00 00 46 00 00 00 47 00 00 00 48 00 00 00 49 00 00 00 4A 00 00 01 4B 00 00 00 4C 00 00 00 
R02:26:00   4D 00 00 00 4E 00 00 00 4F 00 00 00 50 00 00 00 51 00 00 00 52 00 00 00 53 00 00 00 54 00 00 00 
R02:26:00   55 00 00 00 56 00 00 00 57 00 00 00 58 00 00 00 59 00 00 00 5A 00 00 00 5B 00 00 00 5C 00 00 01 
R02:26:00   5D 00 00 00 5E 00 00 00 5F 00 00 01 60 00 00 01 61 00 00 00 62 00 00 00 63 00 00 01 64 00 00 00 
R02:26:00   65 00 00 00 66 00 00 00 67 00 00 00 68 00 00 00 69 00 00 00 
R02:26:00   68 E6 30 60 A8 06 01 37 14 00 3F 06 69 00 00 00 6A 00 00 01 6B 00 00 00 6C 00 00 00 6D 00 00 00 
R02:26:00   6E 00 00 00 6F 00 00 00 70 00 00 00 71 00 00 00 72 00 00 00 73 00 00 00 74 00 00 00 75 00 00 00 
R02:26:00   76 00 00 00 77 00 00 00 78 00 00 00 79 00 00 00 7A 00 00 00 7B 00 00 00 7C 00 00 00 7D 00 00 01 
R02:26:00   7E 00 00 01 7F 00 00 00 80 00 00 01 81 00 00 01 82 00 00 01 83 00 00 00 84 00 00 00 85 00 00 00 
R02:26:00   86 00 00 00 87 00 00 00 88 00 00 00 89 00 00 00 8A 00 00 00 8B 00 00 01 8C 00 00 00 8D 00 00 00 
R02:26:00   8E 00 00 00 8F 00 00 00 90 00 00 00 91 00 00 00 92 00 00 00 93 00 00 00 94 00 00 00 95 00 00 00 
R02:26:00   96 00 00 00 97 00 00 00 98 00 00 00 99 00 00 00 9A 00 00 00 9B 00 00 00 9C 00 00 00 9D 00 00 00 
R02:26:00   9E 00 00 01 9F 00 00 00 
R02:26:01   68 A6 32 60 A8 06 01 27 14 00 3F 06 A0 00 00 00 A1 00 00 01 A2 00 00 01 A3 00 00 01 A4 00 00 00 
R02:26:01   A5 00 00 00 A6 00 00 00 A7 00 00 00 A8 00 00 00 A9 00 00 00 AA 00 00 00 AB 00 00 00 AC 00 00 01 
R02:26:01   AD 00 00 00 AE 00 00 00 AF 00 00 00 B0 00 00 00 B1 00 00 00 B2 00 00 00 B3 00 00 00 B4 00 00 00 
R02:26:01   B5 00 00 00 B6 00 00 00 B7 00 00 00 B8 00 00 00 B9 00 00 00 BA 00 00 00 BB 00 00 00 BC 00 00 00 
R02:26:01   BD 00 00 00 BE 00 00 00 BF 00 00 01 C0 00 00 00 C1 00 00 00 C2 00 00 01 C3 00 00 01 C4 00 00 01 
R02:26:01   C5 00 00 00 C6 00 00 00 
S02:26:02   68 04 01 00 34 60 
R02:26:02   68 EA 34 60 A8 06 0D 1C 14 00 3F 06 01 40 00 00 00 65 43 00 02 40 00 7B 14 57 42 00 03 40 00 5E 
R02:26:02   BA 27 41 00 04 40 00 00 00 00 00 00 05 40 00 C5 20 28 41 00 06 40 00 00 00 00 00 00 07 40 00 4E 
R02:26:02   E2 47 42 00 08 40 00 00 00 00 00 00 09 40 00 00 00 00 00 00 0A 40 00 00 00 00 00 00 0B 40 00 00 
R02:26:02   00 00 00 00 0C 40 00 00 00 00 00 00 0D 40 00 D5 78 E9 40 00 0E 40 00 E9 26 F1 40 00 0F 40 00 87 
R02:26:02   16 E9 40 00 10 40 00 00 00 00 00 00 11 40 00 71 3D 04 43 00 12 40 00 A4 70 B5 C1 00 13 40 00 F6 
R02:26:02   28 7C 3F 00 14 40 00 00 00 00 00 00 15 40 00 00 00 00 00 00 16 40 00 00 00 00 00 00 17 40 00 00 
R02:26:02   00 00 00 00 18 40 00 00 00 00 00 00 19 40 00 00 00 00 00 00 1A 40 00 00 00 00 00 00 1B 40 00 00 
R02:26:02   00 00 00 00 1C 40 00 00 00 00 00 00 
R02:26:02   68 6A 36 60 A8 06 0D 0C 14 00 3F 06 1D 40 00 00 00 00 00 00 1E 40 00 00 00 00 00 00 1F 40 00 00 
R02:26:02   00 00 00 00 20 40 00 00 00 00 00 00 21 40 00 00 00 00 00 00 22 40 00 00 00 00 00 00 23 40 00 00 
R02:26:02   00 00 00 00 24 40 00 00 00 00 00 00 25 40 00 00 00 00 00 00 26 40 00 00 00 00 00 00 27 40 00 00 
R02:26:02   00 00 00 00 28 40 00 00 00 00 00 00 
R02:26:03   68 EA 38 60 A8 06 0D 1C 14 00 3F 06 29 40 00 00 00 00 00 00 2A 40 00 00 00 00 00 00 2B 40 00 00 
R02:26:03   00 00 00 00 2C 40 00 00 00 00 00 00 2D 40 00 00 00 00 00 00 2E 40 00 00 00 00 00 00 2F 40 00 00 
R02:26:03   00 00 00 00 30 40 00 00 00 00 00 00 31 40 00 00 00 00 00 00 32 40 00 00 00 00 00 00 33 40 00 00 
R02:26:03   00 00 00 00 34 40 00 00 00 00 00 00 35 40 00 00 00 00 00 00 36 40 00 00 00 00 00 00 37 40 00 00 
R02:26:03   00 00 00 00 38 40 00 00 00 00 00 00 39 40 00 96 43 DB 41 00 3A 40 00 54 E3 D5 41 00 3B 40 00 79 
R02:26:03   E9 DE 41 00 3C 40 00 00 00 00 00 00 3D 40 00 52 B8 F6 43 00 3E 40 00 EB 51 38 C1 00 3F 40 00 77 
R02:26:03   BE 7F 3F 00 40 40 00 00 00 00 00 00 41 40 00 00 00 00 00 00 42 40 00 00 00 00 00 00 43 40 00 00 
R02:26:03   00 00 00 00 44 40 00 B2 9D 0F 42 00 
S02:26:03   68 04 01 00 3A 60 
R02:26:03   68 3A 3A 60 A8 06 0D 06 14 00 3F 06 45 40 00 42 60 0F 42 00 46 40 00 20 B0 12 42 00 47 40 00 00 
R02:26:03   00 00 00 00 48 40 00 8F 02 24 C4 00 49 40 00 85 EB 05 42 00 4A 40 00 EE 7C 7F BF 00 
R02:26:04   68 0E 3C 60 A8 06 64 01 0A 00 3F 06 00 00 00 14 
S02:26:04   68 0E A8 06 3E 60 65 01 06 00 3F 06 00 00 00 05 
R02:26:05   68 0E 3E 60 AA 06 65 01 07 00 3F 06 00 00 00 05 
R02:26:05   68 4A 40 60 AA 06 CE 08 25 00 3F 06 01 64 00 2A FE 1B 49 00 02 64 00 66 66 03 44 00 03 64 00 67 
R02:26:05   66 FE 43 00 04 64 00 B3 91 F4 47 00 05 64 00 00 00 AE 42 00 06 64 00 34 B4 F4 47 00 07 64 00 66 
R02:26:05   66 86 41 00 08 64 00 00 00 8A 42 00 
R02:26:06   68 82 42 60 AA 06 CF 08 25 00 3F 06 09 64 00 B0 FB 1B 49 00 00 00 0F 02 AC 06 1A 0A 64 00 66 66 
R02:26:06   03 44 00 00 00 0F 02 AC 06 1A 0B 64 00 67 66 FE 43 00 00 00 0F 02 AC 06 1A 0C 64 00 00 8F F4 47 
R02:26:06   00 00 00 0F 02 AC 06 1A 0D 64 00 00 00 AE 42 00 00 00 0F 02 AC 06 1A 0E 64 00 81 B1 F4 47 00 00 
R02:26:06   00 0F 02 AC 06 1A 0F 64 00 66 66 86 41 00 00 00 0F 02 AC 06 1A 10 64 00 00 00 8A 42 00 00 00 0F 
R02:26:06   02 AC 06 1A 
S02:26:06   68 04 01 00 44 60 
R02:26:06   68 82 44 60 AA 06 CF 08 25 00 3F 06 11 64 00 39 D0 1B 49 00 00 00 00 00 AC 06 1A 12 64 00 66 66 
R02:26:06   03 44 00 00 00 00 00 AC 06 1A 13 64 00 67 66 FE 43 00 00 00 00 00 AC 06 1A 14 64 00 66 55 F4 47 
R02:26:06   00 00 00 00 00 AC 06 1A 15 64 00 00 00 AE 42 00 00 00 00 00 AC 06 1A 16 64 00 E7 77 F4 47 00 00 
R02:26:06   00 00 00 AC 06 1A 17 64 00 66 66 86 41 00 00 00 00 00 AC 06 1A 18 64 00 00 00 8A 42 00 00 00 00 
R02:26:06   00 AC 06 1A 
R02:26:07   68 82 46 60 AA 06 CF 08 25 00 3F 06 19 64 00 00 00 00 00 00 00 00 00 00 AC 06 1A 1A 64 00 00 00 
R02:26:07   00 00 00 00 00 00 00 AC 06 1A 1B 64 00 00 00 00 00 00 00 00 00 00 AC 06 1A 1C 64 00 00 00 00 00 
R02:26:07   00 00 00 00 00 AC 06 1A 1D 64 00 00 00 00 00 00 00 00 00 00 AC 06 1A 1E 64 00 00 00 00 00 00 00 
R02:26:07   00 00 00 AC 06 1A 1F 64 00 00 00 00 00 00 00 00 00 00 AC 06 1A 20 64 00 00 00 00 00 00 00 00 00 
R02:26:07   00 AC 06 1A 
R02:26:07   68 4A 48 60 AA 06 CE 08 25 00 3F 06 21 64 00 CC CC 41 43 00 22 64 00 34 33 0B 43 00 23 64 00 66 
R02:26:07   66 AA 42 00 24 64 00 CD CC EE 42 00 25 64 00 CD CC C4 42 00 26 64 00 CC CC 29 43 00 27 64 00 FF 
R02:26:07   FF 57 42 00 28 64 00 99 99 49 42 00 
R02:26:07   68 82 4A 60 AA 06 CF 08 25 00 3F 06 29 64 00 CC CC 41 43 00 00 00 0F 02 AC 06 1A 2A 64 00 34 33 
R02:26:07   0B 43 00 00 00 0F 02 AC 06 1A 2B 64 00 66 66 AA 42 00 00 00 0F 02 AC 06 1A 2C 64 00 CD CC EE 42 
R02:26:07   00 00 00 0F 02 AC 06 1A 2D 64 00 CD CC C4 42 00 00 00 0F 02 AC 06 1A 2E 64 00 CC CC 29 43 00 00 
R02:26:07   00 0F 02 AC 06 1A 2F 64 00 FF FF 57 42 00 00 00 0F 02 AC 06 1A 30 64 00 99 99 49 42 00 00 00 0F 
R02:26:07   02 AC 06 1A 
S02:26:08   68 04 01 00 4C 60 
R02:26:08   68 82 4C 60 AA 06 CF 08 25 00 3F 06 31 64 00 CC CC 41 43 00 00 00 00 00 AC 06 1A 32 64 00 34 33 
R02:26:08   0B 43 00 00 00 00 00 AC 06 1A 33 64 00 66 66 AA 42 00 00 00 00 00 AC 06 1A 34 64 00 CD CC EE 42 
R02:26:08   00 00 00 00 00 AC 06 1A 35 64 00 CD CC C4 42 00 00 00 00 00 AC 06 1A 36 64 00 CC CC 29 43 00 00 
R02:26:08   00 00 00 AC 06 1A 37 64 00 FF FF 57 42 00 00 00 00 00 AC 06 1A 38 64 00 99 99 49 42 00 00 00 00 
R02:26:08   00 AC 06 1A 
R02:26:08   68 82 4E 60 AA 06 CF 08 25 00 3F 06 39 64 00 00 00 00 00 00 00 00 00 00 AC 06 1A 3A 64 00 00 00 
R02:26:08   00 00 00 00 00 00 00 AC 06 1A 3B 64 00 00 00 00 00 00 00 00 00 00 AC 06 1A 3C 64 00 00 00 00 00 
R02:26:08   00 00 00 00 00 AC 06 1A 3D 64 00 00 00 00 00 00 00 00 00 00 AC 06 1A 3E 64 00 00 00 00 00 00 00 
R02:26:08   00 00 00 AC 06 1A 3F 64 00 00 00 00 00 00 00 00 00 00 AC 06 1A 40 64 00 00 00 00 00 00 00 00 00 
R02:26:08   00 AC 06 1A 
R02:26:09   68 4A 50 60 AA 06 CE 08 25 00 3F 06 41 64 00 CC CC 5F 43 00 42 64 00 33 33 47 43 00 43 64 00 9A 
R02:26:09   99 22 43 00 44 64 00 CC CC 74 42 00 45 64 00 00 00 A8 42 00 46 64 00 00 00 F6 42 00 47 64 00 66 
R02:26:09   66 12 42 00 48 64 00 34 33 77 42 00 
S02:26:09   68 04 01 00 52 60 
R02:26:09   68 82 52 60 AA 06 CF 08 25 00 3F 06 49 64 00 CC CC 5F 43 00 00 00 0F 02 AC 06 1A 4A 64 00 33 33 
R02:26:09   47 43 00 00 00 0F 02 AC 06 1A 4B 64 00 9A 99 22 43 00 00 00 0F 02 AC 06 1A 4C 64 00 CC CC 74 42 
R02:26:09   00 00 00 0F 02 AC 06 1A 4D 64 00 00 00 A8 42 00 00 00 0F 02 AC 06 1A 4E 64 00 00 00 F6 42 00 00 
R02:26:09   00 0F 02 AC 06 1A 4F 64 00 66 66 12 42 00 00 00 0F 02 AC 06 1A 50 64 00 34 33 77 42 00 00 00 0F 
R02:26:09   02 AC 06 1A 
R02:26:10   68 82 54 60 AA 06 CF 08 25 00 3F 06 51 64 00 CC CC 5F 43 00 00 00 00 00 AC 06 1A 52 64 00 33 33 
R02:26:10   47 43 00 00 00 00 00 AC 06 1A 53 64 00 9A 99 22 43 00 00 00 00 00 AC 06 1A 54 64 00 CC CC 74 42 
R02:26:10   00 00 00 00 00 AC 06 1A 55 64 00 00 00 A8 42 00 00 00 00 00 AC 06 1A 56 64 00 00 00 F6 42 00 00 
R02:26:10   00 00 00 AC 06 1A 57 64 00 66 66 12 42 00 00 00 00 00 AC 06 1A 58 64 00 34 33 77 42 00 00 00 00 
R02:26:10   00 AC 06 1A 
R02:26:10   68 82 56 60 AA 06 CF 08 25 00 3F 06 59 64 00 00 00 00 00 00 00 00 00 00 AC 06 1A 5A 64 00 00 00 
R02:26:10   00 00 00 00 00 00 00 AC 06 1A 5B 64 00 00 00 00 00 00 00 00 00 00 AC 06 1A 5C 64 00 00 00 00 00 
R02:26:10   00 00 00 00 00 AC 06 1A 5D 64 00 00 00 00 00 00 00 00 00 00 AC 06 1A 5E 64 00 00 00 00 00 00 00 
R02:26:10   00 00 00 AC 06 1A 5F 64 00 00 00 00 00 00 00 00 00 00 AC 06 1A 60 64 00 00 00 00 00 00 00 00 00 
R02:26:10   00 AC 06 1A 
R02:26:10   68 4A 58 60 AA 06 CE 08 25 00 3F 06 61 64 00 DA AF 0B 48 00 62 64 00 66 66 18 43 00 63 64 00 99 
R02:26:10   99 C9 42 00 64 64 00 9A C1 6F 46 00 65 64 00 34 33 8B 42 00 66 64 00 CD 88 70 46 00 67 64 00 67 
R02:26:10   66 4E 42 00 68 64 00 33 33 47 42 00 
S02:26:10   68 04 01 00 5A 60 
R02:26:11   68 82 5A 60 AA 06 CF 08 25 00 3F 06 69 64 00 F3 AE 0B 48 00 00 00 0F 02 AC 06 1A 6A 64 00 66 66 
R02:26:11   18 43 00 00 00 0F 02 AC 06 1A 6B 64 00 99 99 C9 42 00 00 00 0F 02 AC 06 1A 6C 64 00 34 BF 6F 46 
R02:26:11   00 00 00 0F 02 AC 06 1A 6D 64 00 34 33 8B 42 00 00 00 0F 02 AC 06 1A 6E 64 00 67 86 70 46 00 00 
R02:26:11   00 0F 02 AC 06 1A 6F 64 00 67 66 4E 42 00 00 00 0F 02 AC 06 1A 70 64 00 33 33 47 42 00 00 00 0F 
R02:26:11   02 AC 06 1A 
R02:26:11   68 82 5C 60 AA 06 CF 08 25 00 3F 06 71 64 00 8C 9A 0B 48 00 00 00 00 00 AC 06 1A 72 64 00 66 66 
R02:26:11   18 43 00 00 00 00 00 AC 06 1A 73 64 00 99 99 C9 42 00 00 00 00 00 AC 06 1A 74 64 00 00 A0 6F 46 
R02:26:11   00 00 00 00 00 AC 06 1A 75 64 00 34 33 8B 42 00 00 00 00 00 AC 06 1A 76 64 00 34 67 70 46 00 00 
R02:26:11   00 00 00 AC 06 1A 77 64 00 67 66 4E 42 00 00 00 00 00 AC 06 1A 78 64 00 33 33 47 42 00 00 00 00 
R02:26:11   00 AC 06 1A 
R02:26:12   68 82 5E 60 AA 06 CF 08 25 00 3F 06 79 64 00 FF 44 DE 47 00 3A AE 25 0D F1 05 1A 7A 64 00 66 66 
R02:26:12   18 43 00 3A AE 25 0D F1 05 1A 7B 64 00 99 99 C9 42 00 3A AE 25 0D F1 05 1A 7C 64 00 67 46 50 46 
R02:26:12   00 3A AE 25 0D F1 05 1A 7D 64 00 34 33 8B 42 00 3A AE 25 0D F1 05 1A 7E 64 00 33 0B 51 46 00 3A 
R02:26:12   AE 25 0D F1 05 1A 7F 64 00 67 66 4E 42 00 3A AE 25 0D F1 05 1A 80 64 00 CD CC 44 42 00 3A AE 25 
R02:26:12   0D F1 05 1A 
R02:26:12   68 4A 60 60 AA 06 CE 08 25 00 3F 06 81 64 00 6C 85 48 4A 00 82 64 00 CC 6C 38 46 00 83 64 00 9A 
R02:26:12   31 2A 46 00 84 64 00 80 52 F0 47 00 85 64 00 CC 4C 8A 43 00 86 64 00 CC 85 F0 47 00 87 64 00 34 
R02:26:12   B3 63 44 00 88 64 00 34 33 CD 42 00 
S02:26:13   68 04 01 00 62 60 
R02:26:13   68 82 62 60 AA 06 CF 08 25 00 3F 06 89 64 00 0B 84 48 4A 00 00 00 0F 02 AC 06 1A 8A 64 00 CC 6C 
R02:26:13   38 46 00 00 00 0F 02 AC 06 1A 8B 64 00 9A 31 2A 46 00 00 00 0F 02 AC 06 1A 8C 64 00 4C 51 F0 47 
R02:26:13   00 00 00 0F 02 AC 06 1A 8D 64 00 CC 4C 8A 43 00 00 00 0F 02 AC 06 1A 8E 64 00 98 84 F0 47 00 00 
R02:26:13   00 0F 02 AC 06 1A 8F 64 00 34 B3 63 44 00 00 00 0F 02 AC 06 1A 90 64 00 34 33 CD 42 00 00 00 0F 
R02:26:13   02 AC 06 1A 
R02:26:13   68 82 64 60 AA 06 CF 08 25 00 3F 06 91 64 00 AE 6C 48 4A 00 00 00 00 00 AC 06 1A 92 64 00 CC 6C 
R02:26:13   38 46 00 00 00 00 00 AC 06 1A 93 64 00 9A 31 2A 46 00 00 00 00 00 AC 06 1A 94 64 00 B3 3E F0 47 
R02:26:13   00 00 00 00 00 AC 06 1A 95 64 00 CC 4C 8A 43 00 00 00 00 00 AC 06 1A 96 64 00 00 72 F0 47 00 00 
R02:26:13   00 00 00 AC 06 1A 97 64 00 34 B3 63 44 00 00 00 00 00 AC 06 1A 98 64 00 34 33 CD 42 00 00 00 00 
R02:26:13   00 AC 06 1A 
R02:26:14   68 82 66 60 AA 06 CF 08 25 00 3F 06 99 64 00 2B C0 DB 49 00 BB 6F 25 0B 6F 04 1A 9A 64 00 00 00 
R02:26:14   99 44 00 BB 6F 25 0B 6F 04 1A 9B 64 00 9A 99 9C 43 00 BB 6F 25 0B 6F 04 1A 9C 64 00 CC 8A AC 47 
R02:26:14   00 BB 6F 25 0B 6F 04 1A 9D 64 00 66 66 89 43 00 BB 6F 25 0B 6F 04 1A 9E 64 00 19 BE AC 47 00 BB 
R02:26:14   6F 25 0B 6F 04 1A 9F 64 00 34 B3 63 44 00 BB 6F 25 0B 6F 04 1A A0 64 00 34 33 CD 42 00 BB 6F 25 
R02:26:14   0B 6F 04 1A 
S02:26:14   68 04 01 00 68 60 
R02:26:14   68 4A 68 60 AA 06 CE 08 25 00 3F 06 A1 64 00 33 73 4C 44 00 A2 64 00 1A B1 69 48 00 A3 64 00 98 
R02:26:14   99 CF 42 00 A4 64 00 66 26 AE 44 00 A5 64 00 8E 5D 79 4A 00 A6 64 00 34 5B F9 45 00 A7 64 00 27 
R02:26:14   97 69 48 00 A8 64 00 9A D1 CD 45 00 
R02:26:15   68 82 6A 60 AA 06 CF 08 25 00 3F 06 A9 64 00 33 73 4C 44 00 00 00 0F 02 AC 06 1A AA 64 00 74 AF 
R02:26:15   69 48 00 00 00 0F 02 AC 06 1A AB 64 00 98 99 CF 42 00 00 00 0F 02 AC 06 1A AC 64 00 66 26 AE 44 
R02:26:15   00 00 00 0F 02 AC 06 1A AD 64 00 7D 5B 79 4A 00 00 00 0F 02 AC 06 1A AE 64 00 34 5B F9 45 00 00 
R02:26:15   00 0F 02 AC 06 1A AF 64 00 81 95 69 48 00 00 00 0F 02 AC 06 1A B0 64 00 9A D1 CD 45 00 00 00 0F 
R02:26:15   02 AC 06 1A 
R02:26:15   68 82 6C 60 AA 06 CF 08 25 00 3F 06 B1 64 00 33 73 4C 44 00 00 00 00 00 AC 06 1A B2 64 00 27 8B 
R02:26:15   69 48 00 00 00 00 00 AC 06 1A B3 64 00 98 99 CF 42 00 00 00 00 00 AC 06 1A B4 64 00 66 26 AE 44 
R02:26:15   00 00 00 00 00 AC 06 1A B5 64 00 CB 37 79 4A 00 00 00 00 00 AC 06 1A B6 64 00 34 5B F9 45 00 00 
R02:26:15   00 00 00 AC 06 1A B7 64 00 34 71 69 48 00 00 00 00 00 AC 06 1A B8 64 00 9A D1 CD 45 00 00 00 00 
R02:26:15   00 AC 06 1A 
R02:26:15   68 82 6E 60 AA 06 CF 08 25 00 3F 06 B9 64 00 33 73 4C 44 00 7A 6D 25 0B 6F 04 1A BA 64 00 00 A3 
R02:26:15   1E 48 00 7A 6D 25 0B 6F 04 1A BB 64 00 98 99 CF 42 00 7A 6D 25 0B 6F 04 1A BC 64 00 66 26 AE 44 
R02:26:15   00 7A 6D 25 0B 6F 04 1A BD 64 00 7A F6 0A 4A 00 7A 6D 25 0B 6F 04 1A BE 64 00 CC 0C BB 44 00 7A 
R02:26:15   6D 25 0B 6F 04 1A BF 64 00 0D 89 1E 48 00 7A 6D 25 0B 6F 04 1A C0 64 00 67 66 CE 42 00 7A 6D 25 
R02:26:15   0B 6F 04 1A 
S02:26:15   68 04 01 00 70 60 
R02:26:16   68 0E 70 60 AA 06 65 01 0A 00 3F 06 00 00 00 05 
S02:26:16   68 14 AA 06 72 60 67 01 06 00 3F 06 00 00 00 9B 41 1A 02 AC 06 1A 
R02:26:17   68 14 72 60 AC 06 67 01 07 00 3F 06 00 00 00 9B 41 1A 02 AC 06 1A 
S02:26:26   68 04 01 00 74 60 
S02:26:42   68 04 43 00 00 00 
R02:26:42   68 04 83 00 00 00 
S02:26:58   68 04 43 00 00 00 
R02:26:58   68 04 83 00 00 00 
S02:27:14   68 04 43 00 00 00 
R02:27:14   68 04 83 00 00 00 
S02:27:30   68 04 43 00 00 00 
R02:27:30   68 04 83 00 00 00 
S02:27:46   68 04 43 00 00 00 
R02:27:46   68 04 83 00 00 00 
S02:28:02   68 04 43 00 00 00 
R02:28:02   68 04 83 00 00 00 
S02:28:18   68 04 43 00 00 00 
R02:28:18   68 04 83 00 00 00 
S02:28:34   68 04 43 00 00 00 
R02:28:35   68 04 83 00 00 00 
S02:28:51   68 04 43 00 00 00 
R02:28:52   68 04 83 00 00 00 
S02:29:08   68 04 43 00 00 00 
R02:29:09   68 04 83 00 00 00 
S02:29:25   68 04 43 00 00 00 
R02:29:26   68 04 83 00 00 00 
S02:29:42   68 04 43 00 00 00 
R02:29:43   68 04 83 00 00 00 
S02:29:59   68 04 43 00 00 00 
R02:30:00   68 04 83 00 00 00 
S02:30:16   68 04 43 00 00 00 
R02:30:17   68 04 83 00 00 00 
S02:30:33   68 04 43 00 00 00 
R02:30:34   68 04 83 00 00 00 
S02:30:50   68 04 43 00 00 00 
R02:30:51   68 04 83 00 00 00 
S02:31:07   68 04 43 00 00 00 
R02:31:08   68 04 83 00 00 00 
S02:31:24   68 04 43 00 00 00 
R02:31:25   68 04 83 00 00 00 
S02:31:41   68 04 43 00 00 00 
R02:31:41   68 04 83 00 00 00 
S02:31:57   68 04 43 00 00 00 
R02:31:58   68 04 83 00 00 00 
S02:32:14   68 04 43 00 00 00 
R02:32:14   68 2A 74 60 AC 06 0D 04 03 00 3F 06 0D 40 00 00 00 00 00 00 0E 40 00 00 00 00 00 00 0F 40 00 00 
R02:32:14   00 00 00 00 13 40 00 00 00 00 00 00 
R02:32:14   68 04 83 00 00 00 
S02:32:14   68 04 01 00 76 60 
S02:32:30   68 04 43 00 00 00 
R02:32:30   68 04 83 00 00 00 
S02:32:46   68 04 43 00 00 00 
R02:32:46   68 04 83 00 00 00 
S02:33:02   68 04 43 00 00 00 
R02:33:02   68 04 83 00 00 00 
S02:33:18   68 04 43 00 00 00 
R02:33:18   68 04 83 00 00 00 
S02:33:34   68 04 43 00 00 00 
R02:33:34   68 04 83 00 00 00 
S02:33:50   68 04 43 00 00 00 
R02:33:50   68 04 83 00 00 00 
S02:34:06   68 04 43 00 00 00 
R02:34:06   68 04 83 00 00 00 
S02:34:22   68 04 43 00 00 00 
R02:34:22   68 04 83 00 00 00 
R02:34:25   68 12 76 60 AC 06 0D 01 03 00 3F 06 45 40 00 E7 FB ED 41 00 
S02:34:25   68 04 01 00 78 60 
S02:34:41   68 04 43 00 00 00 
R02:34:41   68 04 83 00 00 00 
S02:34:57   68 04 43 00 00 00 
R02:34:57   68 04 83 00 00 00 
S02:35:13   68 04 43 00 00 00 
R02:35:13   68 04 83 00 00 00 
S02:35:29   68 04 43 00 00 00 
R02:35:29   68 04 83 00 00 00 
S02:35:45   68 04 43 00 00 00 
R02:35:45   68 04 83 00 00 00 
S02:36:01   68 04 43 00 00 00 
R02:36:01   68 04 83 00 00 00 
S02:36:17   68 04 43 00 00 00 
R02:36:17   68 04 83 00 00 00 
S02:36:33   68 04 43 00 00 00 
R02:36:33   68 04 83 00 00 00 
S02:36:49   68 04 43 00 00 00 
R02:36:49   68 04 83 00 00 00 
S02:37:05   68 04 43 00 00 00 
R02:37:05   68 04 83 00 00 00 
S02:37:21   68 04 43 00 00 00 
R02:37:21   68 04 83 00 00 00 
S02:37:37   68 04 43 00 00 00 
R02:37:37   68 04 83 00 00 00 
S02:37:53   68 04 43 00 00 00 
R02:37:53   68 04 83 00 00 00 
S02:38:09   68 04 43 00 00 00 
R02:38:09   68 04 83 00 00 00 
S02:38:25   68 04 43 00 00 00 
R02:38:25   68 04 83 00 00 00 
S02:38:41   68 04 43 00 00 00 
R02:38:41   68 04 83 00 00 00 
S02:38:57   68 04 43 00 00 00 
R02:38:57   68 04 83 00 00 00 
S02:39:13   68 04 43 00 00 00 
R02:39:13   68 04 83 00 00 00 
S02:39:29   68 04 43 00 00 00 
R02:39:29   68 04 83 00 00 00 
S02:39:45   68 04 43 00 00 00 
R02:39:45   68 04 83 00 00 00 
S02:40:01   68 04 43 00 00 00 
R02:40:01   68 04 83 00 00 00 
S02:40:17   68 04 43 00 00 00 
R02:40:17   68 04 83 00 00 00 
S02:40:33   68 04 43 00 00 00 
R02:40:33   68 04 83 00 00 00 
S02:40:49   68 04 43 00 00 00 
R02:40:49   68 04 83 00 00 00 
S02:40:59   68 0E AC 06 78 60 64 01 06 00 3F 06 00 00 00 14 
R02:40:59   68 0E 78 60 AE 06 64 01 07 00 3F 06 00 00 00 14 
S02:41:00   68 04 01 00 7A 60 
R02:41:00   68 E6 7A 60 AE 06 01 37 14 00 3F 06 01 00 00 00 02 00 00 00 03 00 00 00 04 00 00 00 05 00 00 00 
R02:41:00   06 00 00 00 07 00 00 01 08 00 00 00 09 00 00 00 0A 00 00 00 0B 00 00 00 0C 00 00 00 0D 00 00 00 
R02:41:00   0E 00 00 00 0F 00 00 00 10 00 00 00 11 00 00 00 12 00 00 00 13 00 00 00 14 00 00 00 15 00 00 00 
R02:41:00   16 00 00 00 17 00 00 00 18 00 00 00 19 00 00 00 1A 00 00 01 1B 00 00 01 1C 00 00 00 1D 00 00 01 
R02:41:00   1E 00 00 01 1F 00 00 01 20 00 00 00 21 00 00 00 22 00 00 00 23 00 00 00 24 00 00 00 25 00 00 00 
R02:41:00   26 00 00 00 27 00 00 00 28 00 00 00 29 00 00 01 2A 00 00 00 2B 00 00 00 2C 00 00 00 2D 00 00 00 
R02:41:00   2E 00 00 00 2F 00 00 00 30 00 00 00 31 00 00 00 32 00 00 00 33 00 00 00 34 00 00 00 35 00 00 00 
R02:41:00   36 00 00 00 37 00 00 00 
R02:41:01   68 D2 7C 60 AE 06 01 32 14 00 3F 06 38 00 00 00 39 00 00 00 3A 00 00 00 3B 00 00 01 3C 00 00 00 
R02:41:01   3D 00 00 00 3E 00 00 01 3F 00 00 01 40 00 00 00 41 00 00 00 42 00 00 01 43 00 00 00 44 00 00 00 
R02:41:01   45 00 00 00 46 00 00 00 47 00 00 00 48 00 00 00 49 00 00 00 4A 00 00 01 4B 00 00 00 4C 00 00 00 
R02:41:01   4D 00 00 00 4E 00 00 00 4F 00 00 00 50 00 00 00 51 00 00 00 52 00 00 00 53 00 00 00 54 00 00 00 
R02:41:01   55 00 00 00 56 00 00 00 57 00 00 00 58 00 00 00 59 00 00 00 5A 00 00 00 5B 00 00 00 5C 00 00 01 
R02:41:01   5D 00 00 00 5E 00 00 00 5F 00 00 01 60 00 00 01 61 00 00 00 62 00 00 00 63 00 00 01 64 00 00 00 
R02:41:01   65 00 00 00 66 00 00 00 67 00 00 00 68 00 00 00 69 00 00 00 
R02:41:01   68 E6 7E 60 AE 06 01 37 14 00 3F 06 69 00 00 00 6A 00 00 01 6B 00 00 00 6C 00 00 00 6D 00 00 00 
R02:41:01   6E 00 00 00 6F 00 00 00 70 00 00 00 71 00 00 00 72 00 00 00 73 00 00 00 74 00 00 00 75 00 00 00 
R02:41:01   76 00 00 00 77 00 00 00 78 00 00 00 79 00 00 00 7A 00 00 00 7B 00 00 00 7C 00 00 00 7D 00 00 01 
R02:41:01   7E 00 00 01 7F 00 00 00 80 00 00 01 81 00 00 01 82 00 00 01 83 00 00 00 84 00 00 00 85 00 00 00 
R02:41:01   86 00 00 00 87 00 00 00 88 00 00 00 89 00 00 00 8A 00 00 00 8B 00 00 01 8C 00 00 00 8D 00 00 00 
R02:41:01   8E 00 00 00 8F 00 00 00 90 00 00 00 91 00 00 00 92 00 00 00 93 00 00 00 94 00 00 00 95 00 00 00 
R02:41:01   96 00 00 00 97 00 00 00 98 00 00 00 99 00 00 00 9A 00 00 00 9B 00 00 00 9C 00 00 00 9D 00 00 00 
R02:41:01   9E 00 00 01 9F 00 00 00 
S02:41:01   68 04 01 00 80 60 
R02:41:01   68 A6 80 60 AE 06 01 27 14 00 3F 06 A0 00 00 00 A1 00 00 01 A2 00 00 01 A3 00 00 01 A4 00 00 00 
R02:41:01   A5 00 00 00 A6 00 00 00 A7 00 00 00 A8 00 00 00 A9 00 00 00 AA 00 00 00 AB 00 00 00 AC 00 00 01 
R02:41:01   AD 00 00 00 AE 00 00 00 AF 00 00 00 B0 00 00 00 B1 00 00 00 B2 00 00 00 B3 00 00 00 B4 00 00 00 
R02:41:01   B5 00 00 00 B6 00 00 00 B7 00 00 00 B8 00 00 00 B9 00 00 00 BA 00 00 00 BB 00 00 00 BC 00 00 00 
R02:41:01   BD 00 00 00 BE 00 00 00 BF 00 00 01 C0 00 00 00 C1 00 00 00 C2 00 00 01 C3 00 00 01 C4 00 00 01 
R02:41:01   C5 00 00 00 C6 00 00 00 
R02:41:01   68 EA 82 60 AE 06 0D 1C 14 00 3F 06 01 40 00 00 00 66 43 00 02 40 00 AE 47 56 42 00 03 40 00 CA 
R02:41:01   A1 27 41 00 04 40 00 00 00 00 00 00 05 40 00 71 3D 28 41 00 06 40 00 00 00 00 00 00 07 40 00 D1 
R02:41:01   22 48 42 00 08 40 00 00 00 00 00 00 09 40 00 00 00 00 00 00 0A 40 00 00 00 00 00 00 0B 40 00 00 
R02:41:01   00 00 00 00 0C 40 00 00 00 00 00 00 0D 40 00 00 00 00 00 00 0E 40 00 00 00 00 00 00 0F 40 00 00 
R02:41:01   00 00 00 00 10 40 00 00 00 00 00 00 11 40 00 00 00 00 00 00 12 40 00 00 00 00 00 00 13 40 00 00 
R02:41:01   00 00 00 00 14 40 00 00 00 00 00 00 15 40 00 00 00 00 00 00 16 40 00 00 00 00 00 00 17 40 00 00 
R02:41:01   00 00 00 00 18 40 00 00 00 00 00 00 19 40 00 00 00 00 00 00 1A 40 00 00 00 00 00 00 1B 40 00 00 
R02:41:01   00 00 00 00 1C 40 00 00 00 00 00 00 
R02:41:02   68 6A 84 60 AE 06 0D 0C 14 00 3F 06 1D 40 00 00 00 00 00 00 1E 40 00 00 00 00 00 00 1F 40 00 00 
R02:41:02   00 00 00 00 20 40 00 00 00 00 00 00 21 40 00 00 00 00 00 00 22 40 00 00 00 00 00 00 23 40 00 00 
R02:41:02   00 00 00 00 24 40 00 00 00 00 00 00 25 40 00 00 00 00 00 00 26 40 00 00 00 00 00 00 27 40 00 00 
R02:41:02   00 00 00 00 28 40 00 00 00 00 00 00 
S02:41:02   68 04 01 00 86 60 
R02:41:03   68 EA 86 60 AE 06 0D 1C 14 00 3F 06 29 40 00 00 00 00 00 00 2A 40 00 00 00 00 00 00 2B 40 00 00 
R02:41:03   00 00 00 00 2C 40 00 00 00 00 00 00 2D 40 00 00 00 00 00 00 2E 40 00 00 00 00 00 00 2F 40 00 00 
R02:41:03   00 00 00 00 30 40 00 00 00 00 00 00 31 40 00 00 00 00 00 00 32 40 00 00 00 00 00 00 33 40 00 00 
R02:41:03   00 00 00 00 34 40 00 00 00 00 00 00 35 40 00 00 00 00 00 00 36 40 00 00 00 00 00 00 37 40 00 00 
R02:41:03   00 00 00 00 38 40 00 00 00 00 00 00 39 40 00 D0 22 D7 41 00 3A 40 00 F6 28 C8 41 00 3B 40 00 1D 
R02:41:03   5A E0 41 00 3C 40 00 00 00 00 00 00 3D 40 00 85 6B F0 43 00 3E 40 00 1F 85 83 C1 00 3F 40 00 77 
R02:41:03   BE 7F 3F 00 40 40 00 00 00 00 00 00 41 40 00 00 00 00 00 00 42 40 00 00 00 00 00 00 43 40 00 00 
R02:41:03   00 00 00 00 44 40 00 CB A1 05 42 00 
R02:41:03   68 3A 88 60 AE 06 0D 06 14 00 3F 06 45 40 00 FA 7E FE 41 00 46 40 00 EA 26 0B 42 00 47 40 00 00 
R02:41:03   00 00 00 00 48 40 00 E1 7A 16 C4 00 49 40 00 71 3D 22 42 00 4A 40 00 64 3B 7F BF 00 
R02:41:03   68 0E 8A 60 AE 06 64 01 0A 00 3F 06 00 00 00 14 
S02:41:03   68 0E AE 06 8C 60 65 01 06 00 3F 06 00 00 00 05 
R02:41:04   68 0E 8C 60 B0 06 65 01 07 00 3F 06 00 00 00 05 
R02:41:04   68 4A 8E 60 B0 06 CE 08 25 00 3F 06 01 64 00 D0 FF 1B 49 00 02 64 00 66 66 03 44 00 03 64 00 67 
R02:41:04   66 FE 43 00 04 64 00 19 94 F4 47 00 05 64 00 00 00 AE 42 00 06 64 00 98 B6 F4 47 00 07 64 00 66 
R02:41:04   66 86 41 00 08 64 00 00 00 8A 42 00 
R02:41:05   68 82 90 60 B0 06 CF 08 25 00 3F 06 09 64 00 D6 FE 1B 49 00 00 00 1E 02 AC 06 1A 0A 64 00 66 66 
R02:41:05   03 44 00 00 00 1E 02 AC 06 1A 0B 64 00 67 66 FE 43 00 00 00 1E 02 AC 06 1A 0C 64 00 4D 92 F4 47 
R02:41:05   00 00 00 1E 02 AC 06 1A 0D 64 00 00 00 AE 42 00 00 00 1E 02 AC 06 1A 0E 64 00 CC B4 F4 47 00 00 
R02:41:05   00 1E 02 AC 06 1A 0F 64 00 66 66 86 41 00 00 00 1E 02 AC 06 1A 10 64 00 00 00 8A 42 00 00 00 1E 
R02:41:05   02 AC 06 1A 
R02:41:05   68 82 92 60 B0 06 CF 08 25 00 3F 06 11 64 00 39 D0 1B 49 00 00 00 00 00 AC 06 1A 12 64 00 66 66 
R02:41:05   03 44 00 00 00 00 00 AC 06 1A 13 64 00 67 66 FE 43 00 00 00 00 00 AC 06 1A 14 64 00 66 55 F4 47 
R02:41:05   00 00 00 00 00 AC 06 1A 15 64 00 00 00 AE 42 00 00 00 00 00 AC 06 1A 16 64 00 E7 77 F4 47 00 00 
R02:41:05   00 00 00 AC 06 1A 17 64 00 66 66 86 41 00 00 00 00 00 AC 06 1A 18 64 00 00 00 8A 42 00 00 00 00 
R02:41:05   00 AC 06 1A 
S02:41:05   68 04 01 00 94 60 
R02:41:06   68 82 94 60 B0 06 CF 08 25 00 3F 06 19 64 00 00 00 00 00 00 00 00 00 00 AC 06 1A 1A 64 00 00 00 
R02:41:06   00 00 00 00 00 00 00 AC 06 1A 1B 64 00 00 00 00 00 00 00 00 00 00 AC 06 1A 1C 64 00 00 00 00 00 
R02:41:06   00 00 00 00 00 AC 06 1A 1D 64 00 00 00 00 00 00 00 00 00 00 AC 06 1A 1E 64 00 00 00 00 00 00 00 
R02:41:06   00 00 00 AC 06 1A 1F 64 00 00 00 00 00 00 00 00 00 00 AC 06 1A 20 64 00 00 00 00 00 00 00 00 00 
R02:41:06   00 AC 06 1A 
R02:41:07   68 4A 96 60 B0 06 CE 08 25 00 3F 06 21 64 00 CC CC 41 43 00 22 64 00 34 33 0B 43 00 23 64 00 66 
R02:41:07   66 AA 42 00 24 64 00 CD CC EE 42 00 25 64 00 CD CC C4 42 00 26 64 00 CC CC 29 43 00 27 64 00 FF 
R02:41:07   FF 57 42 00 28 64 00 99 99 49 42 00 
R02:41:07   68 82 98 60 B0 06 CF 08 25 00 3F 06 29 64 00 CC CC 41 43 00 00 00 1E 02 AC 06 1A 2A 64 00 34 33 
R02:41:07   0B 43 00 00 00 1E 02 AC 06 1A 2B 64 00 66 66 AA 42 00 00 00 1E 02 AC 06 1A 2C 64 00 CD CC EE 42 
R02:41:07   00 00 00 1E 02 AC 06 1A 2D 64 00 CD CC C4 42 00 00 00 1E 02 AC 06 1A 2E 64 00 CC CC 29 43 00 00 
R02:41:07   00 1E 02 AC 06 1A 2F 64 00 FF FF 57 42 00 00 00 1E 02 AC 06 1A 30 64 00 99 99 49 42 00 00 00 1E 
R02:41:07   02 AC 06 1A 
R02:41:07   68 82 9A 60 B0 06 CF 08 25 00 3F 06 31 64 00 CC CC 41 43 00 00 00 00 00 AC 06 1A 32 64 00 34 33 
R02:41:07   0B 43 00 00 00 00 00 AC 06 1A 33 64 00 66 66 AA 42 00 00 00 00 00 AC 06 1A 34 64 00 CD CC EE 42 
R02:41:07   00 00 00 00 00 AC 06 1A 35 64 00 CD CC C4 42 00 00 00 00 00 AC 06 1A 36 64 00 CC CC 29 43 00 00 
R02:41:07   00 00 00 AC 06 1A 37 64 00 FF FF 57 42 00 00 00 00 00 AC 06 1A 38 64 00 99 99 49 42 00 00 00 00 
R02:41:07   00 AC 06 1A 
S02:41:08   68 04 01 00 9C 60 
R02:41:08   68 82 9C 60 B0 06 CF 08 25 00 3F 06 39 64 00 00 00 00 00 00 00 00 00 00 AC 06 1A 3A 64 00 00 00 
R02:41:08   00 00 00 00 00 00 00 AC 06 1A 3B 64 00 00 00 00 00 00 00 00 00 00 AC 06 1A 3C 64 00 00 00 00 00 
R02:41:08   00 00 00 00 00 AC 06 1A 3D 64 00 00 00 00 00 00 00 00 00 00 AC 06 1A 3E 64 00 00 00 00 00 00 00 
R02:41:08   00 00 00 AC 06 1A 3F 64 00 00 00 00 00 00 00 00 00 00 AC 06 1A 40 64 00 00 00 00 00 00 00 00 00 
R02:41:08   00 AC 06 1A 
R02:41:09   68 4A 9E 60 B0 06 CE 08 25 00 3F 06 41 64 00 CC CC 5F 43 00 42 64 00 33 33 47 43 00 43 64 00 9A 
R02:41:09   99 22 43 00 44 64 00 CC CC 74 42 00 45 64 00 00 00 A8 42 00 46 64 00 00 00 F6 42 00 47 64 00 66 
R02:41:09   66 12 42 00 48 64 00 34 33 77 42 00 
R02:41:09   68 82 A0 60 B0 06 CF 08 25 00 3F 06 49 64 00 CC CC 5F 43 00 00 00 1E 02 AC 06 1A 4A 64 00 33 33 
R02:41:09   47 43 00 00 00 1E 02 AC 06 1A 4B 64 00 9A 99 22 43 00 00 00 1E 02 AC 06 1A 4C 64 00 CC CC 74 42 
R02:41:09   00 00 00 1E 02 AC 06 1A 4D 64 00 00 00 A8 42 00 00 00 1E 02 AC 06 1A 4E 64 00 00 00 F6 42 00 00 
R02:41:09   00 1E 02 AC 06 1A 4F 64 00 66 66 12 42 00 00 00 1E 02 AC 06 1A 50 64 00 34 33 77 42 00 00 00 1E 
R02:41:09   02 AC 06 1A 
S02:41:10   68 04 01 00 A2 60 
R02:41:10   68 82 A2 60 B0 06 CF 08 25 00 3F 06 51 64 00 CC CC 5F 43 00 00 00 00 00 AC 06 1A 52 64 00 33 33 
R02:41:10   47 43 00 00 00 00 00 AC 06 1A 53 64 00 9A 99 22 43 00 00 00 00 00 AC 06 1A 54 64 00 CC CC 74 42 
R02:41:10   00 00 00 00 00 AC 06 1A 55 64 00 00 00 A8 42 00 00 00 00 00 AC 06 1A 56 64 00 00 00 F6 42 00 00 
R02:41:10   00 00 00 AC 06 1A 57 64 00 66 66 12 42 00 00 00 00 00 AC 06 1A 58 64 00 34 33 77 42 00 00 00 00 
R02:41:10   00 AC 06 1A 
R02:41:10   68 82 A4 60 B0 06 CF 08 25 00 3F 06 59 64 00 00 00 00 00 00 00 00 00 00 AC 06 1A 5A 64 00 00 00 
R02:41:10   00 00 00 00 00 00 00 AC 06 1A 5B 64 00 00 00 00 00 00 00 00 00 00 AC 06 1A 5C 64 00 00 00 00 00 
R02:41:10   00 00 00 00 00 AC 06 1A 5D 64 00 00 00 00 00 00 00 00 00 00 AC 06 1A 5E 64 00 00 00 00 00 00 00 
R02:41:10   00 00 00 AC 06 1A 5F 64 00 00 00 00 00 00 00 00 00 00 AC 06 1A 60 64 00 00 00 00 00 00 00 00 00 
R02:41:10   00 AC 06 1A 
R02:41:11   68 4A A6 60 B0 06 CE 08 25 00 3F 06 61 64 00 34 B1 0B 48 00 62 64 00 66 66 18 43 00 63 64 00 99 
R02:41:11   99 C9 42 00 64 64 00 67 C6 6F 46 00 65 64 00 34 33 8B 42 00 66 64 00 99 8D 70 46 00 67 64 00 67 
R02:41:11   66 4E 42 00 68 64 00 33 33 47 42 00 
R02:41:11   68 82 A8 60 B0 06 CF 08 25 00 3F 06 69 64 00 4C B0 0B 48 00 00 00 1E 02 AC 06 1A 6A 64 00 66 66 
R02:41:11   18 43 00 00 00 1E 02 AC 06 1A 6B 64 00 99 99 C9 42 00 00 00 1E 02 AC 06 1A 6C 64 00 9A C1 6F 46 
R02:41:11   00 00 00 1E 02 AC 06 1A 6D 64 00 34 33 8B 42 00 00 00 1E 02 AC 06 1A 6E 64 00 CD 88 70 46 00 00 
R02:41:11   00 1E 02 AC 06 1A 6F 64 00 67 66 4E 42 00 00 00 1E 02 AC 06 1A 70 64 00 33 33 47 42 00 00 00 1E 
R02:41:11   02 AC 06 1A 
S02:41:11   68 04 01 00 AA 60 
R02:41:11   68 82 AA 60 B0 06 CF 08 25 00 3F 06 71 64 00 8C 9A 0B 48 00 00 00 00 00 AC 06 1A 72 64 00 66 66 
R02:41:11   18 43 00 00 00 00 00 AC 06 1A 73 64 00 99 99 C9 42 00 00 00 00 00 AC 06 1A 74 64 00 00 A0 6F 46 
R02:41:11   00 00 00 00 00 AC 06 1A 75 64 00 34 33 8B 42 00 00 00 00 00 AC 06 1A 76 64 00 34 67 70 46 00 00 
R02:41:11   00 00 00 AC 06 1A 77 64 00 67 66 4E 42 00 00 00 00 00 AC 06 1A 78 64 00 33 33 47 42 00 00 00 00 
R02:41:11   00 AC 06 1A 
R02:41:11   68 82 AC 60 B0 06 CF 08 25 00 3F 06 79 64 00 FF 44 DE 47 00 3A AE 25 0D F1 05 1A 7A 64 00 66 66 
R02:41:11   18 43 00 3A AE 25 0D F1 05 1A 7B 64 00 99 99 C9 42 00 3A AE 25 0D F1 05 1A 7C 64 00 67 46 50 46 
R02:41:11   00 3A AE 25 0D F1 05 1A 7D 64 00 34 33 8B 42 00 3A AE 25 0D F1 05 1A 7E 64 00 33 0B 51 46 00 3A 
R02:41:11   AE 25 0D F1 05 1A 7F 64 00 67 66 4E 42 00 3A AE 25 0D F1 05 1A 80 64 00 CD CC 44 42 00 3A AE 25 
R02:41:11   0D F1 05 1A 
R02:41:12   68 4A AE 60 B0 06 CE 08 25 00 3F 06 81 64 00 60 87 48 4A 00 82 64 00 CC 6C 38 46 00 83 64 00 9A 
R02:41:12   31 2A 46 00 84 64 00 B3 53 F0 47 00 85 64 00 CC 4C 8A 43 00 86 64 00 00 87 F0 47 00 87 64 00 34 
R02:41:12   B3 63 44 00 88 64 00 34 33 CD 42 00 
R02:41:12   68 82 B0 60 B0 06 CF 08 25 00 3F 06 89 64 00 08 86 48 4A 00 00 00 1E 02 AC 06 1A 8A 64 00 CC 6C 
R02:41:12   38 46 00 00 00 1E 02 AC 06 1A 8B 64 00 9A 31 2A 46 00 00 00 1E 02 AC 06 1A 8C 64 00 CC 52 F0 47 
R02:41:12   00 00 00 1E 02 AC 06 1A 8D 64 00 CC 4C 8A 43 00 00 00 1E 02 AC 06 1A 8E 64 00 1A 86 F0 47 00 00 
R02:41:12   00 1E 02 AC 06 1A 8F 64 00 34 B3 63 44 00 00 00 1E 02 AC 06 1A 90 64 00 34 33 CD 42 00 00 00 1E 
R02:41:12   02 AC 06 1A 
S02:41:13   68 04 01 00 B2 60 
R02:41:13   68 82 B2 60 B0 06 CF 08 25 00 3F 06 91 64 00 AE 6C 48 4A 00 00 00 00 00 AC 06 1A 92 64 00 CC 6C 
R02:41:13   38 46 00 00 00 00 00 AC 06 1A 93 64 00 9A 31 2A 46 00 00 00 00 00 AC 06 1A 94 64 00 B3 3E F0 47 
R02:41:13   00 00 00 00 00 AC 06 1A 95 64 00 CC 4C 8A 43 00 00 00 00 00 AC 06 1A 96 64 00 00 72 F0 47 00 00 
R02:41:13   00 00 00 AC 06 1A 97 64 00 34 B3 63 44 00 00 00 00 00 AC 06 1A 98 64 00 34 33 CD 42 00 00 00 00 
R02:41:13   00 AC 06 1A 
R02:41:13   68 82 B4 60 B0 06 CF 08 25 00 3F 06 99 64 00 2B C0 DB 49 00 BB 6F 25 0B 6F 04 1A 9A 64 00 00 00 
R02:41:13   99 44 00 BB 6F 25 0B 6F 04 1A 9B 64 00 9A 99 9C 43 00 BB 6F 25 0B 6F 04 1A 9C 64 00 CC 8A AC 47 
R02:41:13   00 BB 6F 25 0B 6F 04 1A 9D 64 00 66 66 89 43 00 BB 6F 25 0B 6F 04 1A 9E 64 00 19 BE AC 47 00 BB 
R02:41:13   6F 25 0B 6F 04 1A 9F 64 00 34 B3 63 44 00 BB 6F 25 0B 6F 04 1A A0 64 00 34 33 CD 42 00 BB 6F 25 
R02:41:13   0B 6F 04 1A 
R02:41:13   68 4A B6 60 B0 06 CE 08 25 00 3F 06 A1 64 00 33 73 4C 44 00 A2 64 00 0D B3 69 48 00 A3 64 00 98 
R02:41:13   99 CF 42 00 A4 64 00 66 26 AE 44 00 A5 64 00 01 60 79 4A 00 A6 64 00 34 5B F9 45 00 A7 64 00 19 
R02:41:13   99 69 48 00 A8 64 00 9A D1 CD 45 00 
S02:41:13   68 04 01 00 B8 60 
R02:41:15   68 82 B8 60 B0 06 CF 08 25 00 3F 06 A9 64 00 33 73 4C 44 00 00 00 1E 02 AC 06 1A AA 64 00 B3 B1 
R02:41:15   69 48 00 00 00 1E 02 AC 06 1A AB 64 00 98 99 CF 42 00 00 00 1E 02 AC 06 1A AC 64 00 66 26 AE 44 
R02:41:15   00 00 00 1E 02 AC 06 1A AD 64 00 5C 5E 79 4A 00 00 00 1E 02 AC 06 1A AE 64 00 34 5B F9 45 00 00 
R02:41:15   00 1E 02 AC 06 1A AF 64 00 C0 97 69 48 00 00 00 1E 02 AC 06 1A B0 64 00 9A D1 CD 45 00 00 00 1E 
R02:41:15   02 AC 06 1A 
R02:41:15   68 82 BA 60 B0 06 CF 08 25 00 3F 06 B1 64 00 33 73 4C 44 00 00 00 00 00 AC 06 1A B2 64 00 27 8B 
R02:41:15   69 48 00 00 00 00 00 AC 06 1A B3 64 00 98 99 CF 42 00 00 00 00 00 AC 06 1A B4 64 00 66 26 AE 44 
R02:41:15   00 00 00 00 00 AC 06 1A B5 64 00 CB 37 79 4A 00 00 00 00 00 AC 06 1A B6 64 00 34 5B F9 45 00 00 
R02:41:15   00 00 00 AC 06 1A B7 64 00 34 71 69 48 00 00 00 00 00 AC 06 1A B8 64 00 9A D1 CD 45 00 00 00 00 
R02:41:15   00 AC 06 1A 
R02:41:15   68 82 BC 60 B0 06 CF 08 25 00 3F 06 B9 64 00 33 73 4C 44 00 7A 6D 25 0B 6F 04 1A BA 64 00 00 A3 
R02:41:15   1E 48 00 7A 6D 25 0B 6F 04 1A BB 64 00 98 99 CF 42 00 7A 6D 25 0B 6F 04 1A BC 64 00 66 26 AE 44 
R02:41:15   00 7A 6D 25 0B 6F 04 1A BD 64 00 7A F6 0A 4A 00 7A 6D 25 0B 6F 04 1A BE 64 00 CC 0C BB 44 00 7A 
R02:41:15   6D 25 0B 6F 04 1A BF 64 00 0D 89 1E 48 00 7A 6D 25 0B 6F 04 1A C0 64 00 67 66 CE 42 00 7A 6D 25 
R02:41:15   0B 6F 04 1A 
R02:41:15   68 0E BE 60 B0 06 65 01 0A 00 3F 06 00 00 00 05 
S02:41:16   68 14 B0 06 C0 60 67 01 06 00 3F 06 00 00 00 87 3E 29 02 AC 06 1A 
R02:41:16   68 14 C0 60 B2 06 67 01 07 00 3F 06 00 00 00 87 3E 29 02 AC 06 1A 
S02:41:24   68 04 01 00 C2 60 
S02:41:40   68 04 43 00 00 00 
R02:41:41   68 04 83 00 00 00 
S02:41:57   68 04 43 00 00 00 
R02:41:57   68 04 83 00 00 00 
S02:42:13   68 04 43 00 00 00 
R02:42:14   68 04 83 00 00 00 
S02:42:30   68 04 43 00 00 00 
R02:42:31   68 04 83 00 00 00 
S02:42:47   68 04 43 00 00 00 
R02:42:48   68 04 83 00 00 00 
R02:43:01   68 12 C2 60 B2 06 0D 01 03 00 3F 06 0E 40 00 00 00 C0 40 00 
S02:43:01   68 04 01 00 C4 60 
R02:43:02   68 12 C4 60 B2 06 0D 01 03 00 3F 06 0E 40 00 00 00 00 00 00 
R02:43:03   68 12 C6 60 B2 06 0D 01 03 00 3F 06 0E 40 00 00 00 C0 40 00 
R02:43:06   68 12 C8 60 B2 06 0D 01 03 00 3F 06 0E 40 00 00 00 00 00 00 
S02:43:06   68 04 01 00 CA 60 
S02:43:22   68 04 43 00 00 00 
R02:43:23   68 04 83 00 00 00 
S02:43:39   68 04 43 00 00 00 
R02:43:40   68 04 83 00 00 00 
S02:43:56   68 04 43 00 00 00 
R02:43:57   68 04 83 00 00 00 
S02:44:13   68 04 43 00 00 00 
R02:44:14   68 04 83 00 00 00 
S02:44:30   68 04 43 00 00 00 
R02:44:31   68 04 83 00 00 00 
S02:44:47   68 04 43 00 00 00 
R02:44:48   68 04 83 00 00 00 
S02:45:04   68 04 43 00 00 00 
R02:45:04   68 04 83 00 00 00 
S02:45:20   68 04 43 00 00 00 
R02:45:20   68 04 83 00 00 00 
S02:45:36   68 04 43 00 00 00 
R02:45:36   68 04 83 00 00 00 
S02:45:52   68 04 43 00 00 00 
R02:45:52   68 04 83 00 00 00 
S02:46:08   68 04 43 00 00 00 
R02:46:08   68 04 83 00 00 00 
S02:46:24   68 04 43 00 00 00 
R02:46:24   68 04 83 00 00 00 
S02:46:40   68 04 43 00 00 00 
R02:46:40   68 04 83 00 00 00 
S02:46:56   68 04 43 00 00 00 
R02:46:56   68 04 83 00 00 00 
S02:47:12   68 04 43 00 00 00 
R02:47:12   68 04 83 00 00 00 
S02:47:28   68 04 43 00 00 00 
R02:47:28   68 04 83 00 00 00 
S02:47:44   68 04 43 00 00 00 
R02:47:44   68 04 83 00 00 00 
S02:48:00   68 04 43 00 00 00 
R02:48:00   68 04 83 00 00 00 
S02:48:16   68 04 43 00 00 00 
R02:48:16   68 04 83 00 00 00 
S02:48:32   68 04 43 00 00 00 
R02:48:32   68 04 83 00 00 00 
S02:48:48   68 04 43 00 00 00 
R02:48:48   68 04 83 00 00 00 
S02:49:04   68 04 43 00 00 00 
R02:49:04   68 04 83 00 00 00 
S02:49:20   68 04 43 00 00 00 
R02:49:20   68 04 83 00 00 00 
S02:49:36   68 04 43 00 00 00 
R02:49:36   68 04 83 00 00 00 
S02:49:52   68 04 43 00 00 00 
R02:49:52   68 04 83 00 00 00 
S02:50:08   68 04 43 00 00 00 
R02:50:08   68 04 83 00 00 00 
S02:50:24   68 04 43 00 00 00 
R02:50:24   68 04 83 00 00 00 
S02:50:40   68 04 43 00 00 00 
R02:50:40   68 04 83 00 00 00 
S02:50:56   68 04 43 00 00 00 
R02:50:56   68 04 83 00 00 00 
S02:51:12   68 04 43 00 00 00 
R02:51:12   68 04 83 00 00 00 
S02:51:28   68 04 43 00 00 00 
R02:51:28   68 04 83 00 00 00 
S02:51:44   68 04 43 00 00 00 
R02:51:44   68 04 83 00 00 00 
S02:52:00   68 04 43 00 00 00 
R02:52:00   68 04 83 00 00 00 
S02:52:16   68 04 43 00 00 00 
R02:52:16   68 04 83 00 00 00 
S02:52:32   68 04 43 00 00 00 
R02:52:32   68 04 83 00 00 00 
R02:52:39   68 12 CA 60 B2 06 0D 01 03 00 3F 06 0E 40 00 C9 76 EE 40 00 
S02:52:39   68 04 01 00 CC 60 
R02:52:40   68 1A CC 60 B2 06 0D 02 03 00 3F 06 0F 40 00 46 B6 E3 40 00 13 40 00 D9 CE 77 3F 00 
R02:52:40   68 12 CE 60 B2 06 0D 01 03 00 3F 06 0D 40 00 66 66 E6 40 00 
S02:52:50   68 04 01 00 D0 60 
S02:53:06   68 04 43 00 00 00 
R02:53:06   68 04 83 00 00 00 
S02:53:22   68 04 43 00 00 00 
R02:53:22   68 04 83 00 00 00 
S02:53:38   68 04 43 00 00 00 
R02:53:38   68 04 83 00 00 00 
S02:53:54   68 04 43 00 00 00 
R02:53:54   68 04 83 00 00 00 
S02:54:10   68 04 43 00 00 00 
R02:54:11   68 04 83 00 00 00 
S02:54:27   68 04 43 00 00 00 
R02:54:27   68 04 83 00 00 00 
S02:54:43   68 04 43 00 00 00 
R02:54:44   68 04 83 00 00 00 
S02:55:00   68 04 43 00 00 00 
R02:55:00   68 04 83 00 00 00 
S02:55:16   68 04 43 00 00 00 
R02:55:17   68 04 83 00 00 00 
S02:55:33   68 04 43 00 00 00 
R02:55:34   68 04 83 00 00 00 
S02:55:50   68 04 43 00 00 00 
R02:55:51   68 04 83 00 00 00 
S02:55:59   68 0E B2 06 D0 60 64 01 06 00 3F 06 00 00 00 14 
R02:56:00   68 0E D0 60 B4 06 64 01 07 00 3F 06 00 00 00 14 
R02:56:00   68 E6 D2 60 B4 06 01 37 14 00 3F 06 01 00 00 00 02 00 00 00 03 00 00 00 04 00 00 00 05 00 00 00 
R02:56:00   06 00 00 00 07 00 00 01 08 00 00 00 09 00 00 00 0A 00 00 00 0B 00 00 00 0C 00 00 00 0D 00 00 00 
R02:56:00   0E 00 00 00 0F 00 00 00 10 00 00 00 11 00 00 00 12 00 00 00 13 00 00 00 14 00 00 00 15 00 00 00 
R02:56:00   16 00 00 00 17 00 00 00 18 00 00 00 19 00 00 00 1A 00 00 01 1B 00 00 01 1C 00 00 00 1D 00 00 01 
R02:56:00   1E 00 00 01 1F 00 00 01 20 00 00 00 21 00 00 00 22 00 00 00 23 00 00 00 24 00 00 00 25 00 00 00 
R02:56:00   26 00 00 00 27 00 00 00 28 00 00 00 29 00 00 01 2A 00 00 00 2B 00 00 00 2C 00 00 00 2D 00 00 00 
R02:56:00   2E 00 00 00 2F 00 00 00 30 00 00 00 31 00 00 00 32 00 00 00 33 00 00 00 34 00 00 00 35 00 00 00 
R02:56:00   36 00 00 00 37 00 00 00 
S02:56:00   68 04 01 00 D4 60 
R02:56:01   68 D2 D4 60 B4 06 01 32 14 00 3F 06 38 00 00 00 39 00 00 00 3A 00 00 00 3B 00 00 01 3C 00 00 00 
R02:56:01   3D 00 00 00 3E 00 00 01 3F 00 00 01 40 00 00 00 41 00 00 00 42 00 00 01 43 00 00 00 44 00 00 00 
R02:56:01   45 00 00 00 46 00 00 00 47 00 00 00 48 00 00 00 49 00 00 00 4A 00 00 01 4B 00 00 00 4C 00 00 00 
R02:56:01   4D 00 00 00 4E 00 00 00 4F 00 00 00 50 00 00 00 51 00 00 00 52 00 00 00 53 00 00 00 54 00 00 00 
R02:56:01   55 00 00 00 56 00 00 00 57 00 00 00 58 00 00 00 59 00 00 00 5A 00 00 00 5B 00 00 00 5C 00 00 01 
R02:56:01   5D 00 00 00 5E 00 00 00 5F 00 00 01 60 00 00 01 61 00 00 00 62 00 00 00 63 00 00 01 64 00 00 00 
R02:56:01   65 00 00 00 66 00 00 00 67 00 00 00 68 00 00 00 69 00 00 00 
R02:56:01   68 E6 D6 60 B4 06 01 37 14 00 3F 06 69 00 00 00 6A 00 00 01 6B 00 00 00 6C 00 00 00 6D 00 00 00 
R02:56:01   6E 00 00 00 6F 00 00 00 70 00 00 00 71 00 00 00 72 00 00 00 73 00 00 00 74 00 00 00 75 00 00 00 
R02:56:01   76 00 00 00 77 00 00 00 78 00 00 00 79 00 00 00 7A 00 00 00 7B 00 00 00 7C 00 00 00 7D 00 00 01 
R02:56:01   7E 00 00 01 7F 00 00 00 80 00 00 01 81 00 00 01 82 00 00 01 83 00 00 00 84 00 00 00 85 00 00 00 
R02:56:01   86 00 00 00 87 00 00 00 88 00 00 00 89 00 00 00 8A 00 00 00 8B 00 00 01 8C 00 00 00 8D 00 00 00 
R02:56:01   8E 00 00 00 8F 00 00 00 90 00 00 00 91 00 00 00 92 00 00 00 93 00 00 00 94 00 00 00 95 00 00 00 
R02:56:01   96 00 00 00 97 00 00 00 98 00 00 00 99 00 00 00 9A 00 00 00 9B 00 00 00 9C 00 00 00 9D 00 00 00 
R02:56:01   9E 00 00 01 9F 00 00 00 
R02:56:01   68 A6 D8 60 B4 06 01 27 14 00 3F 06 A0 00 00 00 A1 00 00 01 A2 00 00 01 A3 00 00 01 A4 00 00 00 
R02:56:01   A5 00 00 00 A6 00 00 00 A7 00 00 00 A8 00 00 00 A9 00 00 00 AA 00 00 00 AB 00 00 00 AC 00 00 01 
R02:56:01   AD 00 00 00 AE 00 00 00 AF 00 00 00 B0 00 00 00 B1 00 00 00 B2 00 00 00 B3 00 00 00 B4 00 00 00 
R02:56:01   B5 00 00 00 B6 00 00 00 B7 00 00 00 B8 00 00 00 B9 00 00 00 BA 00 00 00 BB 00 00 00 BC 00 00 00 
R02:56:01   BD 00 00 00 BE 00 00 00 BF 00 00 01 C0 00 00 00 C1 00 00 00 C2 00 00 01 C3 00 00 01 C4 00 00 01 
R02:56:01   C5 00 00 00 C6 00 00 00 
S02:56:01   68 04 01 00 DA 60 
R02:56:02   68 EA DA 60 B4 06 0D 1C 14 00 3F 06 01 40 00 00 00 66 43 00 02 40 00 B8 1E 56 42 00 03 40 00 76 
R02:56:02   BE 27 41 00 04 40 00 00 00 00 00 00 05 40 00 D3 4D 28 41 00 06 40 00 00 00 00 00 00 07 40 00 23 
R02:56:02   DB 47 42 00 08 40 00 00 00 00 00 00 09 40 00 00 00 00 00 00 0A 40 00 00 00 00 00 00 0B 40 00 00 
R02:56:02   00 00 00 00 0C 40 00 00 00 00 00 00 0D 40 00 12 83 D0 40 00 0E 40 00 B6 F3 DD 40 00 0F 40 00 12 
R02:56:02   83 D0 40 00 10 40 00 00 00 00 00 00 11 40 00 0A D7 ED 42 00 12 40 00 5C 8F CA C1 00 13 40 00 AC 
R02:56:02   1C 7A 3F 00 14 40 00 00 00 00 00 00 15 40 00 00 00 00 00 00 16 40 00 00 00 00 00 00 17 40 00 00 
R02:56:02   00 00 00 00 18 40 00 00 00 00 00 00 19 40 00 00 00 00 00 00 1A 40 00 00 00 00 00 00 1B 40 00 00 
R02:56:02   00 00 00 00 1C 40 00 00 00 00 00 00 
R02:56:02   68 6A DC 60 B4 06 0D 0C 14 00 3F 06 1D 40 00 00 00 00 00 00 1E 40 00 00 00 00 00 00 1F 40 00 00 
R02:56:02   00 00 00 00 20 40 00 00 00 00 00 00 21 40 00 00 00 00 00 00 22 40 00 00 00 00 00 00 23 40 00 00 
R02:56:02   00 00 00 00 24 40 00 00 00 00 00 00 25 40 00 00 00 00 00 00 26 40 00 00 00 00 00 00 27 40 00 00 
R02:56:02   00 00 00 00 28 40 00 00 00 00 00 00 
R02:56:02   68 EA DE 60 B4 06 0D 1C 14 00 3F 06 29 40 00 00 00 00 00 00 2A 40 00 00 00 00 00 00 2B 40 00 00 
R02:56:02   00 00 00 00 2C 40 00 00 00 00 00 00 2D 40 00 00 00 00 00 00 2E 40 00 00 00 00 00 00 2F 40 00 00 
R02:56:02   00 00 00 00 30 40 00 00 00 00 00 00 31 40 00 00 00 00 00 00 32 40 00 00 00 00 00 00 33 40 00 00 
R02:56:02   00 00 00 00 34 40 00 00 00 00 00 00 35 40 00 00 00 00 00 00 36 40 00 00 00 00 00 00 37 40 00 00 
R02:56:02   00 00 00 00 38 40 00 00 00 00 00 00 39 40 00 96 43 DB 41 00 3A 40 00 CB A1 CD 41 00 3B 40 00 93 
R02:56:02   18 D8 41 00 3C 40 00 00 00 00 00 00 3D 40 00 34 33 F1 43 00 3E 40 00 CC CC 5C C1 00 3F 40 00 77 
R02:56:02   BE 7F 3F 00 40 40 00 00 00 00 00 00 41 40 00 00 00 00 00 00 42 40 00 00 00 00 00 00 43 40 00 00 
R02:56:02   00 00 00 00 44 40 00 50 8D 0D 42 00 
S02:56:02   68 04 01 00 E0 60 
R02:56:03   68 3A E0 60 B4 06 0D 06 14 00 3F 06 45 40 00 06 81 07 42 00 46 40 00 44 8B 0C 42 00 47 40 00 00 
R02:56:03   00 00 00 00 48 40 00 15 AE 1D C4 00 49 40 00 0A D7 13 42 00 4A 40 00 EE 7C 7F BF 00 
R02:56:03   68 0E E2 60 B4 06 64 01 0A 00 3F 06 00 00 00 14 
S02:56:03   68 0E B4 06 E4 60 65 01 06 00 3F 06 00 00 00 05 
R02:56:04   68 0E E4 60 B6 06 65 01 07 00 3F 06 00 00 00 05 
R02:56:04   68 4A E6 60 B6 06 CE 08 25 00 3F 06 01 64 00 63 01 1C 49 00 02 64 00 66 66 03 44 00 03 64 00 67 
R02:56:04   66 FE 43 00 04 64 00 18 97 F4 47 00 05 64 00 00 00 AE 42 00 06 64 00 99 B9 F4 47 00 07 64 00 66 
R02:56:04   66 86 41 00 08 64 00 00 00 8A 42 00 
R02:56:05   68 82 E8 60 B6 06 CF 08 25 00 3F 06 09 64 00 44 00 1C 49 00 00 00 2D 02 AC 06 1A 0A 64 00 66 66 
R02:56:05   03 44 00 00 00 2D 02 AC 06 1A 0B 64 00 67 66 FE 43 00 00 00 2D 02 AC 06 1A 0C 64 00 00 95 F4 47 
R02:56:05   00 00 00 2D 02 AC 06 1A 0D 64 00 00 00 AE 42 00 00 00 2D 02 AC 06 1A 0E 64 00 80 B7 F4 47 00 00 
R02:56:05   00 2D 02 AC 06 1A 0F 64 00 66 66 86 41 00 00 00 2D 02 AC 06 1A 10 64 00 00 00 8A 42 00 00 00 2D 
R02:56:05   02 AC 06 1A 
R02:56:05   68 82 EA 60 B6 06 CF 08 25 00 3F 06 11 64 00 39 D0 1B 49 00 00 00 00 00 AC 06 1A 12 64 00 66 66 
R02:56:05   03 44 00 00 00 00 00 AC 06 1A 13 64 00 67 66 FE 43 00 00 00 00 00 AC 06 1A 14 64 00 66 55 F4 47 
R02:56:05   00 00 00 00 00 AC 06 1A 15 64 00 00 00 AE 42 00 00 00 00 00 AC 06 1A 16 64 00 E7 77 F4 47 00 00 
R02:56:05   00 00 00 AC 06 1A 17 64 00 66 66 86 41 00 00 00 00 00 AC 06 1A 18 64 00 00 00 8A 42 00 00 00 00 
R02:56:05   00 AC 06 1A 
S02:56:05   68 04 01 00 EC 60 
R02:56:06   68 82 EC 60 B6 06 CF 08 25 00 3F 06 19 64 00 00 00 00 00 00 00 00 00 00 AC 06 1A 1A 64 00 00 00 
R02:56:06   00 00 00 00 00 00 00 AC 06 1A 1B 64 00 00 00 00 00 00 00 00 00 00 AC 06 1A 1C 64 00 00 00 00 00 
R02:56:06   00 00 00 00 00 AC 06 1A 1D 64 00 00 00 00 00 00 00 00 00 00 AC 06 1A 1E 64 00 00 00 00 00 00 00 
R02:56:06   00 00 00 AC 06 1A 1F 64 00 00 00 00 00 00 00 00 00 00 AC 06 1A 20 64 00 00 00 00 00 00 00 00 00 
R02:56:06   00 AC 06 1A 
R02:56:06   68 4A EE 60 B6 06 CE 08 25 00 3F 06 21 64 00 CC CC 41 43 00 22 64 00 34 33 0B 43 00 23 64 00 66 
R02:56:06   66 AA 42 00 24 64 00 CD CC EE 42 00 25 64 00 CD CC C4 42 00 26 64 00 CC CC 29 43 00 27 64 00 FF 
R02:56:06   FF 57 42 00 28 64 00 99 99 49 42 00 
R02:56:07   68 82 F0 60 B6 06 CF 08 25 00 3F 06 29 64 00 CC CC 41 43 00 00 00 2D 02 AC 06 1A 2A 64 00 34 33 
R02:56:07   0B 43 00 00 00 2D 02 AC 06 1A 2B 64 00 66 66 AA 42 00 00 00 2D 02 AC 06 1A 2C 64 00 CD CC EE 42 
R02:56:07   00 00 00 2D 02 AC 06 1A 2D 64 00 CD CC C4 42 00 00 00 2D 02 AC 06 1A 2E 64 00 CC CC 29 43 00 00 
R02:56:07   00 2D 02 AC 06 1A 2F 64 00 FF FF 57 42 00 00 00 2D 02 AC 06 1A 30 64 00 99 99 49 42 00 00 00 2D 
R02:56:07   02 AC 06 1A 
R02:56:07   68 82 F2 60 B6 06 CF 08 25 00 3F 06 31 64 00 CC CC 41 43 00 00 00 00 00 AC 06 1A 32 64 00 34 33 
R02:56:07   0B 43 00 00 00 00 00 AC 06 1A 33 64 00 66 66 AA 42 00 00 00 00 00 AC 06 1A 34 64 00 CD CC EE 42 
R02:56:07   00 00 00 00 00 AC 06 1A 35 64 00 CD CC C4 42 00 00 00 00 00 AC 06 1A 36 64 00 CC CC 29 43 00 00 
R02:56:07   00 00 00 AC 06 1A 37 64 00 FF FF 57 42 00 00 00 00 00 AC 06 1A 38 64 00 99 99 49 42 00 00 00 00 
R02:56:07   00 AC 06 1A 
S02:56:08   68 04 01 00 F4 60 
R02:56:08   68 82 F4 60 B6 06 CF 08 25 00 3F 06 39 64 00 00 00 00 00 00 00 00 00 00 AC 06 1A 3A 64 00 00 00 
R02:56:08   00 00 00 00 00 00 00 AC 06 1A 3B 64 00 00 00 00 00 00 00 00 00 00 AC 06 1A 3C 64 00 00 00 00 00 
R02:56:08   00 00 00 00 00 AC 06 1A 3D 64 00 00 00 00 00 00 00 00 00 00 AC 06 1A 3E 64 00 00 00 00 00 00 00 
R02:56:08   00 00 00 AC 06 1A 3F 64 00 00 00 00 00 00 00 00 00 00 AC 06 1A 40 64 00 00 00 00 00 00 00 00 00 
R02:56:08   00 AC 06 1A 
R02:56:08   68 4A F6 60 B6 06 CE 08 25 00 3F 06 41 64 00 CC CC 5F 43 00 42 64 00 33 33 47 43 00 43 64 00 9A 
R02:56:08   99 22 43 00 44 64 00 CC CC 74 42 00 45 64 00 00 00 A8 42 00 46 64 00 00 00 F6 42 00 47 64 00 66 
R02:56:08   66 12 42 00 48 64 00 34 33 77 42 00 
R02:56:09   68 82 F8 60 B6 06 CF 08 25 00 3F 06 49 64 00 CC CC 5F 43 00 00 00 2D 02 AC 06 1A 4A 64 00 33 33 
R02:56:09   47 43 00 00 00 2D 02 AC 06 1A 4B 64 00 9A 99 22 43 00 00 00 2D 02 AC 06 1A 4C 64 00 CC CC 74 42 
R02:56:09   00 00 00 2D 02 AC 06 1A 4D 64 00 00 00 A8 42 00 00 00 2D 02 AC 06 1A 4E 64 00 00 00 F6 42 00 00 
R02:56:09   00 2D 02 AC 06 1A 4F 64 00 66 66 12 42 00 00 00 2D 02 AC 06 1A 50 64 00 34 33 77 42 00 00 00 2D 
R02:56:09   02 AC 06 1A 
R02:56:09   68 82 FA 60 B6 06 CF 08 25 00 3F 06 51 64 00 CC CC 5F 43 00 00 00 00 00 AC 06 1A 52 64 00 33 33 
R02:56:09   47 43 00 00 00 00 00 AC 06 1A 53 64 00 9A 99 22 43 00 00 00 00 00 AC 06 1A 54 64 00 CC CC 74 42 
R02:56:09   00 00 00 00 00 AC 06 1A 55 64 00 00 00 A8 42 00 00 00 00 00 AC 06 1A 56 64 00 00 00 F6 42 00 00 
R02:56:09   00 00 00 AC 06 1A 57 64 00 66 66 12 42 00 00 00 00 00 AC 06 1A 58 64 00 34 33 77 42 00 00 00 00 
R02:56:09   00 AC 06 1A 
S02:56:09   68 04 01 00 FC 60 
R02:56:10   68 82 FC 60 B6 06 CF 08 25 00 3F 06 59 64 00 00 00 00 00 00 00 00 00 00 AC 06 1A 5A 64 00 00 00 
R02:56:10   00 00 00 00 00 00 00 AC 06 1A 5B 64 00 00 00 00 00 00 00 00 00 00 AC 06 1A 5C 64 00 00 00 00 00 
R02:56:10   00 00 00 00 00 AC 06 1A 5D 64 00 00 00 00 00 00 00 00 00 00 AC 06 1A 5E 64 00 00 00 00 00 00 00 
R02:56:10   00 00 00 AC 06 1A 5F 64 00 00 00 00 00 00 00 00 00 00 AC 06 1A 60 64 00 00 00 00 00 00 00 00 00 
R02:56:10   00 AC 06 1A 
R02:56:10   68 4A FE 60 B6 06 CE 08 25 00 3F 06 61 64 00 8D B2 0B 48 00 62 64 00 66 66 18 43 00 63 64 00 99 
R02:56:10   99 C9 42 00 64 64 00 CC C8 6F 46 00 65 64 00 34 33 8B 42 00 66 64 00 00 90 70 46 00 67 64 00 67 
R02:56:10   66 4E 42 00 68 64 00 33 33 47 42 00 
R02:56:11   68 82 00 61 B6 06 CF 08 25 00 3F 06 69 64 00 80 B1 0B 48 00 00 00 2D 02 AC 06 1A 6A 64 00 66 66 
R02:56:11   18 43 00 00 00 2D 02 AC 06 1A 6B 64 00 99 99 C9 42 00 00 00 2D 02 AC 06 1A 6C 64 00 67 C6 6F 46 
R02:56:11   00 00 00 2D 02 AC 06 1A 6D 64 00 34 33 8B 42 00 00 00 2D 02 AC 06 1A 6E 64 00 99 8D 70 46 00 00 
R02:56:11   00 2D 02 AC 06 1A 6F 64 00 67 66 4E 42 00 00 00 2D 02 AC 06 1A 70 64 00 33 33 47 42 00 00 00 2D 
R02:56:11   02 AC 06 1A 
S02:56:11   68 04 01 00 02 61 
R02:56:11   68 82 02 61 B6 06 CF 08 25 00 3F 06 71 64 00 8C 9A 0B 48 00 00 00 00 00 AC 06 1A 72 64 00 66 66 
R02:56:11   18 43 00 00 00 00 00 AC 06 1A 73 64 00 99 99 C9 42 00 00 00 00 00 AC 06 1A 74 64 00 00 A0 6F 46 
R02:56:11   00 00 00 00 00 AC 06 1A 75 64 00 34 33 8B 42 00 00 00 00 00 AC 06 1A 76 64 00 34 67 70 46 00 00 
R02:56:11   00 00 00 AC 06 1A 77 64 00 67 66 4E 42 00 00 00 00 00 AC 06 1A 78 64 00 33 33 47 42 00 00 00 00 
R02:56:11   00 AC 06 1A 
R02:56:12   68 82 04 61 B6 06 CF 08 25 00 3F 06 79 64 00 FF 44 DE 47 00 3A AE 25 0D F1 05 1A 7A 64 00 66 66 
R02:56:12   18 43 00 3A AE 25 0D F1 05 1A 7B 64 00 99 99 C9 42 00 3A AE 25 0D F1 05 1A 7C 64 00 67 46 50 46 
R02:56:12   00 3A AE 25 0D F1 05 1A 7D 64 00 34 33 8B 42 00 3A AE 25 0D F1 05 1A 7E 64 00 33 0B 51 46 00 3A 
R02:56:12   AE 25 0D F1 05 1A 7F 64 00 67 66 4E 42 00 3A AE 25 0D F1 05 1A 80 64 00 CD CC 44 42 00 3A AE 25 
R02:56:12   0D F1 05 1A 
R02:56:12   68 4A 06 61 B6 06 CE 08 25 00 3F 06 81 64 00 4E 89 48 4A 00 82 64 00 CC 6C 38 46 00 83 64 00 9A 
R02:56:12   31 2A 46 00 84 64 00 E7 54 F0 47 00 85 64 00 CC 4C 8A 43 00 86 64 00 33 88 F0 47 00 87 64 00 34 
R02:56:12   B3 63 44 00 88 64 00 34 33 CD 42 00 
R02:56:12   68 82 08 61 B6 06 CF 08 25 00 3F 06 89 64 00 F4 87 48 4A 00 00 00 2D 02 AC 06 1A 8A 64 00 CC 6C 
R02:56:12   38 46 00 00 00 2D 02 AC 06 1A 8B 64 00 9A 31 2A 46 00 00 00 2D 02 AC 06 1A 8C 64 00 00 54 F0 47 
R02:56:12   00 00 00 2D 02 AC 06 1A 8D 64 00 CC 4C 8A 43 00 00 00 2D 02 AC 06 1A 8E 64 00 4C 87 F0 47 00 00 
R02:56:12   00 2D 02 AC 06 1A 8F 64 00 34 B3 63 44 00 00 00 2D 02 AC 06 1A 90 64 00 34 33 CD 42 00 00 00 2D 
R02:56:12   02 AC 06 1A 
S02:56:12   68 04 01 00 0A 61 
R02:56:13   68 82 0A 61 B6 06 CF 08 25 00 3F 06 91 64 00 AE 6C 48 4A 00 00 00 00 00 AC 06 1A 92 64 00 CC 6C 
R02:56:13   38 46 00 00 00 00 00 AC 06 1A 93 64 00 9A 31 2A 46 00 00 00 00 00 AC 06 1A 94 64 00 B3 3E F0 47 
R02:56:13   00 00 00 00 00 AC 06 1A 95 64 00 CC 4C 8A 43 00 00 00 00 00 AC 06 1A 96 64 00 00 72 F0 47 00 00 
R02:56:13   00 00 00 AC 06 1A 97 64 00 34 B3 63 44 00 00 00 00 00 AC 06 1A 98 64 00 34 33 CD 42 00 00 00 00 
R02:56:13   00 AC 06 1A 
R02:56:13   68 82 0C 61 B6 06 CF 08 25 00 3F 06 99 64 00 2B C0 DB 49 00 BB 6F 25 0B 6F 04 1A 9A 64 00 00 00 
R02:56:13   99 44 00 BB 6F 25 0B 6F 04 1A 9B 64 00 9A 99 9C 43 00 BB 6F 25 0B 6F 04 1A 9C 64 00 CC 8A AC 47 
R02:56:13   00 BB 6F 25 0B 6F 04 1A 9D 64 00 66 66 89 43 00 BB 6F 25 0B 6F 04 1A 9E 64 00 19 BE AC 47 00 BB 
R02:56:13   6F 25 0B 6F 04 1A 9F 64 00 34 B3 63 44 00 BB 6F 25 0B 6F 04 1A A0 64 00 34 33 CD 42 00 BB 6F 25 
R02:56:13   0B 6F 04 1A 
R02:56:14   68 4A 0E 61 B6 06 CE 08 25 00 3F 06 A1 64 00 33 73 4C 44 00 A2 64 00 01 B5 69 48 00 A3 64 00 98 
R02:56:14   99 CF 42 00 A4 64 00 66 26 AE 44 00 A5 64 00 6E 62 79 4A 00 A6 64 00 34 5B F9 45 00 A7 64 00 0C 
R02:56:14   9B 69 48 00 A8 64 00 9A D1 CD 45 00 
S02:56:14   68 04 01 00 10 61 
R02:56:14   68 82 10 61 B6 06 CF 08 25 00 3F 06 A9 64 00 33 73 4C 44 00 00 00 2D 02 AC 06 1A AA 64 00 A7 B3 
R02:56:14   69 48 00 00 00 2D 02 AC 06 1A AB 64 00 98 99 CF 42 00 00 00 2D 02 AC 06 1A AC 64 00 66 26 AE 44 
R02:56:14   00 00 00 2D 02 AC 06 1A AD 64 00 B9 60 79 4A 00 00 00 2D 02 AC 06 1A AE 64 00 34 5B F9 45 00 00 
R02:56:14   00 2D 02 AC 06 1A AF 64 00 B4 99 69 48 00 00 00 2D 02 AC 06 1A B0 64 00 9A D1 CD 45 00 00 00 2D 
R02:56:14   02 AC 06 1A 
R02:56:15   68 82 12 61 B6 06 CF 08 25 00 3F 06 B1 64 00 33 73 4C 44 00 00 00 00 00 AC 06 1A B2 64 00 27 8B 
R02:56:15   69 48 00 00 00 00 00 AC 06 1A B3 64 00 98 99 CF 42 00 00 00 00 00 AC 06 1A B4 64 00 66 26 AE 44 
R02:56:15   00 00 00 00 00 AC 06 1A B5 64 00 CB 37 79 4A 00 00 00 00 00 AC 06 1A B6 64 00 34 5B F9 45 00 00 
R02:56:15   00 00 00 AC 06 1A B7 64 00 34 71 69 48 00 00 00 00 00 AC 06 1A B8 64 00 9A D1 CD 45 00 00 00 00 
R02:56:15   00 AC 06 1A 
R02:56:15   68 82 14 61 B6 06 CF 08 25 00 3F 06 B9 64 00 33 73 4C 44 00 7A 6D 25 0B 6F 04 1A BA 64 00 00 A3 
R02:56:15   1E 48 00 7A 6D 25 0B 6F 04 1A BB 64 00 98 99 CF 42 00 7A 6D 25 0B 6F 04 1A BC 64 00 66 26 AE 44 
R02:56:15   00 7A 6D 25 0B 6F 04 1A BD 64 00 7A F6 0A 4A 00 7A 6D 25 0B 6F 04 1A BE 64 00 CC 0C BB 44 00 7A 
R02:56:15   6D 25 0B 6F 04 1A BF 64 00 0D 89 1E 48 00 7A 6D 25 0B 6F 04 1A C0 64 00 67 66 CE 42 00 7A 6D 25 
R02:56:15   0B 6F 04 1A 
S02:56:15   68 04 01 00 16 61 
R02:56:16   68 0E 16 61 B6 06 65 01 0A 00 3F 06 00 00 00 05 
S02:56:16   68 14 B6 06 18 61 67 01 06 00 3F 06 00 00 00 34 3F 38 02 AC 06 1A 
R02:56:17   68 14 18 61 B8 06 67 01 07 00 3F 06 00 00 00 34 3F 38 02 AC 06 1A 
S02:56:26   68 04 01 00 1A 61 
S02:56:42   68 04 43 00 00 00 
R02:56:43   68 04 83 00 00 00 
S02:56:59   68 04 43 00 00 00 
R02:57:00   68 04 83 00 00 00 
S02:57:16   68 04 43 00 00 00 
R02:57:17   68 04 83 00 00 00 
S02:57:33   68 04 43 00 00 00 
R02:57:34   68 04 83 00 00 00 
S02:57:50   68 04 43 00 00 00 
R02:57:51   68 04 83 00 00 00 
S02:58:07   68 04 43 00 00 00 
R02:58:08   68 04 83 00 00 00 
S02:58:24   68 04 43 00 00 00 
R02:58:25   68 04 83 00 00 00 
S02:58:41   68 04 43 00 00 00 
R02:58:41   68 04 83 00 00 00 
S02:58:57   68 04 43 00 00 00 
R02:58:57   68 04 83 00 00 00 
S02:59:13   68 04 43 00 00 00 
R02:59:13   68 04 83 00 00 00 
S02:59:29   68 04 43 00 00 00 
R02:59:29   68 04 83 00 00 00 
S02:59:45   68 04 43 00 00 00 
R02:59:45   68 04 83 00 00 00 
S03:00:01   68 04 43 00 00 00 
R03:00:01   68 04 83 00 00 00 
S03:00:17   68 04 43 00 00 00 
R03:00:17   68 04 83 00 00 00 
S03:00:33   68 04 43 00 00 00 
R03:00:33   68 04 83 00 00 00 
S03:00:49   68 04 43 00 00 00 
R03:00:49   68 04 83 00 00 00 
S03:01:05   68 04 43 00 00 00 
R03:01:05   68 04 83 00 00 00 
S03:01:21   68 04 43 00 00 00 
R03:01:21   68 04 83 00 00 00 
S03:01:37   68 04 43 00 00 00 
R03:01:37   68 04 83 00 00 00 
S03:01:53   68 04 43 00 00 00 
R03:01:53   68 04 83 00 00 00 
S03:02:09   68 04 43 00 00 00 
R03:02:09   68 04 83 00 00 00 
S03:02:25   68 04 43 00 00 00 
R03:02:25   68 04 83 00 00 00 
S03:02:41   68 04 43 00 00 00 
R03:02:41   68 04 83 00 00 00 
S03:02:57   68 04 43 00 00 00 
R03:02:57   68 04 83 00 00 00 
S03:03:13   68 04 43 00 00 00 
R03:03:13   68 04 83 00 00 00 
S03:03:29   68 04 43 00 00 00 
R03:03:29   68 04 83 00 00 00 
S03:03:45   68 04 43 00 00 00 
R03:03:45   68 04 83 00 00 00 
S03:04:01   68 04 43 00 00 00 
R03:04:01   68 04 83 00 00 00 
S03:04:17   68 04 43 00 00 00 
R03:04:17   68 04 83 00 00 00 
S03:04:33   68 04 43 00 00 00 
R03:04:33   68 04 83 00 00 00 
S03:04:49   68 04 43 00 00 00 
R03:04:49   68 04 83 00 00 00 
S03:05:05   68 04 43 00 00 00 
R03:05:05   68 04 83 00 00 00 
S03:05:21   68 04 43 00 00 00 
R03:05:21   68 04 83 00 00 00 
S03:05:37   68 04 43 00 00 00 
R03:05:37   68 04 83 00 00 00 
S03:05:53   68 04 43 00 00 00 
R03:05:53   68 04 83 00 00 00 
S03:06:09   68 04 43 00 00 00 
R03:06:09   68 04 83 00 00 00 
S03:06:25   68 04 43 00 00 00 
R03:06:25   68 04 83 00 00 00 
S03:06:41   68 04 43 00 00 00 
R03:06:41   68 04 83 00 00 00 
S03:06:57   68 04 43 00 00 00 
R03:06:57   68 04 83 00 00 00 
S03:07:13   68 04 43 00 00 00 
R03:07:13   68 04 83 00 00 00 
S03:07:29   68 04 43 00 00 00 
R03:07:29   68 04 83 00 00 00 
S03:07:45   68 04 43 00 00 00 
R03:07:45   68 04 83 00 00 00 
S03:08:01   68 04 43 00 00 00 
R03:08:01   68 04 83 00 00 00 
S03:08:17   68 04 43 00 00 00 
R03:08:17   68 04 83 00 00 00 
S03:08:33   68 04 43 00 00 00 
R03:08:33   68 04 83 00 00 00 
S03:08:49   68 04 43 00 00 00 
R03:08:49   68 04 83 00 00 00 
S03:09:05   68 04 43 00 00 00 
R03:09:05   68 04 83 00 00 00 
S03:09:21   68 04 43 00 00 00 
R03:09:21   68 04 83 00 00 00 
S03:09:37   68 04 43 00 00 00 
R03:09:37   68 04 83 00 00 00 
S03:09:53   68 04 43 00 00 00 
R03:09:53   68 04 83 00 00 00 
S03:10:09   68 04 43 00 00 00 
R03:10:10   68 04 83 00 00 00 
S03:10:26   68 04 43 00 00 00 
R03:10:26   68 04 83 00 00 00 
S03:10:42   68 04 43 00 00 00 
R03:10:42   68 04 83 00 00 00 
S03:10:58   68 04 43 00 00 00 
S03:10:59   68 0E B8 06 1A 61 64 01 06 00 3F 06 00 00 00 14 
R03:10:59   68 04 83 00 00 00 
R03:11:00   68 0E 1A 61 BA 06 64 01 07 00 3F 06 00 00 00 14 
R03:11:00   68 E6 1C 61 BA 06 01 37 14 00 3F 06 01 00 00 00 02 00 00 00 03 00 00 00 04 00 00 00 05 00 00 00 
R03:11:00   06 00 00 00 07 00 00 01 08 00 00 00 09 00 00 00 0A 00 00 00 0B 00 00 00 0C 00 00 00 0D 00 00 00 
R03:11:00   0E 00 00 00 0F 00 00 00 10 00 00 00 11 00 00 00 12 00 00 00 13 00 00 00 14 00 00 00 15 00 00 00 
R03:11:00   16 00 00 00 17 00 00 00 18 00 00 00 19 00 00 00 1A 00 00 01 1B 00 00 01 1C 00 00 00 1D 00 00 01 
R03:11:00   1E 00 00 01 1F 00 00 01 20 00 00 00 21 00 00 00 22 00 00 00 23 00 00 00 24 00 00 00 25 00 00 00 
R03:11:00   26 00 00 00 27 00 00 00 28 00 00 00 29 00 00 01 2A 00 00 00 2B 00 00 00 2C 00 00 00 2D 00 00 00 
R03:11:00   2E 00 00 00 2F 00 00 00 30 00 00 00 31 00 00 00 32 00 00 00 33 00 00 00 34 00 00 00 35 00 00 00 
R03:11:00   36 00 00 00 37 00 00 00 
S03:11:00   68 04 01 00 1E 61 
R03:11:00   68 D2 1E 61 BA 06 01 32 14 00 3F 06 38 00 00 00 39 00 00 00 3A 00 00 00 3B 00 00 01 3C 00 00 00 
R03:11:00   3D 00 00 00 3E 00 00 01 3F 00 00 01 40 00 00 00 41 00 00 00 42 00 00 01 43 00 00 00 44 00 00 00 
R03:11:00   45 00 00 00 46 00 00 00 47 00 00 00 48 00 00 00 49 00 00 00 4A 00 00 01 4B 00 00 00 4C 00 00 00 
R03:11:00   4D 00 00 00 4E 00 00 00 4F 00 00 00 50 00 00 00 51 00 00 00 52 00 00 00 53 00 00 00 54 00 00 00 
R03:11:00   55 00 00 00 56 00 00 00 57 00 00 00 58 00 00 00 59 00 00 00 5A 00 00 00 5B 00 00 00 5C 00 00 01 
R03:11:00   5D 00 00 00 5E 00 00 00 5F 00 00 01 60 00 00 01 61 00 00 00 62 00 00 00 63 00 00 01 64 00 00 00 
R03:11:00   65 00 00 00 66 00 00 00 67 00 00 00 68 00 00 00 69 00 00 00 
R03:11:01   68 E6 20 61 BA 06 01 37 14 00 3F 06 69 00 00 00 6A 00 00 01 6B 00 00 00 6C 00 00 00 6D 00 00 00 
R03:11:01   6E 00 00 00 6F 00 00 00 70 00 00 00 71 00 00 00 72 00 00 00 73 00 00 00 74 00 00 00 75 00 00 00 
R03:11:01   76 00 00 00 77 00 00 00 78 00 00 00 79 00 00 00 7A 00 00 00 7B 00 00 00 7C 00 00 00 7D 00 00 01 
R03:11:01   7E 00 00 01 7F 00 00 00 80 00 00 01 81 00 00 01 82 00 00 01 83 00 00 00 84 00 00 00 85 00 00 00 
R03:11:01   86 00 00 00 87 00 00 00 88 00 00 00 89 00 00 00 8A 00 00 00 8B 00 00 01 8C 00 00 00 8D 00 00 00 
R03:11:01   8E 00 00 00 8F 00 00 00 90 00 00 00 91 00 00 00 92 00 00 00 93 00 00 00 94 00 00 00 95 00 00 00 
R03:11:01   96 00 00 00 97 00 00 00 98 00 00 00 99 00 00 00 9A 00 00 00 9B 00 00 00 9C 00 00 00 9D 00 00 00 
R03:11:01   9E 00 00 01 9F 00 00 00 
R03:11:02   68 A6 22 61 BA 06 01 27 14 00 3F 06 A0 00 00 00 A1 00 00 01 A2 00 00 01 A3 00 00 01 A4 00 00 00 
R03:11:02   A5 00 00 00 A6 00 00 00 A7 00 00 00 A8 00 00 00 A9 00 00 00 AA 00 00 00 AB 00 00 00 AC 00 00 01 
R03:11:02   AD 00 00 00 AE 00 00 00 AF 00 00 00 B0 00 00 00 B1 00 00 00 B2 00 00 00 B3 00 00 00 B4 00 00 00 
R03:11:02   B5 00 00 00 B6 00 00 00 B7 00 00 00 B8 00 00 00 B9 00 00 00 BA 00 00 00 BB 00 00 00 BC 00 00 00 
R03:11:02   BD 00 00 00 BE 00 00 00 BF 00 00 01 C0 00 00 00 C1 00 00 00 C2 00 00 01 C3 00 00 01 C4 00 00 01 
R03:11:02   C5 00 00 00 C6 00 00 00 
R03:11:02   68 EA 24 61 BA 06 0D 1C 14 00 3F 06 01 40 00 00 00 66 43 00 02 40 00 9A 99 55 42 00 03 40 00 54 
R03:11:02   E3 27 41 00 04 40 00 00 00 00 00 00 05 40 00 A2 45 28 41 00 06 40 00 00 00 00 00 00 07 40 00 F6 
R03:11:02   28 48 42 00 08 40 00 00 00 00 00 00 09 40 00 00 00 00 00 00 0A 40 00 00 00 00 00 00 0B 40 00 00 
R03:11:02   00 00 00 00 0C 40 00 00 00 00 00 00 0D 40 00 EF A7 0E 41 00 0E 40 00 41 60 15 41 00 0F 40 00 10 
R03:11:02   58 11 41 00 10 40 00 00 00 00 00 00 11 40 00 E1 7A 22 43 00 12 40 00 0A D7 07 C2 00 13 40 00 35 
R03:11:02   5E 7A 3F 00 14 40 00 00 00 00 00 00 15 40 00 00 00 00 00 00 16 40 00 00 00 00 00 00 17 40 00 00 
R03:11:02   00 00 00 00 18 40 00 00 00 00 00 00 19 40 00 00 00 00 00 00 1A 40 00 00 00 00 00 00 1B 40 00 00 
R03:11:02   00 00 00 00 1C 40 00 00 00 00 00 00 
S03:11:02   68 04 01 00 26 61 
R03:11:03   68 6A 26 61 BA 06 0D 0C 14 00 3F 06 1D 40 00 00 00 00 00 00 1E 40 00 00 00 00 00 00 1F 40 00 00 
R03:11:03   00 00 00 00 20 40 00 00 00 00 00 00 21 40 00 00 00 00 00 00 22 40 00 00 00 00 00 00 23 40 00 00 
R03:11:03   00 00 00 00 24 40 00 00 00 00 00 00 25 40 00 00 00 00 00 00 26 40 00 00 00 00 00 00 27 40 00 00 
R03:11:03   00 00 00 00 28 40 00 00 00 00 00 00 
R03:11:03   68 EA 28 61 BA 06 0D 1C 14 00 3F 06 29 40 00 00 00 00 00 00 2A 40 00 00 00 00 00 00 2B 40 00 00 
R03:11:03   00 00 00 00 2C 40 00 00 00 00 00 00 2D 40 00 00 00 00 00 00 2E 40 00 00 00 00 00 00 2F 40 00 00 
R03:11:03   00 00 00 00 30 40 00 00 00 00 00 00 31 40 00 00 00 00 00 00 32 40 00 00 00 00 00 00 33 40 00 00 
R03:11:03   00 00 00 00 34 40 00 00 00 00 00 00 35 40 00 00 00 00 00 00 36 40 00 00 00 00 00 00 37 40 00 00 
R03:11:03   00 00 00 00 38 40 00 00 00 00 00 00 39 40 00 1F 85 E3 41 00 3A 40 00 19 04 DA 41 00 3B 40 00 58 
R03:11:03   39 DC 41 00 3C 40 00 00 00 00 00 00 3D 40 00 E2 FA FA 43 00 3E 40 00 E1 7A B4 C0 00 3F 40 00 77 
R03:11:03   BE 7F 3F 00 40 40 00 00 00 00 00 00 41 40 00 00 00 00 00 00 42 40 00 00 00 00 00 00 43 40 00 00 
R03:11:03   00 00 00 00 44 40 00 5C 8F 1A 42 00 
R03:11:03   68 3A 2A 61 BA 06 0D 06 14 00 3F 06 45 40 00 16 D9 14 42 00 46 40 00 F2 D2 17 42 00 47 40 00 00 
R03:11:03   00 00 00 00 48 40 00 52 B8 2B C4 00 49 40 00 48 E1 12 42 00 4A 40 00 EE 7C 7F BF 00 
R03:11:03   68 0E 2C 61 BA 06 64 01 0A 00 3F 06 00 00 00 14 
S03:11:03   68 0E BA 06 2E 61 65 01 06 00 3F 06 00 00 00 05 
R03:11:04   68 0E 2E 61 BC 06 65 01 07 00 3F 06 00 00 00 05 
R03:11:04   68 4A 30 61 BC 06 CE 08 25 00 3F 06 01 64 00 74 03 1C 49 00 02 64 00 66 66 03 44 00 03 64 00 67 
R03:11:04   66 FE 43 00 04 64 00 67 9A F4 47 00 05 64 00 00 00 AE 42 00 06 64 00 E7 BC F4 47 00 07 64 00 66 
R03:11:04   66 86 41 00 08 64 00 00 00 8A 42 00 
R03:11:05   68 82 32 61 BC 06 CF 08 25 00 3F 06 09 64 00 E9 01 1C 49 00 00 00 00 03 AC 06 1A 0A 64 00 66 66 
R03:11:05   03 44 00 00 00 00 03 AC 06 1A 0B 64 00 67 66 FE 43 00 00 00 00 03 AC 06 1A 0C 64 00 B4 97 F4 47 
R03:11:05   00 00 00 00 03 AC 06 1A 0D 64 00 00 00 AE 42 00 00 00 00 03 AC 06 1A 0E 64 00 33 BA F4 47 00 00 
R03:11:05   00 00 03 AC 06 1A 0F 64 00 66 66 86 41 00 00 00 00 03 AC 06 1A 10 64 00 00 00 8A 42 00 00 00 00 
R03:11:05   03 AC 06 1A 
R03:11:05   68 82 34 61 BC 06 CF 08 25 00 3F 06 11 64 00 39 D0 1B 49 00 00 00 00 00 AC 06 1A 12 64 00 66 66 
R03:11:05   03 44 00 00 00 00 00 AC 06 1A 13 64 00 67 66 FE 43 00 00 00 00 00 AC 06 1A 14 64 00 66 55 F4 47 
R03:11:05   00 00 00 00 00 AC 06 1A 15 64 00 00 00 AE 42 00 00 00 00 00 AC 06 1A 16 64 00 E7 77 F4 47 00 00 
R03:11:05   00 00 00 AC 06 1A 17 64 00 66 66 86 41 00 00 00 00 00 AC 06 1A 18 64 00 00 00 8A 42 00 00 00 00 
R03:11:05   00 AC 06 1A 
S03:11:06   68 04 01 00 36 61 
R03:11:06   68 82 36 61 BC 06 CF 08 25 00 3F 06 19 64 00 00 00 00 00 00 00 00 00 00 AC 06 1A 1A 64 00 00 00 
R03:11:06   00 00 00 00 00 00 00 AC 06 1A 1B 64 00 00 00 00 00 00 00 00 00 00 AC 06 1A 1C 64 00 00 00 00 00 
R03:11:06   00 00 00 00 00 AC 06 1A 1D 64 00 00 00 00 00 00 00 00 00 00 AC 06 1A 1E 64 00 00 00 00 00 00 00 
R03:11:06   00 00 00 AC 06 1A 1F 64 00 00 00 00 00 00 00 00 00 00 AC 06 1A 20 64 00 00 00 00 00 00 00 00 00 
R03:11:06   00 AC 06 1A 
R03:11:08   68 4A 38 61 BC 06 CE 08 25 00 3F 06 21 64 00 CC CC 41 43 00 22 64 00 34 33 0B 43 00 23 64 00 66 
R03:11:08   66 AA 42 00 24 64 00 CD CC EE 42 00 25 64 00 CD CC C4 42 00 26 64 00 CC CC 29 43 00 27 64 00 FF 
R03:11:08   FF 57 42 00 28 64 00 99 99 49 42 00 
R03:11:08   68 82 3A 61 BC 06 CF 08 25 00 3F 06 29 64 00 CC CC 41 43 00 00 00 00 03 AC 06 1A 2A 64 00 34 33 
R03:11:08   0B 43 00 00 00 00 03 AC 06 1A 2B 64 00 66 66 AA 42 00 00 00 00 03 AC 06 1A 2C 64 00 CD CC EE 42 
R03:11:08   00 00 00 00 03 AC 06 1A 2D 64 00 CD CC C4 42 00 00 00 00 03 AC 06 1A 2E 64 00 CC CC 29 43 00 00 
R03:11:08   00 00 03 AC 06 1A 2F 64 00 FF FF 57 42 00 00 00 00 03 AC 06 1A 30 64 00 99 99 49 42 00 00 00 00 
R03:11:08   03 AC 06 1A 
R03:11:08   68 82 3C 61 BC 06 CF 08 25 00 3F 06 31 64 00 CC CC 41 43 00 00 00 00 00 AC 06 1A 32 64 00 34 33 
R03:11:08   0B 43 00 00 00 00 00 AC 06 1A 33 64 00 66 66 AA 42 00 00 00 00 00 AC 06 1A 34 64 00 CD CC EE 42 
R03:11:08   00 00 00 00 00 AC 06 1A 35 64 00 CD CC C4 42 00 00 00 00 00 AC 06 1A 36 64 00 CC CC 29 43 00 00 
R03:11:08   00 00 00 AC 06 1A 37 64 00 FF FF 57 42 00 00 00 00 00 AC 06 1A 38 64 00 99 99 49 42 00 00 00 00 
R03:11:08   00 AC 06 1A 
R03:11:08   68 82 3E 61 BC 06 CF 08 25 00 3F 06 39 64 00 00 00 00 00 00 00 00 00 00 AC 06 1A 3A 64 00 00 00 
R03:11:08   00 00 00 00 00 00 00 AC 06 1A 3B 64 00 00 00 00 00 00 00 00 00 00 AC 06 1A 3C 64 00 00 00 00 00 
R03:11:08   00 00 00 00 00 AC 06 1A 3D 64 00 00 00 00 00 00 00 00 00 00 AC 06 1A 3E 64 00 00 00 00 00 00 00 
R03:11:08   00 00 00 AC 06 1A 3F 64 00 00 00 00 00 00 00 00 00 00 AC 06 1A 40 64 00 00 00 00 00 00 00 00 00 
R03:11:08   00 AC 06 1A 
S03:11:08   68 04 01 00 40 61 
R03:11:08   68 4A 40 61 BC 06 CE 08 25 00 3F 06 41 64 00 CC CC 5F 43 00 42 64 00 33 33 47 43 00 43 64 00 9A 
R03:11:08   99 22 43 00 44 64 00 CC CC 74 42 00 45 64 00 00 00 A8 42 00 46 64 00 00 00 F6 42 00 47 64 00 66 
R03:11:08   66 12 42 00 48 64 00 34 33 77 42 00 
R03:11:08   68 82 42 61 BC 06 CF 08 25 00 3F 06 49 64 00 CC CC 5F 43 00 00 00 00 03 AC 06 1A 4A 64 00 33 33 
R03:11:08   47 43 00 00 00 00 03 AC 06 1A 4B 64 00 9A 99 22 43 00 00 00 00 03 AC 06 1A 4C 64 00 CC CC 74 42 
R03:11:08   00 00 00 00 03 AC 06 1A 4D 64 00 00 00 A8 42 00 00 00 00 03 AC 06 1A 4E 64 00 00 00 F6 42 00 00 
R03:11:08   00 00 03 AC 06 1A 4F 64 00 66 66 12 42 00 00 00 00 03 AC 06 1A 50 64 00 34 33 77 42 00 00 00 00 
R03:11:08   03 AC 06 1A 
R03:11:09   68 82 44 61 BC 06 CF 08 25 00 3F 06 51 64 00 CC CC 5F 43 00 00 00 00 00 AC 06 1A 52 64 00 33 33 
R03:11:09   47 43 00 00 00 00 00 AC 06 1A 53 64 00 9A 99 22 43 00 00 00 00 00 AC 06 1A 54 64 00 CC CC 74 42 
R03:11:09   00 00 00 00 00 AC 06 1A 55 64 00 00 00 A8 42 00 00 00 00 00 AC 06 1A 56 64 00 00 00 F6 42 00 00 
R03:11:09   00 00 00 AC 06 1A 57 64 00 66 66 12 42 00 00 00 00 00 AC 06 1A 58 64 00 34 33 77 42 00 00 00 00 
R03:11:09   00 AC 06 1A 
R03:11:10   68 82 46 61 BC 06 CF 08 25 00 3F 06 59 64 00 00 00 00 00 00 00 00 00 00 AC 06 1A 5A 64 00 00 00 
R03:11:10   00 00 00 00 00 00 00 AC 06 1A 5B 64 00 00 00 00 00 00 00 00 00 00 AC 06 1A 5C 64 00 00 00 00 00 
R03:11:10   00 00 00 00 00 AC 06 1A 5D 64 00 00 00 00 00 00 00 00 00 00 AC 06 1A 5E 64 00 00 00 00 00 00 00 
R03:11:10   00 00 00 AC 06 1A 5F 64 00 00 00 00 00 00 00 00 00 00 AC 06 1A 60 64 00 00 00 00 00 00 00 00 00 
R03:11:10   00 AC 06 1A 
S03:11:10   68 04 01 00 48 61 
R03:11:10   68 4A 48 61 BC 06 CE 08 25 00 3F 06 61 64 00 E6 B3 0B 48 00 62 64 00 66 66 18 43 00 63 64 00 99 
R03:11:10   99 C9 42 00 64 64 00 99 CD 6F 46 00 65 64 00 34 33 8B 42 00 66 64 00 CD 94 70 46 00 67 64 00 67 
R03:11:10   66 4E 42 00 68 64 00 33 33 47 42 00 
R03:11:11   68 82 4A 61 BC 06 CF 08 25 00 3F 06 69 64 00 00 B3 0B 48 00 00 00 00 03 AC 06 1A 6A 64 00 66 66 
R03:11:11   18 43 00 00 00 00 03 AC 06 1A 6B 64 00 99 99 C9 42 00 00 00 00 03 AC 06 1A 6C 64 00 34 CB 6F 46 
R03:11:11   00 00 00 00 03 AC 06 1A 6D 64 00 34 33 8B 42 00 00 00 00 03 AC 06 1A 6E 64 00 67 92 70 46 00 00 
R03:11:11   00 00 03 AC 06 1A 6F 64 00 67 66 4E 42 00 00 00 00 03 AC 06 1A 70 64 00 33 33 47 42 00 00 00 00 
R03:11:11   03 AC 06 1A 
R03:11:11   68 82 4C 61 BC 06 CF 08 25 00 3F 06 71 64 00 8C 9A 0B 48 00 00 00 00 00 AC 06 1A 72 64 00 66 66 
R03:11:11   18 43 00 00 00 00 00 AC 06 1A 73 64 00 99 99 C9 42 00 00 00 00 00 AC 06 1A 74 64 00 00 A0 6F 46 
R03:11:11   00 00 00 00 00 AC 06 1A 75 64 00 34 33 8B 42 00 00 00 00 00 AC 06 1A 76 64 00 34 67 70 46 00 00 
R03:11:11   00 00 00 AC 06 1A 77 64 00 67 66 4E 42 00 00 00 00 00 AC 06 1A 78 64 00 33 33 47 42 00 00 00 00 
R03:11:11   00 AC 06 1A 
S03:11:12   68 04 01 00 4E 61 
R03:11:12   68 82 4E 61 BC 06 CF 08 25 00 3F 06 79 64 00 FF 44 DE 47 00 3A AE 25 0D F1 05 1A 7A 64 00 66 66 
R03:11:12   18 43 00 3A AE 25 0D F1 05 1A 7B 64 00 99 99 C9 42 00 3A AE 25 0D F1 05 1A 7C 64 00 67 46 50 46 
R03:11:12   00 3A AE 25 0D F1 05 1A 7D 64 00 34 33 8B 42 00 3A AE 25 0D F1 05 1A 7E 64 00 33 0B 51 46 00 3A 
R03:11:12   AE 25 0D F1 05 1A 7F 64 00 67 66 4E 42 00 3A AE 25 0D F1 05 1A 80 64 00 CD CC 44 42 00 3A AE 25 
R03:11:12   0D F1 05 1A 
R03:11:13   68 4A 50 61 BC 06 CE 08 25 00 3F 06 81 64 00 48 8B 48 4A 00 82 64 00 CC 6C 38 46 00 83 64 00 9A 
R03:11:13   31 2A 46 00 84 64 00 19 56 F0 47 00 85 64 00 CC 4C 8A 43 00 86 64 00 67 89 F0 47 00 87 64 00 34 
R03:11:13   B3 63 44 00 88 64 00 34 33 CD 42 00 
R03:11:13   68 82 52 61 BC 06 CF 08 25 00 3F 06 89 64 00 DC 89 48 4A 00 00 00 00 03 AC 06 1A 8A 64 00 CC 6C 
R03:11:13   38 46 00 00 00 00 03 AC 06 1A 8B 64 00 9A 31 2A 46 00 00 00 00 03 AC 06 1A 8C 64 00 7F 55 F0 47 
R03:11:13   00 00 00 00 03 AC 06 1A 8D 64 00 CC 4C 8A 43 00 00 00 00 03 AC 06 1A 8E 64 00 CD 88 F0 47 00 00 
R03:11:13   00 00 03 AC 06 1A 8F 64 00 34 B3 63 44 00 00 00 00 03 AC 06 1A 90 64 00 34 33 CD 42 00 00 00 00 
R03:11:13   03 AC 06 1A 
S03:11:13   68 04 01 00 54 61 
R03:11:13   68 82 54 61 BC 06 CF 08 25 00 3F 06 91 64 00 AE 6C 48 4A 00 00 00 00 00 AC 06 1A 92 64 00 CC 6C 
R03:11:13   38 46 00 00 00 00 00 AC 06 1A 93 64 00 9A 31 2A 46 00 00 00 00 00 AC 06 1A 94 64 00 B3 3E F0 47 
R03:11:13   00 00 00 00 00 AC 06 1A 95 64 00 CC 4C 8A 43 00 00 00 00 00 AC 06 1A 96 64 00 00 72 F0 47 00 00 
R03:11:13   00 00 00 AC 06 1A 97 64 00 34 B3 63 44 00 00 00 00 00 AC 06 1A 98 64 00 34 33 CD 42 00 00 00 00 
R03:11:13   00 AC 06 1A 
R03:11:14   68 82 56 61 BC 06 CF 08 25 00 3F 06 99 64 00 2B C0 DB 49 00 BB 6F 25 0B 6F 04 1A 9A 64 00 00 00 
R03:11:14   99 44 00 BB 6F 25 0B 6F 04 1A 9B 64 00 9A 99 9C 43 00 BB 6F 25 0B 6F 04 1A 9C 64 00 CC 8A AC 47 
R03:11:14   00 BB 6F 25 0B 6F 04 1A 9D 64 00 66 66 89 43 00 BB 6F 25 0B 6F 04 1A 9E 64 00 19 BE AC 47 00 BB 
R03:11:14   6F 25 0B 6F 04 1A 9F 64 00 34 B3 63 44 00 BB 6F 25 0B 6F 04 1A A0 64 00 34 33 CD 42 00 BB 6F 25 
R03:11:14   0B 6F 04 1A 
R03:11:14   68 4A 58 61 BC 06 CE 08 25 00 3F 06 A1 64 00 33 73 4C 44 00 A2 64 00 66 B7 69 48 00 A3 64 00 98 
R03:11:14   99 CF 42 00 A4 64 00 66 26 AE 44 00 A5 64 00 07 65 79 4A 00 A6 64 00 34 5B F9 45 00 A7 64 00 73 
R03:11:14   9D 69 48 00 A8 64 00 9A D1 CD 45 00 
S03:11:14   68 04 01 00 5A 61 
R03:11:14   68 82 5A 61 BC 06 CF 08 25 00 3F 06 A9 64 00 33 73 4C 44 00 00 00 00 03 AC 06 1A AA 64 00 C1 B5 
R03:11:14   69 48 00 00 00 00 03 AC 06 1A AB 64 00 98 99 CF 42 00 00 00 00 03 AC 06 1A AC 64 00 66 26 AE 44 
R03:11:14   00 00 00 00 03 AC 06 1A AD 64 00 28 63 79 4A 00 00 00 00 03 AC 06 1A AE 64 00 34 5B F9 45 00 00 
R03:11:14   00 00 03 AC 06 1A AF 64 00 CC 9B 69 48 00 00 00 00 03 AC 06 1A B0 64 00 9A D1 CD 45 00 00 00 00 
R03:11:14   03 AC 06 1A 
R03:11:15   68 82 5C 61 BC 06 CF 08 25 00 3F 06 B1 64 00 33 73 4C 44 00 00 00 00 00 AC 06 1A B2 64 00 27 8B 
R03:11:15   69 48 00 00 00 00 00 AC 06 1A B3 64 00 98 99 CF 42 00 00 00 00 00 AC 06 1A B4 64 00 66 26 AE 44 
R03:11:15   00 00 00 00 00 AC 06 1A B5 64 00 CB 37 79 4A 00 00 00 00 00 AC 06 1A B6 64 00 34 5B F9 45 00 00 
R03:11:15   00 00 00 AC 06 1A B7 64 00 34 71 69 48 00 00 00 00 00 AC 06 1A B8 64 00 9A D1 CD 45 00 00 00 00 
R03:11:15   00 AC 06 1A 
R03:11:15   68 82 5E 61 BC 06 CF 08 25 00 3F 06 B9 64 00 33 73 4C 44 00 7A 6D 25 0B 6F 04 1A BA 64 00 00 A3 
R03:11:15   1E 48 00 7A 6D 25 0B 6F 04 1A BB 64 00 98 99 CF 42 00 7A 6D 25 0B 6F 04 1A BC 64 00 66 26 AE 44 
R03:11:15   00 7A 6D 25 0B 6F 04 1A BD 64 00 7A F6 0A 4A 00 7A 6D 25 0B 6F 04 1A BE 64 00 CC 0C BB 44 00 7A 
R03:11:15   6D 25 0B 6F 04 1A BF 64 00 0D 89 1E 48 00 7A 6D 25 0B 6F 04 1A C0 64 00 67 66 CE 42 00 7A 6D 25 
R03:11:15   0B 6F 04 1A 
R03:11:15   68 0E 60 61 BC 06 65 01 0A 00 3F 06 00 00 00 05 
S03:11:15   68 14 BC 06 62 61 67 01 06 00 3F 06 00 00 00 5B 3E 0B 03 AC 06 1A 
R03:11:16   68 14 62 61 BE 06 67 01 07 00 3F 06 00 00 00 5B 3E 0B 03 AC 06 1A 
S03:11:25   68 04 01 00 64 61 
S03:11:41   68 04 43 00 00 00 
R03:11:41   68 04 83 00 00 00 
S03:11:57   68 04 43 00 00 00 
R03:11:58   68 04 83 00 00 00 
S03:12:14   68 04 43 00 00 00 
R03:12:14   68 04 83 00 00 00 
S03:12:30   68 04 43 00 00 00 
R03:12:30   68 04 83 00 00 00 
S03:12:46   68 04 43 00 00 00 
R03:12:47   68 04 83 00 00 00 
S03:13:03   68 04 43 00 00 00 
R03:13:04   68 04 83 00 00 00 
S03:13:20   68 04 43 00 00 00 
R03:13:21   68 04 83 00 00 00 
S03:13:37   68 04 43 00 00 00 
R03:13:38   68 04 83 00 00 00 
S03:13:54   68 04 43 00 00 00 
R03:13:55   68 04 83 00 00 00 
S03:14:11   68 04 43 00 00 00 
R03:14:12   68 04 83 00 00 00 
S03:14:28   68 04 43 00 00 00 
R03:14:29   68 04 83 00 00 00 
S03:14:45   68 04 43 00 00 00 
R03:14:46   68 04 83 00 00 00 
S03:15:02   68 04 43 00 00 00 
R03:15:03   68 04 83 00 00 00 
S03:15:19   68 04 43 00 00 00 
R03:15:20   68 04 83 00 00 00 
S03:15:36   68 04 43 00 00 00 
R03:15:37   68 04 83 00 00 00 
S03:15:53   68 04 43 00 00 00 
R03:15:53   68 04 83 00 00 00 
S03:16:09   68 04 43 00 00 00 
R03:16:09   68 04 83 00 00 00 
S03:16:25   68 04 43 00 00 00 
R03:16:25   68 04 83 00 00 00 
S03:16:41   68 04 43 00 00 00 
R03:16:41   68 04 83 00 00 00 
S03:16:57   68 04 43 00 00 00 
R03:16:57   68 04 83 00 00 00 
S03:17:13   68 04 43 00 00 00 
R03:17:13   68 04 83 00 00 00 
S03:17:29   68 04 43 00 00 00 
R03:17:29   68 04 83 00 00 00 
S03:17:45   68 04 43 00 00 00 
R03:17:45   68 04 83 00 00 00 
S03:18:01   68 04 43 00 00 00 
R03:18:01   68 04 83 00 00 00 
S03:18:17   68 04 43 00 00 00 
R03:18:17   68 04 83 00 00 00 
S03:18:33   68 04 43 00 00 00 
R03:18:33   68 04 83 00 00 00 
S03:18:49   68 04 43 00 00 00 
R03:18:49   68 04 83 00 00 00 
S03:19:05   68 04 43 00 00 00 
R03:19:05   68 04 83 00 00 00 
S03:19:21   68 04 43 00 00 00 
R03:19:21   68 04 83 00 00 00 
S03:19:37   68 04 43 00 00 00 
R03:19:37   68 04 83 00 00 00 
S03:19:53   68 04 43 00 00 00 
R03:19:53   68 04 83 00 00 00 
S03:20:09   68 04 43 00 00 00 
R03:20:09   68 04 83 00 00 00 
S03:20:25   68 04 43 00 00 00 
R03:20:25   68 04 83 00 00 00 
S03:20:41   68 04 43 00 00 00 
R03:20:41   68 04 83 00 00 00 
S03:20:57   68 04 43 00 00 00 
R03:20:57   68 04 83 00 00 00 
S03:21:13   68 04 43 00 00 00 
R03:21:13   68 04 83 00 00 00 
R03:21:14   68 22 64 61 BE 06 0D 03 03 00 3F 06 0D 40 00 00 00 00 00 00 0F 40 00 00 00 00 00 00 13 40 00 00 
R03:21:14   00 00 00 00 
S03:21:14   68 04 01 00 66 61 
R03:21:23   68 12 66 61 BE 06 0D 01 03 00 3F 06 0E 40 00 00 00 00 00 00 
R03:21:24   68 12 68 61 BE 06 0D 01 03 00 3F 06 0E 40 00 00 00 C0 40 00 
S03:21:25   68 04 01 00 6A 61 
R03:21:25   68 12 6A 61 BE 06 0D 01 03 00 3F 06 0E 40 00 00 00 00 00 00 
S03:21:36   68 04 01 00 6C 61 
S03:21:52   68 04 43 00 00 00 
R03:21:52   68 04 83 00 00 00 
S03:22:08   68 04 43 00 00 00 
R03:22:08   68 04 83 00 00 00 
R03:22:11   68 12 6C 61 BE 06 0D 01 03 00 3F 06 0E 40 00 00 00 C0 40 00 
S03:22:11   68 04 01 00 6E 61 
R03:22:13   68 12 6E 61 BE 06 0D 01 03 00 3F 06 0E 40 00 00 00 00 00 00 
R03:22:14   68 12 70 61 BE 06 0D 01 03 00 3F 06 0E 40 00 00 00 C0 40 00 
R03:22:16   68 12 72 61 BE 06 0D 01 03 00 3F 06 0E 40 00 00 00 00 00 00 
S03:22:16   68 04 01 00 74 61 
S03:22:32   68 04 43 00 00 00 
R03:22:32   68 04 83 00 00 00 
S03:22:48   68 04 43 00 00 00 
R03:22:49   68 04 83 00 00 00 
S03:23:05   68 04 43 00 00 00 
R03:23:06   68 04 83 00 00 00 
S03:23:22   68 04 43 00 00 00 
R03:23:23   68 04 83 00 00 00 
S03:23:39   68 04 43 00 00 00 
R03:23:40   68 04 83 00 00 00 
S03:23:56   68 04 43 00 00 00 
R03:23:57   68 04 83 00 00 00 
S03:24:13   68 04 43 00 00 00 
R03:24:14   68 04 83 00 00 00 
S03:24:30   68 04 43 00 00 00 
R03:24:31   68 04 83 00 00 00 
S03:24:47   68 04 43 00 00 00 
R03:24:48   68 04 83 00 00 00 
S03:25:04   68 04 43 00 00 00 
R03:25:04   68 04 83 00 00 00 
S03:25:20   68 04 43 00 00 00 
R03:25:21   68 04 83 00 00 00 
R03:25:36   68 12 74 61 BE 06 0D 01 03 00 3F 06 45 40 00 26 06 F9 41 00 
S03:25:36   68 04 01 00 76 61 
R03:25:49   68 12 76 61 BE 06 0D 01 03 00 3F 06 44 40 00 54 E3 01 42 00 
S03:25:49   68 04 01 00 78 61 
S03:25:59   68 0E BE 06 78 61 64 01 06 00 3F 06 00 00 00 14 
R03:25:59   68 0E 78 61 C0 06 64 01 07 00 3F 06 00 00 00 14 
S03:26:00   68 04 01 00 7A 61 
R03:26:00   68 E6 7A 61 C0 06 01 37 14 00 3F 06 01 00 00 00 02 00 00 00 03 00 00 00 04 00 00 00 05 00 00 00 
R03:26:00   06 00 00 00 07 00 00 01 08 00 00 00 09 00 00 00 0A 00 00 00 0B 00 00 00 0C 00 00 00 0D 00 00 00 
R03:26:00   0E 00 00 00 0F 00 00 00 10 00 00 00 11 00 00 00 12 00 00 00 13 00 00 00 14 00 00 00 15 00 00 00 
R03:26:00   16 00 00 00 17 00 00 00 18 00 00 00 19 00 00 00 1A 00 00 01 1B 00 00 01 1C 00 00 00 1D 00 00 01 
R03:26:00   1E 00 00 01 1F 00 00 01 20 00 00 00 21 00 00 00 22 00 00 00 23 00 00 00 24 00 00 00 25 00 00 00 
R03:26:00   26 00 00 00 27 00 00 00 28 00 00 00 29 00 00 01 2A 00 00 00 2B 00 00 00 2C 00 00 00 2D 00 00 00 
R03:26:00   2E 00 00 00 2F 00 00 00 30 00 00 00 31 00 00 00 32 00 00 00 33 00 00 00 34 00 00 00 35 00 00 00 
R03:26:00   36 00 00 00 37 00 00 00 
R03:26:00   68 D2 7C 61 C0 06 01 32 14 00 3F 06 38 00 00 00 39 00 00 00 3A 00 00 00 3B 00 00 01 3C 00 00 00 
R03:26:00   3D 00 00 00 3E 00 00 01 3F 00 00 01 40 00 00 00 41 00 00 00 42 00 00 01 43 00 00 00 44 00 00 00 
R03:26:00   45 00 00 00 46 00 00 00 47 00 00 00 48 00 00 00 49 00 00 00 4A 00 00 01 4B 00 00 00 4C 00 00 00 
R03:26:00   4D 00 00 00 4E 00 00 00 4F 00 00 00 50 00 00 00 51 00 00 00 52 00 00 00 53 00 00 00 54 00 00 00 
R03:26:00   55 00 00 00 56 00 00 00 57 00 00 00 58 00 00 00 59 00 00 00 5A 00 00 00 5B 00 00 00 5C 00 00 01 
R03:26:00   5D 00 00 00 5E 00 00 00 5F 00 00 01 60 00 00 01 61 00 00 00 62 00 00 00 63 00 00 01 64 00 00 00 
R03:26:00   65 00 00 00 66 00 00 00 67 00 00 00 68 00 00 00 69 00 00 00 
R03:26:01   68 E6 7E 61 C0 06 01 37 14 00 3F 06 69 00 00 00 6A 00 00 01 6B 00 00 00 6C 00 00 00 6D 00 00 00 
R03:26:01   6E 00 00 00 6F 00 00 00 70 00 00 00 71 00 00 00 72 00 00 00 73 00 00 00 74 00 00 00 75 00 00 00 
R03:26:01   76 00 00 00 77 00 00 00 78 00 00 00 79 00 00 00 7A 00 00 00 7B 00 00 00 7C 00 00 00 7D 00 00 01 
R03:26:01   7E 00 00 01 7F 00 00 00 80 00 00 01 81 00 00 01 82 00 00 01 83 00 00 00 84 00 00 00 85 00 00 00 
R03:26:01   86 00 00 00 87 00 00 00 88 00 00 00 89 00 00 00 8A 00 00 00 8B 00 00 01 8C 00 00 00 8D 00 00 00 
R03:26:01   8E 00 00 00 8F 00 00 00 90 00 00 00 91 00 00 00 92 00 00 00 93 00 00 00 94 00 00 00 95 00 00 00 
R03:26:01   96 00 00 00 97 00 00 00 98 00 00 00 99 00 00 00 9A 00 00 00 9B 00 00 00 9C 00 00 00 9D 00 00 00 
R03:26:01   9E 00 00 01 9F 00 00 00 
R03:26:01   68 A6 80 61 C0 06 01 27 14 00 3F 06 A0 00 00 00 A1 00 00 01 A2 00 00 01 A3 00 00 01 A4 00 00 00 
R03:26:01   A5 00 00 00 A6 00 00 00 A7 00 00 00 A8 00 00 00 A9 00 00 00 AA 00 00 00 AB 00 00 00 AC 00 00 01 
R03:26:01   AD 00 00 00 AE 00 00 00 AF 00 00 00 B0 00 00 00 B1 00 00 00 B2 00 00 00 B3 00 00 00 B4 00 00 00 
R03:26:01   B5 00 00 00 B6 00 00 00 B7 00 00 00 B8 00 00 00 B9 00 00 00 BA 00 00 00 BB 00 00 00 BC 00 00 00 
R03:26:01   BD 00 00 00 BE 00 00 00 BF 00 00 01 C0 00 00 00 C1 00 00 00 C2 00 00 01 C3 00 00 01 C4 00 00 01 
R03:26:01   C5 00 00 00 C6 00 00 00 
S03:26:01   68 04 01 00 82 61 
R03:26:02   68 EA 82 61 C0 06 0D 1C 14 00 3F 06 01 40 00 00 00 66 43 00 02 40 00 AE 47 55 42 00 03 40 00 E7 
R03:26:02   FB 27 41 00 04 40 00 00 00 00 00 00 05 40 00 36 5E 28 41 00 06 40 00 00 00 00 00 00 07 40 00 C3 
R03:26:02   F5 47 42 00 08 40 00 00 00 00 00 00 09 40 00 00 00 00 00 00 0A 40 00 00 00 00 00 00 0B 40 00 00 
R03:26:02   00 00 00 00 0C 40 00 00 00 00 00 00 0D 40 00 00 00 00 00 00 0E 40 00 00 00 00 00 00 0F 40 00 00 
R03:26:02   00 00 00 00 10 40 00 00 00 00 00 00 11 40 00 00 00 00 00 00 12 40 00 00 00 00 00 00 13 40 00 00 
R03:26:02   00 00 00 00 14 40 00 00 00 00 00 00 15 40 00 00 00 00 00 00 16 40 00 00 00 00 00 00 17 40 00 00 
R03:26:02   00 00 00 00 18 40 00 00 00 00 00 00 19 40 00 00 00 00 00 00 1A 40 00 00 00 00 00 00 1B 40 00 00 
R03:26:02   00 00 00 00 1C 40 00 00 00 00 00 00 
R03:26:02   68 6A 84 61 C0 06 0D 0C 14 00 3F 06 1D 40 00 00 00 00 00 00 1E 40 00 00 00 00 00 00 1F 40 00 00 
R03:26:02   00 00 00 00 20 40 00 00 00 00 00 00 21 40 00 00 00 00 00 00 22 40 00 00 00 00 00 00 23 40 00 00 
R03:26:02   00 00 00 00 24 40 00 00 00 00 00 00 25 40 00 00 00 00 00 00 26 40 00 00 00 00 00 00 27 40 00 00 
R03:26:02   00 00 00 00 28 40 00 00 00 00 00 00 
R03:26:03   68 EA 86 61 C0 06 0D 1C 14 00 3F 06 29 40 00 00 00 00 00 00 2A 40 00 00 00 00 00 00 2B 40 00 00 
R03:26:03   00 00 00 00 2C 40 00 00 00 00 00 00 2D 40 00 00 00 00 00 00 2E 40 00 00 00 00 00 00 2F 40 00 00 
R03:26:03   00 00 00 00 30 40 00 00 00 00 00 00 31 40 00 00 00 00 00 00 32 40 00 00 00 00 00 00 33 40 00 00 
R03:26:03   00 00 00 00 34 40 00 00 00 00 00 00 35 40 00 00 00 00 00 00 36 40 00 00 00 00 00 00 37 40 00 00 
R03:26:03   00 00 00 00 38 40 00 00 00 00 00 00 39 40 00 E1 7A D8 41 00 3A 40 00 AA F1 CA 41 00 3B 40 00 F0 
R03:26:03   A7 D6 41 00 3C 40 00 00 00 00 00 00 3D 40 00 52 38 EF 43 00 3E 40 00 71 3D 6A C1 00 3F 40 00 77 
R03:26:03   BE 7F 3F 00 40 40 00 00 00 00 00 00 41 40 00 00 00 00 00 00 42 40 00 00 00 00 00 00 43 40 00 00 
R03:26:03   00 00 00 00 44 40 00 F9 7E 00 42 00 
R03:26:03   68 3A 88 61 C0 06 0D 06 14 00 3F 06 45 40 00 61 E5 F4 41 00 46 40 00 44 8B 00 42 00 47 40 00 00 
R03:26:03   00 00 00 00 48 40 00 15 AE 0E C4 00 49 40 00 5C 8F 0E 42 00 4A 40 00 EE 7C 7F BF 00 
S03:26:03   68 04 01 00 8A 61 
R03:26:04   68 0E 8A 61 C0 06 64 01 0A 00 3F 06 00 00 00 14 
S03:26:04   68 0E C0 06 8C 61 65 01 06 00 3F 06 00 00 00 05 
R03:26:05   68 0E 8C 61 C2 06 65 01 07 00 3F 06 00 00 00 05 
R03:26:05   68 4A 8E 61 C2 06 CE 08 25 00 3F 06 01 64 00 53 05 1C 49 00 02 64 00 66 66 03 44 00 03 64 00 67 
R03:26:05   66 FE 43 00 04 64 00 00 9E F4 47 00 05 64 00 00 00 AE 42 00 06 64 00 80 C0 F4 47 00 07 64 00 66 
R03:26:05   66 86 41 00 08 64 00 00 00 8A 42 00 
R03:26:05   68 82 90 61 C2 06 CF 08 25 00 3F 06 09 64 00 20 04 1C 49 00 00 00 0F 03 AC 06 1A 0A 64 00 66 66 
R03:26:05   03 44 00 00 00 0F 03 AC 06 1A 0B 64 00 67 66 FE 43 00 00 00 0F 03 AC 06 1A 0C 64 00 99 9B F4 47 
R03:26:05   00 00 00 0F 03 AC 06 1A 0D 64 00 00 00 AE 42 00 00 00 0F 03 AC 06 1A 0E 64 00 19 BE F4 47 00 00 
R03:26:05   00 0F 03 AC 06 1A 0F 64 00 66 66 86 41 00 00 00 0F 03 AC 06 1A 10 64 00 00 00 8A 42 00 00 00 0F 
R03:26:05   03 AC 06 1A 
S03:26:05   68 04 01 00 92 61 
R03:26:06   68 82 92 61 C2 06 CF 08 25 00 3F 06 11 64 00 39 D0 1B 49 00 00 00 00 00 AC 06 1A 12 64 00 66 66 
R03:26:06   03 44 00 00 00 00 00 AC 06 1A 13 64 00 67 66 FE 43 00 00 00 00 00 AC 06 1A 14 64 00 66 55 F4 47 
R03:26:06   00 00 00 00 00 AC 06 1A 15 64 00 00 00 AE 42 00 00 00 00 00 AC 06 1A 16 64 00 E7 77 F4 47 00 00 
R03:26:06   00 00 00 AC 06 1A 17 64 00 66 66 86 41 00 00 00 00 00 AC 06 1A 18 64 00 00 00 8A 42 00 00 00 00 
R03:26:06   00 AC 06 1A 
R03:26:06   68 82 94 61 C2 06 CF 08 25 00 3F 06 19 64 00 00 00 00 00 00 00 00 00 00 AC 06 1A 1A 64 00 00 00 
R03:26:06   00 00 00 00 00 00 00 AC 06 1A 1B 64 00 00 00 00 00 00 00 00 00 00 AC 06 1A 1C 64 00 00 00 00 00 
R03:26:06   00 00 00 00 00 AC 06 1A 1D 64 00 00 00 00 00 00 00 00 00 00 AC 06 1A 1E 64 00 00 00 00 00 00 00 
R03:26:06   00 00 00 AC 06 1A 1F 64 00 00 00 00 00 00 00 00 00 00 AC 06 1A 20 64 00 00 00 00 00 00 00 00 00 
R03:26:06   00 AC 06 1A 
R03:26:06   68 4A 96 61 C2 06 CE 08 25 00 3F 06 21 64 00 CC CC 41 43 00 22 64 00 34 33 0B 43 00 23 64 00 66 
R03:26:06   66 AA 42 00 24 64 00 CD CC EE 42 00 25 64 00 CD CC C4 42 00 26 64 00 CC CC 29 43 00 27 64 00 FF 
R03:26:06   FF 57 42 00 28 64 00 99 99 49 42 00 
S03:26:06   68 04 01 00 98 61 
R03:26:07   68 82 98 61 C2 06 CF 08 25 00 3F 06 29 64 00 CC CC 41 43 00 00 00 0F 03 AC 06 1A 2A 64 00 34 33 
R03:26:07   0B 43 00 00 00 0F 03 AC 06 1A 2B 64 00 66 66 AA 42 00 00 00 0F 03 AC 06 1A 2C 64 00 CD CC EE 42 
R03:26:07   00 00 00 0F 03 AC 06 1A 2D 64 00 CD CC C4 42 00 00 00 0F 03 AC 06 1A 2E 64 00 CC CC 29 43 00 00 
R03:26:07   00 0F 03 AC 06 1A 2F 64 00 FF FF 57 42 00 00 00 0F 03 AC 06 1A 30 64 00 99 99 49 42 00 00 00 0F 
R03:26:07   03 AC 06 1A 
R03:26:07   68 82 9A 61 C2 06 CF 08 25 00 3F 06 31 64 00 CC CC 41 43 00 00 00 00 00 AC 06 1A 32 64 00 34 33 
R03:26:07   0B 43 00 00 00 00 00 AC 06 1A 33 64 00 66 66 AA 42 00 00 00 00 00 AC 06 1A 34 64 00 CD CC EE 42 
R03:26:07   00 00 00 00 00 AC 06 1A 35 64 00 CD CC C4 42 00 00 00 00 00 AC 06 1A 36 64 00 CC CC 29 43 00 00 
R03:26:07   00 00 00 AC 06 1A 37 64 00 FF FF 57 42 00 00 00 00 00 AC 06 1A 38 64 00 99 99 49 42 00 00 00 00 
R03:26:07   00 AC 06 1A 
R03:26:08   68 82 9C 61 C2 06 CF 08 25 00 3F 06 39 64 00 00 00 00 00 00 00 00 00 00 AC 06 1A 3A 64 00 00 00 
R03:26:08   00 00 00 00 00 00 00 AC 06 1A 3B 64 00 00 00 00 00 00 00 00 00 00 AC 06 1A 3C 64 00 00 00 00 00 
R03:26:08   00 00 00 00 00 AC 06 1A 3D 64 00 00 00 00 00 00 00 00 00 00 AC 06 1A 3E 64 00 00 00 00 00 00 00 
R03:26:08   00 00 00 AC 06 1A 3F 64 00 00 00 00 00 00 00 00 00 00 AC 06 1A 40 64 00 00 00 00 00 00 00 00 00 
R03:26:08   00 AC 06 1A 
R03:26:08   68 4A 9E 61 C2 06 CE 08 25 00 3F 06 41 64 00 CC CC 5F 43 00 42 64 00 33 33 47 43 00 43 64 00 9A 
R03:26:08   99 22 43 00 44 64 00 CC CC 74 42 00 45 64 00 00 00 A8 42 00 46 64 00 00 00 F6 42 00 47 64 00 66 
R03:26:08   66 12 42 00 48 64 00 34 33 77 42 00 
S03:26:08   68 04 01 00 A0 61 
R03:26:09   68 82 A0 61 C2 06 CF 08 25 00 3F 06 49 64 00 CC CC 5F 43 00 00 00 0F 03 AC 06 1A 4A 64 00 33 33 
R03:26:09   47 43 00 00 00 0F 03 AC 06 1A 4B 64 00 9A 99 22 43 00 00 00 0F 03 AC 06 1A 4C 64 00 CC CC 74 42 
R03:26:09   00 00 00 0F 03 AC 06 1A 4D 64 00 00 00 A8 42 00 00 00 0F 03 AC 06 1A 4E 64 00 00 00 F6 42 00 00 
R03:26:09   00 0F 03 AC 06 1A 4F 64 00 66 66 12 42 00 00 00 0F 03 AC 06 1A 50 64 00 34 33 77 42 00 00 00 0F 
R03:26:09   03 AC 06 1A 
R03:26:09   68 82 A2 61 C2 06 CF 08 25 00 3F 06 51 64 00 CC CC 5F 43 00 00 00 00 00 AC 06 1A 52 64 00 33 33 
R03:26:09   47 43 00 00 00 00 00 AC 06 1A 53 64 00 9A 99 22 43 00 00 00 00 00 AC 06 1A 54 64 00 CC CC 74 42 
R03:26:09   00 00 00 00 00 AC 06 1A 55 64 00 00 00 A8 42 00 00 00 00 00 AC 06 1A 56 64 00 00 00 F6 42 00 00 
R03:26:09   00 00 00 AC 06 1A 57 64 00 66 66 12 42 00 00 00 00 00 AC 06 1A 58 64 00 34 33 77 42 00 00 00 00 
R03:26:09   00 AC 06 1A 
R03:26:10   68 82 A4 61 C2 06 CF 08 25 00 3F 06 59 64 00 00 00 00 00 00 00 00 00 00 AC 06 1A 5A 64 00 00 00 
R03:26:10   00 00 00 00 00 00 00 AC 06 1A 5B 64 00 00 00 00 00 00 00 00 00 00 AC 06 1A 5C 64 00 00 00 00 00 
R03:26:10   00 00 00 00 00 AC 06 1A 5D 64 00 00 00 00 00 00 00 00 00 00 AC 06 1A 5E 64 00 00 00 00 00 00 00 
R03:26:10   00 00 00 AC 06 1A 5F 64 00 00 00 00 00 00 00 00 00 00 AC 06 1A 60 64 00 00 00 00 00 00 00 00 00 
R03:26:10   00 AC 06 1A 
S03:26:10   68 04 01 00 A6 61 
R03:26:11   68 4A A6 61 C2 06 CE 08 25 00 3F 06 61 64 00 1A B5 0B 48 00 62 64 00 66 66 18 43 00 63 64 00 99 
R03:26:11   99 C9 42 00 64 64 00 01 D0 6F 46 00 65 64 00 34 33 8B 42 00 66 64 00 34 97 70 46 00 67 64 00 67 
R03:26:11   66 4E 42 00 68 64 00 33 33 47 42 00 
R03:26:11   68 82 A8 61 C2 06 CF 08 25 00 3F 06 69 64 00 33 B4 0B 48 00 00 00 0F 03 AC 06 1A 6A 64 00 66 66 
R03:26:11   18 43 00 00 00 0F 03 AC 06 1A 6B 64 00 99 99 C9 42 00 00 00 0F 03 AC 06 1A 6C 64 00 99 CD 6F 46 
R03:26:11   00 00 00 0F 03 AC 06 1A 6D 64 00 34 33 8B 42 00 00 00 0F 03 AC 06 1A 6E 64 00 CD 94 70 46 00 00 
R03:26:11   00 0F 03 AC 06 1A 6F 64 00 67 66 4E 42 00 00 00 0F 03 AC 06 1A 70 64 00 33 33 47 42 00 00 00 0F 
R03:26:11   03 AC 06 1A 
R03:26:11   68 82 AA 61 C2 06 CF 08 25 00 3F 06 71 64 00 8C 9A 0B 48 00 00 00 00 00 AC 06 1A 72 64 00 66 66 
R03:26:11   18 43 00 00 00 00 00 AC 06 1A 73 64 00 99 99 C9 42 00 00 00 00 00 AC 06 1A 74 64 00 00 A0 6F 46 
R03:26:11   00 00 00 00 00 AC 06 1A 75 64 00 34 33 8B 42 00 00 00 00 00 AC 06 1A 76 64 00 34 67 70 46 00 00 
R03:26:11   00 00 00 AC 06 1A 77 64 00 67 66 4E 42 00 00 00 00 00 AC 06 1A 78 64 00 33 33 47 42 00 00 00 00 
R03:26:11   00 AC 06 1A 
S03:26:11   68 04 01 00 AC 61 
R03:26:12   68 82 AC 61 C2 06 CF 08 25 00 3F 06 79 64 00 FF 44 DE 47 00 3A AE 25 0D F1 05 1A 7A 64 00 66 66 
R03:26:12   18 43 00 3A AE 25 0D F1 05 1A 7B 64 00 99 99 C9 42 00 3A AE 25 0D F1 05 1A 7C 64 00 67 46 50 46 
R03:26:12   00 3A AE 25 0D F1 05 1A 7D 64 00 34 33 8B 42 00 3A AE 25 0D F1 05 1A 7E 64 00 33 0B 51 46 00 3A 
R03:26:12   AE 25 0D F1 05 1A 7F 64 00 67 66 4E 42 00 3A AE 25 0D F1 05 1A 80 64 00 CD CC 44 42 00 3A AE 25 
R03:26:12   0D F1 05 1A 
R03:26:12   68 4A AE 61 C2 06 CE 08 25 00 3F 06 81 64 00 27 8D 48 4A 00 82 64 00 CC 6C 38 46 00 83 64 00 9A 
R03:26:12   31 2A 46 00 84 64 00 99 57 F0 47 00 85 64 00 CC 4C 8A 43 00 86 64 00 E7 8A F0 47 00 87 64 00 34 
R03:26:12   B3 63 44 00 88 64 00 34 33 CD 42 00 
R03:26:12   68 82 B0 61 C2 06 CF 08 25 00 3F 06 89 64 00 CC 8B 48 4A 00 00 00 0F 03 AC 06 1A 8A 64 00 CC 6C 
R03:26:12   38 46 00 00 00 0F 03 AC 06 1A 8B 64 00 9A 31 2A 46 00 00 00 0F 03 AC 06 1A 8C 64 00 67 56 F0 47 
R03:26:12   00 00 00 0F 03 AC 06 1A 8D 64 00 CC 4C 8A 43 00 00 00 0F 03 AC 06 1A 8E 64 00 B3 89 F0 47 00 00 
R03:26:12   00 0F 03 AC 06 1A 8F 64 00 34 B3 63 44 00 00 00 0F 03 AC 06 1A 90 64 00 34 33 CD 42 00 00 00 0F 
R03:26:12   03 AC 06 1A 
S03:26:12   68 04 01 00 B2 61 
R03:26:13   68 82 B2 61 C2 06 CF 08 25 00 3F 06 91 64 00 AE 6C 48 4A 00 00 00 00 00 AC 06 1A 92 64 00 CC 6C 
R03:26:13   38 46 00 00 00 00 00 AC 06 1A 93 64 00 9A 31 2A 46 00 00 00 00 00 AC 06 1A 94 64 00 B3 3E F0 47 
R03:26:13   00 00 00 00 00 AC 06 1A 95 64 00 CC 4C 8A 43 00 00 00 00 00 AC 06 1A 96 64 00 00 72 F0 47 00 00 
R03:26:13   00 00 00 AC 06 1A 97 64 00 34 B3 63 44 00 00 00 00 00 AC 06 1A 98 64 00 34 33 CD 42 00 00 00 00 
R03:26:13   00 AC 06 1A 
R03:26:14   68 82 B4 61 C2 06 CF 08 25 00 3F 06 99 64 00 2B C0 DB 49 00 BB 6F 25 0B 6F 04 1A 9A 64 00 00 00 
R03:26:14   99 44 00 BB 6F 25 0B 6F 04 1A 9B 64 00 9A 99 9C 43 00 BB 6F 25 0B 6F 04 1A 9C 64 00 CC 8A AC 47 
R03:26:14   00 BB 6F 25 0B 6F 04 1A 9D 64 00 66 66 89 43 00 BB 6F 25 0B 6F 04 1A 9E 64 00 19 BE AC 47 00 BB 
R03:26:14   6F 25 0B 6F 04 1A 9F 64 00 34 B3 63 44 00 BB 6F 25 0B 6F 04 1A A0 64 00 34 33 CD 42 00 BB 6F 25 
R03:26:14   0B 6F 04 1A 
R03:26:14   68 4A B6 61 C2 06 CE 08 25 00 3F 06 A1 64 00 33 73 4C 44 00 A2 64 00 CC B9 69 48 00 A3 64 00 98 
R03:26:14   99 CF 42 00 A4 64 00 66 26 AE 44 00 A5 64 00 7B 67 79 4A 00 A6 64 00 34 5B F9 45 00 A7 64 00 D9 
R03:26:14   9F 69 48 00 A8 64 00 9A D1 CD 45 00 
R03:26:14   68 82 B8 61 C2 06 CF 08 25 00 3F 06 A9 64 00 33 73 4C 44 00 00 00 0F 03 AC 06 1A AA 64 00 00 B8 
R03:26:14   69 48 00 00 00 0F 03 AC 06 1A AB 64 00 98 99 CF 42 00 00 00 0F 03 AC 06 1A AC 64 00 66 26 AE 44 
R03:26:14   00 00 00 0F 03 AC 06 1A AD 64 00 BB 65 79 4A 00 00 00 0F 03 AC 06 1A AE 64 00 34 5B F9 45 00 00 
R03:26:14   00 0F 03 AC 06 1A AF 64 00 0D 9E 69 48 00 00 00 0F 03 AC 06 1A B0 64 00 9A D1 CD 45 00 00 00 0F 
R03:26:14   03 AC 06 1A 
S03:26:14   68 04 01 00 BA 61 
R03:26:15   68 82 BA 61 C2 06 CF 08 25 00 3F 06 B1 64 00 33 73 4C 44 00 00 00 00 00 AC 06 1A B2 64 00 27 8B 
R03:26:15   69 48 00 00 00 00 00 AC 06 1A B3 64 00 98 99 CF 42 00 00 00 00 00 AC 06 1A B4 64 00 66 26 AE 44 
R03:26:15   00 00 00 00 00 AC 06 1A B5 64 00 CB 37 79 4A 00 00 00 00 00 AC 06 1A B6 64 00 34 5B F9 45 00 00 
R03:26:15   00 00 00 AC 06 1A B7 64 00 34 71 69 48 00 00 00 00 00 AC 06 1A B8 64 00 9A D1 CD 45 00 00 00 00 
R03:26:15   00 AC 06 1A 
R03:26:15   68 82 BC 61 C2 06 CF 08 25 00 3F 06 B9 64 00 33 73 4C 44 00 7A 6D 25 0B 6F 04 1A BA 64 00 00 A3 
R03:26:15   1E 48 00 7A 6D 25 0B 6F 04 1A BB 64 00 98 99 CF 42 00 7A 6D 25 0B 6F 04 1A BC 64 00 66 26 AE 44 
R03:26:15   00 7A 6D 25 0B 6F 04 1A BD 64 00 7A F6 0A 4A 00 7A 6D 25 0B 6F 04 1A BE 64 00 CC 0C BB 44 00 7A 
R03:26:15   6D 25 0B 6F 04 1A BF 64 00 0D 89 1E 48 00 7A 6D 25 0B 6F 04 1A C0 64 00 67 66 CE 42 00 7A 6D 25 
R03:26:15   0B 6F 04 1A 
R03:26:16   68 0E BE 61 C2 06 65 01 0A 00 3F 06 00 00 00 05 
S03:26:16   68 14 C2 06 C0 61 67 01 06 00 3F 06 00 00 00 78 40 1A 03 AC 06 1A 
R03:26:17   68 14 C0 61 C4 06 67 01 07 00 3F 06 00 00 00 78 40 1A 03 AC 06 1A 
S03:26:25   68 04 01 00 C2 61 
S03:26:41   68 04 43 00 00 00 
R03:26:41   68 04 83 00 00 00 
S03:26:57   68 04 43 00 00 00 
R03:26:57   68 04 83 00 00 00 
S03:27:13   68 04 43 00 00 00 
R03:27:13   68 04 83 00 00 00 
S03:27:29   68 04 43 00 00 00 
R03:27:29   68 04 83 00 00 00 
S03:27:45   68 04 43 00 00 00 
R03:27:45   68 04 83 00 00 00 
S03:28:01   68 04 43 00 00 00 
R03:28:01   68 04 83 00 00 00 
S03:28:17   68 04 43 00 00 00 
R03:28:17   68 04 83 00 00 00 
S03:28:33   68 04 43 00 00 00 
R03:28:33   68 04 83 00 00 00 
S03:28:49   68 04 43 00 00 00 
R03:28:49   68 04 83 00 00 00 
S03:29:05   68 04 43 00 00 00 
R03:29:05   68 04 83 00 00 00 
S03:29:21   68 04 43 00 00 00 
R03:29:21   68 04 83 00 00 00 
S03:29:37   68 04 43 00 00 00 
R03:29:37   68 04 83 00 00 00 
S03:29:53   68 04 43 00 00 00 
R03:29:53   68 04 83 00 00 00 
S03:30:09   68 04 43 00 00 00 
R03:30:09   68 04 83 00 00 00 
S03:30:25   68 04 43 00 00 00 
R03:30:25   68 04 83 00 00 00 
S03:30:41   68 04 43 00 00 00 
R03:30:41   68 04 83 00 00 00 
S03:30:57   68 04 43 00 00 00 
R03:30:57   68 04 83 00 00 00 
S03:31:13   68 04 43 00 00 00 
R03:31:13   68 04 83 00 00 00 
S03:31:29   68 04 43 00 00 00 
R03:31:30   68 04 83 00 00 00 
S03:31:46   68 04 43 00 00 00 
R03:31:46   68 04 83 00 00 00 
S03:32:02   68 04 43 00 00 00 
R03:32:02   68 04 83 00 00 00 
S03:32:18   68 04 43 00 00 00 
R03:32:18   68 04 83 00 00 00 
S03:32:34   68 04 43 00 00 00 
R03:32:34   68 04 83 00 00 00 
S03:32:50   68 04 43 00 00 00 
R03:32:50   68 04 83 00 00 00 
S03:33:06   68 04 43 00 00 00 
R03:33:06   68 04 83 00 00 00 
S03:33:22   68 04 43 00 00 00 
R03:33:22   68 04 83 00 00 00 
S03:33:38   68 04 43 00 00 00 
R03:33:38   68 04 83 00 00 00 
S03:33:54   68 04 43 00 00 00 
R03:33:54   68 04 83 00 00 00 
S03:34:10   68 04 43 00 00 00 
R03:34:10   68 04 83 00 00 00 
S03:34:26   68 04 43 00 00 00 
R03:34:26   68 04 83 00 00 00 
S03:34:42   68 04 43 00 00 00 
R03:34:42   68 04 83 00 00 00 
S03:34:58   68 04 43 00 00 00 
R03:34:58   68 04 83 00 00 00 
S03:35:14   68 04 43 00 00 00 
R03:35:15   68 04 83 00 00 00 
S03:35:31   68 04 43 00 00 00 
R03:35:32   68 04 83 00 00 00 
S03:35:48   68 04 43 00 00 00 
R03:35:49   68 04 83 00 00 00 
S03:36:05   68 04 43 00 00 00 
R03:36:06   68 04 83 00 00 00 
S03:36:22   68 04 43 00 00 00 
R03:36:23   68 04 83 00 00 00 
S03:36:39   68 04 43 00 00 00 
R03:36:40   68 04 83 00 00 00 
S03:36:56   68 04 43 00 00 00 
R03:36:57   68 04 83 00 00 00 
S03:37:13   68 04 43 00 00 00 
R03:37:14   68 04 83 00 00 00 
S03:37:30   68 04 43 00 00 00 
R03:37:31   68 04 83 00 00 00 
S03:37:47   68 04 43 00 00 00 
R03:37:48   68 04 83 00 00 00 
S03:38:04   68 04 43 00 00 00 
R03:38:05   68 04 83 00 00 00 
S03:38:21   68 04 43 00 00 00 
R03:38:22   68 04 83 00 00 00 
S03:38:38   68 04 43 00 00 00 
R03:38:38   68 04 83 00 00 00 
S03:38:54   68 04 43 00 00 00 
R03:38:54   68 04 83 00 00 00 
S03:39:10   68 04 43 00 00 00 
R03:39:10   68 04 83 00 00 00 
S03:39:26   68 04 43 00 00 00 
R03:39:26   68 04 83 00 00 00 
S03:39:42   68 04 43 00 00 00 
R03:39:42   68 04 83 00 00 00 
S03:39:58   68 04 43 00 00 00 
R03:39:58   68 04 83 00 00 00 
S03:40:14   68 04 43 00 00 00 
R03:40:14   68 04 83 00 00 00 
S03:40:30   68 04 43 00 00 00 
R03:40:30   68 04 83 00 00 00 
S03:40:46   68 04 43 00 00 00 
R03:40:46   68 04 83 00 00 00 
S03:40:59   68 0E C4 06 C2 61 64 01 06 00 3F 06 00 00 00 14 
R03:40:59   68 0E C2 61 C6 06 64 01 07 00 3F 06 00 00 00 14 
S03:40:59   68 04 01 00 C4 61 
R03:41:00   68 E6 C4 61 C6 06 01 37 14 00 3F 06 01 00 00 00 02 00 00 00 03 00 00 00 04 00 00 00 05 00 00 00 
R03:41:00   06 00 00 00 07 00 00 01 08 00 00 00 09 00 00 00 0A 00 00 00 0B 00 00 00 0C 00 00 00 0D 00 00 00 
R03:41:00   0E 00 00 00 0F 00 00 00 10 00 00 00 11 00 00 00 12 00 00 00 13 00 00 00 14 00 00 00 15 00 00 00 
R03:41:00   16 00 00 00 17 00 00 00 18 00 00 00 19 00 00 00 1A 00 00 01 1B 00 00 01 1C 00 00 00 1D 00 00 01 
R03:41:00   1E 00 00 01 1F 00 00 01 20 00 00 00 21 00 00 00 22 00 00 00 23 00 00 00 24 00 00 00 25 00 00 00 
R03:41:00   26 00 00 00 27 00 00 00 28 00 00 00 29 00 00 01 2A 00 00 00 2B 00 00 00 2C 00 00 00 2D 00 00 00 
R03:41:00   2E 00 00 00 2F 00 00 00 30 00 00 00 31 00 00 00 32 00 00 00 33 00 00 00 34 00 00 00 35 00 00 00 
R03:41:00   36 00 00 00 37 00 00 00 
R03:41:00   68 D2 C6 61 C6 06 01 32 14 00 3F 06 38 00 00 00 39 00 00 00 3A 00 00 00 3B 00 00 01 3C 00 00 00 
R03:41:00   3D 00 00 00 3E 00 00 01 3F 00 00 01 40 00 00 00 41 00 00 00 42 00 00 01 43 00 00 00 44 00 00 00 
R03:41:00   45 00 00 00 46 00 00 00 47 00 00 00 48 00 00 00 49 00 00 00 4A 00 00 01 4B 00 00 00 4C 00 00 00 
R03:41:00   4D 00 00 00 4E 00 00 00 4F 00 00 00 50 00 00 00 51 00 00 00 52 00 00 00 53 00 00 00 54 00 00 00 
R03:41:00   55 00 00 00 56 00 00 00 57 00 00 00 58 00 00 00 59 00 00 00 5A 00 00 00 5B 00 00 00 5C 00 00 01 
R03:41:00   5D 00 00 00 5E 00 00 00 5F 00 00 01 60 00 00 01 61 00 00 00 62 00 00 00 63 00 00 01 64 00 00 00 
R03:41:00   65 00 00 00 66 00 00 00 67 00 00 00 68 00 00 00 69 00 00 00 
R03:41:00   68 E6 C8 61 C6 06 01 37 14 00 3F 06 69 00 00 00 6A 00 00 01 6B 00 00 00 6C 00 00 00 6D 00 00 00 
R03:41:00   6E 00 00 00 6F 00 00 00 70 00 00 00 71 00 00 00 72 00 00 00 73 00 00 00 74 00 00 00 75 00 00 00 
R03:41:00   76 00 00 00 77 00 00 00 78 00 00 00 79 00 00 00 7A 00 00 00 7B 00 00 00 7C 00 00 00 7D 00 00 01 
R03:41:00   7E 00 00 01 7F 00 00 00 80 00 00 01 81 00 00 01 82 00 00 01 83 00 00 00 84 00 00 00 85 00 00 00 
R03:41:00   86 00 00 00 87 00 00 00 88 00 00 00 89 00 00 00 8A 00 00 00 8B 00 00 01 8C 00 00 00 8D 00 00 00 
R03:41:00   8E 00 00 00 8F 00 00 00 90 00 00 00 91 00 00 00 92 00 00 00 93 00 00 00 94 00 00 00 95 00 00 00 
R03:41:00   96 00 00 00 97 00 00 00 98 00 00 00 99 00 00 00 9A 00 00 00 9B 00 00 00 9C 00 00 00 9D 00 00 00 
R03:41:00   9E 00 00 01 9F 00 00 00 
S03:41:00   68 04 01 00 CA 61 
R03:41:01   68 A6 CA 61 C6 06 01 27 14 00 3F 06 A0 00 00 00 A1 00 00 01 A2 00 00 01 A3 00 00 01 A4 00 00 00 
R03:41:01   A5 00 00 00 A6 00 00 00 A7 00 00 00 A8 00 00 00 A9 00 00 00 AA 00 00 00 AB 00 00 00 AC 00 00 01 
R03:41:01   AD 00 00 00 AE 00 00 00 AF 00 00 00 B0 00 00 00 B1 00 00 00 B2 00 00 00 B3 00 00 00 B4 00 00 00 
R03:41:01   B5 00 00 00 B6 00 00 00 B7 00 00 00 B8 00 00 00 B9 00 00 00 BA 00 00 00 BB 00 00 00 BC 00 00 00 
R03:41:01   BD 00 00 00 BE 00 00 00 BF 00 00 01 C0 00 00 00 C1 00 00 00 C2 00 00 01 C3 00 00 01 C4 00 00 01 
R03:41:01   C5 00 00 00 C6 00 00 00 
R03:41:01   68 EA CC 61 C6 06 0D 1C 14 00 3F 06 01 40 00 00 00 66 43 00 02 40 00 F6 28 55 42 00 03 40 00 1D 
R03:41:01   5A 28 41 00 04 40 00 00 00 00 00 00 05 40 00 F0 A7 28 41 00 06 40 00 00 00 00 00 00 07 40 00 E1 
R03:41:01   FA 47 42 00 08 40 00 00 00 00 00 00 09 40 00 00 00 00 00 00 0A 40 00 00 00 00 00 00 0B 40 00 00 
R03:41:01   00 00 00 00 0C 40 00 00 00 00 00 00 0D 40 00 00 00 00 00 00 0E 40 00 00 00 00 00 00 0F 40 00 00 
R03:41:01   00 00 00 00 10 40 00 00 00 00 00 00 11 40 00 00 00 00 00 00 12 40 00 00 00 00 00 00 13 40 00 00 
R03:41:01   00 00 00 00 14 40 00 00 00 00 00 00 15 40 00 00 00 00 00 00 16 40 00 00 00 00 00 00 17 40 00 00 
R03:41:01   00 00 00 00 18 40 00 00 00 00 00 00 19 40 00 00 00 00 00 00 1A 40 00 00 00 00 00 00 1B 40 00 00 
R03:41:01   00 00 00 00 1C 40 00 00 00 00 00 00 
R03:41:01   68 6A CE 61 C6 06 0D 0C 14 00 3F 06 1D 40 00 00 00 00 00 00 1E 40 00 00 00 00 00 00 1F 40 00 00 
R03:41:01   00 00 00 00 20 40 00 00 00 00 00 00 21 40 00 00 00 00 00 00 22 40 00 00 00 00 00 00 23 40 00 00 
R03:41:01   00 00 00 00 24 40 00 00 00 00 00 00 25 40 00 00 00 00 00 00 26 40 00 00 00 00 00 00 27 40 00 00 
R03:41:01   00 00 00 00 28 40 00 00 00 00 00 00 
S03:41:01   68 04 01 00 D0 61 
R03:41:02   68 EA D0 61 C6 06 0D 1C 14 00 3F 06 29 40 00 00 00 00 00 00 2A 40 00 00 00 00 00 00 2B 40 00 00 
R03:41:02   00 00 00 00 2C 40 00 00 00 00 00 00 2D 40 00 00 00 00 00 00 2E 40 00 00 00 00 00 00 2F 40 00 00 
R03:41:02   00 00 00 00 30 40 00 00 00 00 00 00 31 40 00 00 00 00 00 00 32 40 00 00 00 00 00 00 33 40 00 00 
R03:41:02   00 00 00 00 34 40 00 00 00 00 00 00 35 40 00 00 00 00 00 00 36 40 00 00 00 00 00 00 37 40 00 00 
R03:41:02   00 00 00 00 38 40 00 00 00 00 00 00 39 40 00 17 D9 CA 41 00 3A 40 00 DE 24 C6 41 00 3B 40 00 1A 
R03:41:02   2F D1 41 00 3C 40 00 00 00 00 00 00 3D 40 00 52 38 E6 43 00 3E 40 00 14 AE 47 C1 00 3F 40 00 77 
R03:41:02   BE 7F 3F 00 40 40 00 00 00 00 00 00 41 40 00 00 00 00 00 00 42 40 00 00 00 00 00 00 43 40 00 00 
R03:41:02   00 00 00 00 44 40 00 DB F9 E6 41 00 
R03:41:02   68 3A D2 61 C6 06 0D 06 14 00 3F 06 45 40 00 46 B6 E3 41 00 46 40 00 B0 72 EC 41 00 47 40 00 00 
R03:41:02   00 00 00 00 48 40 00 00 40 03 C4 00 49 40 00 B8 1E D5 41 00 4A 40 00 EE 7C 7F BF 00 
R03:41:03   68 0E D4 61 C6 06 64 01 0A 00 3F 06 00 00 00 14 
S03:41:03   68 0E C6 06 D6 61 65 01 06 00 3F 06 00 00 00 05 
R03:41:04   68 0E D6 61 C8 06 65 01 07 00 3F 06 00 00 00 05 
R03:41:04   68 4A D8 61 C8 06 CE 08 25 00 3F 06 01 64 00 30 06 1C 49 00 02 64 00 66 66 03 44 00 03 64 00 67 
R03:41:04   66 FE 43 00 04 64 00 CC 9F F4 47 00 05 64 00 00 00 AE 42 00 06 64 00 4C C2 F4 47 00 07 64 00 66 
R03:41:04   66 86 41 00 08 64 00 00 00 8A 42 00 
R03:41:05   68 82 DA 61 C8 06 CF 08 25 00 3F 06 09 64 00 AA 05 1C 49 00 00 00 1E 03 AC 06 1A 0A 64 00 66 66 
R03:41:05   03 44 00 00 00 1E 03 AC 06 1A 0B 64 00 67 66 FE 43 00 00 00 1E 03 AC 06 1A 0C 64 00 99 9E F4 47 
R03:41:05   00 00 00 1E 03 AC 06 1A 0D 64 00 00 00 AE 42 00 00 00 1E 03 AC 06 1A 0E 64 00 18 C1 F4 47 00 00 
R03:41:05   00 1E 03 AC 06 1A 0F 64 00 66 66 86 41 00 00 00 1E 03 AC 06 1A 10 64 00 00 00 8A 42 00 00 00 1E 
R03:41:05   03 AC 06 1A 
R03:41:05   68 82 DC 61 C8 06 CF 08 25 00 3F 06 11 64 00 39 D0 1B 49 00 00 00 00 00 AC 06 1A 12 64 00 66 66 
R03:41:05   03 44 00 00 00 00 00 AC 06 1A 13 64 00 67 66 FE 43 00 00 00 00 00 AC 06 1A 14 64 00 66 55 F4 47 
R03:41:05   00 00 00 00 00 AC 06 1A 15 64 00 00 00 AE 42 00 00 00 00 00 AC 06 1A 16 64 00 E7 77 F4 47 00 00 
R03:41:05   00 00 00 AC 06 1A 17 64 00 66 66 86 41 00 00 00 00 00 AC 06 1A 18 64 00 00 00 8A 42 00 00 00 00 
R03:41:05   00 AC 06 1A 
S03:41:05   68 04 01 00 DE 61 
R03:41:06   68 82 DE 61 C8 06 CF 08 25 00 3F 06 19 64 00 00 00 00 00 00 00 00 00 00 AC 06 1A 1A 64 00 00 00 
R03:41:06   00 00 00 00 00 00 00 AC 06 1A 1B 64 00 00 00 00 00 00 00 00 00 00 AC 06 1A 1C 64 00 00 00 00 00 
R03:41:06   00 00 00 00 00 AC 06 1A 1D 64 00 00 00 00 00 00 00 00 00 00 AC 06 1A 1E 64 00 00 00 00 00 00 00 
R03:41:06   00 00 00 AC 06 1A 1F 64 00 00 00 00 00 00 00 00 00 00 AC 06 1A 20 64 00 00 00 00 00 00 00 00 00 
R03:41:06   00 AC 06 1A 
R03:41:06   68 4A E0 61 C8 06 CE 08 25 00 3F 06 21 64 00 CC CC 41 43 00 22 64 00 34 33 0B 43 00 23 64 00 66 
R03:41:06   66 AA 42 00 24 64 00 CD CC EE 42 00 25 64 00 CD CC C4 42 00 26 64 00 CC CC 29 43 00 27 64 00 FF 
R03:41:06   FF 57 42 00 28 64 00 99 99 49 42 00 
R03:41:07   68 82 E2 61 C8 06 CF 08 25 00 3F 06 29 64 00 CC CC 41 43 00 00 00 1E 03 AC 06 1A 2A 64 00 34 33 
R03:41:07   0B 43 00 00 00 1E 03 AC 06 1A 2B 64 00 66 66 AA 42 00 00 00 1E 03 AC 06 1A 2C 64 00 CD CC EE 42 
R03:41:07   00 00 00 1E 03 AC 06 1A 2D 64 00 CD CC C4 42 00 00 00 1E 03 AC 06 1A 2E 64 00 CC CC 29 43 00 00 
R03:41:07   00 1E 03 AC 06 1A 2F 64 00 FF FF 57 42 00 00 00 1E 03 AC 06 1A 30 64 00 99 99 49 42 00 00 00 1E 
R03:41:07   03 AC 06 1A 
R03:41:07   68 82 E4 61 C8 06 CF 08 25 00 3F 06 31 64 00 CC CC 41 43 00 00 00 00 00 AC 06 1A 32 64 00 34 33 
R03:41:07   0B 43 00 00 00 00 00 AC 06 1A 33 64 00 66 66 AA 42 00 00 00 00 00 AC 06 1A 34 64 00 CD CC EE 42 
R03:41:07   00 00 00 00 00 AC 06 1A 35 64 00 CD CC C4 42 00 00 00 00 00 AC 06 1A 36 64 00 CC CC 29 43 00 00 
R03:41:07   00 00 00 AC 06 1A 37 64 00 FF FF 57 42 00 00 00 00 00 AC 06 1A 38 64 00 99 99 49 42 00 00 00 00 
R03:41:07   00 AC 06 1A 
S03:41:07   68 04 01 00 E6 61 
R03:41:08   68 82 E6 61 C8 06 CF 08 25 00 3F 06 39 64 00 00 00 00 00 00 00 00 00 00 AC 06 1A 3A 64 00 00 00 
R03:41:08   00 00 00 00 00 00 00 AC 06 1A 3B 64 00 00 00 00 00 00 00 00 00 00 AC 06 1A 3C 64 00 00 00 00 00 
R03:41:08   00 00 00 00 00 AC 06 1A 3D 64 00 00 00 00 00 00 00 00 00 00 AC 06 1A 3E 64 00 00 00 00 00 00 00 
R03:41:08   00 00 00 AC 06 1A 3F 64 00 00 00 00 00 00 00 00 00 00 AC 06 1A 40 64 00 00 00 00 00 00 00 00 00 
R03:41:08   00 AC 06 1A 
R03:41:08   68 4A E8 61 C8 06 CE 08 25 00 3F 06 41 64 00 CC CC 5F 43 00 42 64 00 33 33 47 43 00 43 64 00 9A 
R03:41:08   99 22 43 00 44 64 00 CC CC 74 42 00 45 64 00 00 00 A8 42 00 46 64 00 00 00 F6 42 00 47 64 00 66 
R03:41:08   66 12 42 00 48 64 00 34 33 77 42 00 
R03:41:09   68 82 EA 61 C8 06 CF 08 25 00 3F 06 49 64 00 CC CC 5F 43 00 00 00 1E 03 AC 06 1A 4A 64 00 33 33 
R03:41:09   47 43 00 00 00 1E 03 AC 06 1A 4B 64 00 9A 99 22 43 00 00 00 1E 03 AC 06 1A 4C 64 00 CC CC 74 42 
R03:41:09   00 00 00 1E 03 AC 06 1A 4D 64 00 00 00 A8 42 00 00 00 1E 03 AC 06 1A 4E 64 00 00 00 F6 42 00 00 
R03:41:09   00 1E 03 AC 06 1A 4F 64 00 66 66 12 42 00 00 00 1E 03 AC 06 1A 50 64 00 34 33 77 42 00 00 00 1E 
R03:41:09   03 AC 06 1A 
S03:41:09   68 04 01 00 EC 61 
R03:41:09   68 82 EC 61 C8 06 CF 08 25 00 3F 06 51 64 00 CC CC 5F 43 00 00 00 00 00 AC 06 1A 52 64 00 33 33 
R03:41:09   47 43 00 00 00 00 00 AC 06 1A 53 64 00 9A 99 22 43 00 00 00 00 00 AC 06 1A 54 64 00 CC CC 74 42 
R03:41:09   00 00 00 00 00 AC 06 1A 55 64 00 00 00 A8 42 00 00 00 00 00 AC 06 1A 56 64 00 00 00 F6 42 00 00 
R03:41:09   00 00 00 AC 06 1A 57 64 00 66 66 12 42 00 00 00 00 00 AC 06 1A 58 64 00 34 33 77 42 00 00 00 00 
R03:41:09   00 AC 06 1A 
R03:41:10   68 82 EE 61 C8 06 CF 08 25 00 3F 06 59 64 00 00 00 00 00 00 00 00 00 00 AC 06 1A 5A 64 00 00 00 
R03:41:10   00 00 00 00 00 00 00 AC 06 1A 5B 64 00 00 00 00 00 00 00 00 00 00 AC 06 1A 5C 64 00 00 00 00 00 
R03:41:10   00 00 00 00 00 AC 06 1A 5D 64 00 00 00 00 00 00 00 00 00 00 AC 06 1A 5E 64 00 00 00 00 00 00 00 
R03:41:10   00 00 00 AC 06 1A 5F 64 00 00 00 00 00 00 00 00 00 00 AC 06 1A 60 64 00 00 00 00 00 00 00 00 00 
R03:41:10   00 AC 06 1A 
R03:41:10   68 4A F0 61 C8 06 CE 08 25 00 3F 06 61 64 00 74 B6 0B 48 00 62 64 00 66 66 18 43 00 63 64 00 99 
R03:41:10   99 C9 42 00 64 64 00 CC D4 6F 46 00 65 64 00 34 33 8B 42 00 66 64 00 00 9C 70 46 00 67 64 00 67 
R03:41:10   66 4E 42 00 68 64 00 33 33 47 42 00 
S03:41:10   68 04 01 00 F2 61 
R03:41:11   68 82 F2 61 C8 06 CF 08 25 00 3F 06 69 64 00 8C B5 0B 48 00 00 00 1E 03 AC 06 1A 6A 64 00 66 66 
R03:41:11   18 43 00 00 00 1E 03 AC 06 1A 6B 64 00 99 99 C9 42 00 00 00 1E 03 AC 06 1A 6C 64 00 66 D2 6F 46 
R03:41:11   00 00 00 1E 03 AC 06 1A 6D 64 00 34 33 8B 42 00 00 00 1E 03 AC 06 1A 6E 64 00 98 99 70 46 00 00 
R03:41:11   00 1E 03 AC 06 1A 6F 64 00 67 66 4E 42 00 00 00 1E 03 AC 06 1A 70 64 00 33 33 47 42 00 00 00 1E 
R03:41:11   03 AC 06 1A 
R03:41:11   68 82 F4 61 C8 06 CF 08 25 00 3F 06 71 64 00 8C 9A 0B 48 00 00 00 00 00 AC 06 1A 72 64 00 66 66 
R03:41:11   18 43 00 00 00 00 00 AC 06 1A 73 64 00 99 99 C9 42 00 00 00 00 00 AC 06 1A 74 64 00 00 A0 6F 46 
R03:41:11   00 00 00 00 00 AC 06 1A 75 64 00 34 33 8B 42 00 00 00 00 00 AC 06 1A 76 64 00 34 67 70 46 00 00 
R03:41:11   00 00 00 AC 06 1A 77 64 00 67 66 4E 42 00 00 00 00 00 AC 06 1A 78 64 00 33 33 47 42 00 00 00 00 
R03:41:11   00 AC 06 1A 
R03:41:11   68 82 F6 61 C8 06 CF 08 25 00 3F 06 79 64 00 FF 44 DE 47 00 3A AE 25 0D F1 05 1A 7A 64 00 66 66 
R03:41:11   18 43 00 3A AE 25 0D F1 05 1A 7B 64 00 99 99 C9 42 00 3A AE 25 0D F1 05 1A 7C 64 00 67 46 50 46 
R03:41:11   00 3A AE 25 0D F1 05 1A 7D 64 00 34 33 8B 42 00 3A AE 25 0D F1 05 1A 7E 64 00 33 0B 51 46 00 3A 
R03:41:11   AE 25 0D F1 05 1A 7F 64 00 67 66 4E 42 00 3A AE 25 0D F1 05 1A 80 64 00 CD CC 44 42 00 3A AE 25 
R03:41:11   0D F1 05 1A 
S03:41:11   68 04 01 00 F8 61 
R03:41:12   68 4A F8 61 C8 06 CE 08 25 00 3F 06 81 64 00 E8 8E 48 4A 00 82 64 00 CC 6C 38 46 00 83 64 00 9A 
R03:41:12   31 2A 46 00 84 64 00 80 58 F0 47 00 85 64 00 CC 4C 8A 43 00 86 64 00 CD 8B F0 47 00 87 64 00 34 
R03:41:12   B3 63 44 00 88 64 00 34 33 CD 42 00 
R03:41:12   68 82 FA 61 C8 06 CF 08 25 00 3F 06 89 64 00 A4 8D 48 4A 00 00 00 1E 03 AC 06 1A 8A 64 00 CC 6C 
R03:41:12   38 46 00 00 00 1E 03 AC 06 1A 8B 64 00 9A 31 2A 46 00 00 00 1E 03 AC 06 1A 8C 64 00 99 57 F0 47 
R03:41:12   00 00 00 1E 03 AC 06 1A 8D 64 00 CC 4C 8A 43 00 00 00 1E 03 AC 06 1A 8E 64 00 E7 8A F0 47 00 00 
R03:41:12   00 1E 03 AC 06 1A 8F 64 00 34 B3 63 44 00 00 00 1E 03 AC 06 1A 90 64 00 34 33 CD 42 00 00 00 1E 
R03:41:12   03 AC 06 1A 
R03:41:13   68 82 FC 61 C8 06 CF 08 25 00 3F 06 91 64 00 AE 6C 48 4A 00 00 00 00 00 AC 06 1A 92 64 00 CC 6C 
R03:41:13   38 46 00 00 00 00 00 AC 06 1A 93 64 00 9A 31 2A 46 00 00 00 00 00 AC 06 1A 94 64 00 B3 3E F0 47 
R03:41:13   00 00 00 00 00 AC 06 1A 95 64 00 CC 4C 8A 43 00 00 00 00 00 AC 06 1A 96 64 00 00 72 F0 47 00 00 
R03:41:13   00 00 00 AC 06 1A 97 64 00 34 B3 63 44 00 00 00 00 00 AC 06 1A 98 64 00 34 33 CD 42 00 00 00 00 
R03:41:13   00 AC 06 1A 
S03:41:13   68 04 01 00 FE 61 
R03:41:13   68 82 FE 61 C8 06 CF 08 25 00 3F 06 99 64 00 2B C0 DB 49 00 BB 6F 25 0B 6F 04 1A 9A 64 00 00 00 
R03:41:13   99 44 00 BB 6F 25 0B 6F 04 1A 9B 64 00 9A 99 9C 43 00 BB 6F 25 0B 6F 04 1A 9C 64 00 CC 8A AC 47 
R03:41:13   00 BB 6F 25 0B 6F 04 1A 9D 64 00 66 66 89 43 00 BB 6F 25 0B 6F 04 1A 9E 64 00 19 BE AC 47 00 BB 
R03:41:13   6F 25 0B 6F 04 1A 9F 64 00 34 B3 63 44 00 BB 6F 25 0B 6F 04 1A A0 64 00 34 33 CD 42 00 BB 6F 25 
R03:41:13   0B 6F 04 1A 
R03:41:14   68 4A 00 62 C8 06 CE 08 25 00 3F 06 A1 64 00 33 73 4C 44 00 A2 64 00 4C BB 69 48 00 A3 64 00 98 
R03:41:14   99 CF 42 00 A4 64 00 66 26 AE 44 00 A5 64 00 82 69 79 4A 00 A6 64 00 34 5B F9 45 00 A7 64 00 59 
R03:41:14   A1 69 48 00 A8 64 00 9A D1 CD 45 00 
R03:41:14   68 82 02 62 C8 06 CF 08 25 00 3F 06 A9 64 00 33 73 4C 44 00 00 00 1E 03 AC 06 1A AA 64 00 40 BA 
R03:41:14   69 48 00 00 00 1E 03 AC 06 1A AB 64 00 98 99 CF 42 00 00 00 1E 03 AC 06 1A AC 64 00 66 26 AE 44 
R03:41:14   00 00 00 1E 03 AC 06 1A AD 64 00 10 68 79 4A 00 00 00 1E 03 AC 06 1A AE 64 00 34 5B F9 45 00 00 
R03:41:14   00 1E 03 AC 06 1A AF 64 00 4D A0 69 48 00 00 00 1E 03 AC 06 1A B0 64 00 9A D1 CD 45 00 00 00 1E 
R03:41:14   03 AC 06 1A 
S03:41:14   68 04 01 00 04 62 
R03:41:14   68 82 04 62 C8 06 CF 08 25 00 3F 06 B1 64 00 33 73 4C 44 00 00 00 00 00 AC 06 1A B2 64 00 27 8B 
R03:41:14   69 48 00 00 00 00 00 AC 06 1A B3 64 00 98 99 CF 42 00 00 00 00 00 AC 06 1A B4 64 00 66 26 AE 44 
R03:41:14   00 00 00 00 00 AC 06 1A B5 64 00 CB 37 79 4A 00 00 00 00 00 AC 06 1A B6 64 00 34 5B F9 45 00 00 
R03:41:14   00 00 00 AC 06 1A B7 64 00 34 71 69 48 00 00 00 00 00 AC 06 1A B8 64 00 9A D1 CD 45 00 00 00 00 
R03:41:14   00 AC 06 1A 
R03:41:15   68 82 06 62 C8 06 CF 08 25 00 3F 06 B9 64 00 33 73 4C 44 00 7A 6D 25 0B 6F 04 1A BA 64 00 00 A3 
R03:41:15   1E 48 00 7A 6D 25 0B 6F 04 1A BB 64 00 98 99 CF 42 00 7A 6D 25 0B 6F 04 1A BC 64 00 66 26 AE 44 
R03:41:15   00 7A 6D 25 0B 6F 04 1A BD 64 00 7A F6 0A 4A 00 7A 6D 25 0B 6F 04 1A BE 64 00 CC 0C BB 44 00 7A 
R03:41:15   6D 25 0B 6F 04 1A BF 64 00 0D 89 1E 48 00 7A 6D 25 0B 6F 04 1A C0 64 00 67 66 CE 42 00 7A 6D 25 
R03:41:15   0B 6F 04 1A 
R03:41:15   68 0E 08 62 C8 06 65 01 0A 00 3F 06 00 00 00 05 
S03:41:15   68 14 C8 06 0A 62 67 01 06 00 3F 06 00 00 00 E1 3C 29 03 AC 06 1A 
R03:41:16   68 14 0A 62 CA 06 67 01 07 00 3F 06 00 00 00 E1 3C 29 03 AC 06 1A 
S03:41:25   68 04 01 00 0C 62 
S03:41:41   68 04 43 00 00 00 
R03:41:41   68 04 83 00 00 00 
S03:41:57   68 04 43 00 00 00 
R03:41:57   68 04 83 00 00 00 
S03:42:13   68 04 43 00 00 00 
R03:42:13   68 04 83 00 00 00 
S03:42:29   68 04 43 00 00 00 
R03:42:29   68 04 83 00 00 00 
S03:42:45   68 04 43 00 00 00 
R03:42:45   68 04 83 00 00 00 
S03:43:01   68 04 43 00 00 00 
R03:43:01   68 04 83 00 00 00 
S03:43:17   68 04 43 00 00 00 
R03:43:17   68 04 83 00 00 00 
S03:43:33   68 04 43 00 00 00 
R03:43:33   68 04 83 00 00 00 
S03:43:49   68 04 43 00 00 00 
R03:43:51   68 04 83 00 00 00 
S03:44:07   68 04 43 00 00 00 
R03:44:07   68 04 83 00 00 00 
S03:44:23   68 04 43 00 00 00 
R03:44:23   68 04 83 00 00 00 
S03:44:39   68 04 43 00 00 00 
R03:44:39   68 04 83 00 00 00 
S03:44:55   68 04 43 00 00 00 
R03:44:55   68 04 83 00 00 00 
S03:45:11   68 04 43 00 00 00 
R03:45:11   68 04 83 00 00 00 
S03:45:27   68 04 43 00 00 00 
R03:45:27   68 04 83 00 00 00 
S03:45:43   68 04 43 00 00 00 
R03:45:43   68 04 83 00 00 00 
S03:45:59   68 04 43 00 00 00 
R03:45:59   68 04 83 00 00 00 
S03:46:15   68 04 43 00 00 00 
R03:46:15   68 04 83 00 00 00 
S03:46:31   68 04 43 00 00 00 
R03:46:31   68 04 83 00 00 00 
S03:46:47   68 04 43 00 00 00 
R03:46:47   68 04 83 00 00 00 
S03:47:03   68 04 43 00 00 00 
R03:47:03   68 04 83 00 00 00 
S03:47:19   68 04 43 00 00 00 
R03:47:20   68 04 83 00 00 00 
S03:47:36   68 04 43 00 00 00 
R03:47:36   68 04 83 00 00 00 
S03:47:52   68 04 43 00 00 00 
R03:47:52   68 04 83 00 00 00 
S03:48:08   68 04 43 00 00 00 
R03:48:09   68 04 83 00 00 00 
S03:48:25   68 04 43 00 00 00 
R03:48:25   68 04 83 00 00 00 
S03:48:41   68 04 43 00 00 00 
R03:48:42   68 04 83 00 00 00 
S03:48:58   68 04 43 00 00 00 
R03:48:59   68 04 83 00 00 00 
S03:49:15   68 04 43 00 00 00 
R03:49:16   68 04 83 00 00 00 
S03:49:32   68 04 43 00 00 00 
R03:49:33   68 04 83 00 00 00 
S03:49:49   68 04 43 00 00 00 
R03:49:50   68 04 83 00 00 00 
S03:50:06   68 04 43 00 00 00 
R03:50:07   68 04 83 00 00 00 
S03:50:23   68 04 43 00 00 00 
R03:50:24   68 04 83 00 00 00 
S03:50:40   68 04 43 00 00 00 
R03:50:41   68 04 83 00 00 00 
S03:50:57   68 04 43 00 00 00 
R03:50:58   68 04 83 00 00 00 
S03:51:14   68 04 43 00 00 00 
R03:51:15   68 04 83 00 00 00 
S03:51:31   68 04 43 00 00 00 
R03:51:32   68 04 83 00 00 00 
S03:51:48   68 04 43 00 00 00 
R03:51:48   68 04 83 00 00 00 
S03:52:04   68 04 43 00 00 00 
R03:52:04   68 04 83 00 00 00 
S03:52:20   68 04 43 00 00 00 
R03:52:20   68 04 83 00 00 00 
S03:52:36   68 04 43 00 00 00 
R03:52:36   68 04 83 00 00 00 
S03:52:52   68 04 43 00 00 00 
R03:52:52   68 04 83 00 00 00 
S03:53:08   68 04 43 00 00 00 
R03:53:08   68 04 83 00 00 00 
S03:53:24   68 04 43 00 00 00 
R03:53:24   68 04 83 00 00 00 
S03:53:40   68 04 43 00 00 00 
R03:53:40   68 04 83 00 00 00 
S03:53:56   68 04 43 00 00 00 
R03:53:56   68 04 83 00 00 00 
S03:54:12   68 04 43 00 00 00 
R03:54:12   68 04 83 00 00 00 
S03:54:28   68 04 43 00 00 00 
R03:54:28   68 04 83 00 00 00 
S03:54:44   68 04 43 00 00 00 
R03:54:44   68 04 83 00 00 00 
S03:55:00   68 04 43 00 00 00 
R03:55:00   68 04 83 00 00 00 
S03:55:16   68 04 43 00 00 00 
R03:55:16   68 04 83 00 00 00 
S03:55:32   68 04 43 00 00 00 
R03:55:32   68 04 83 00 00 00 
S03:55:48   68 04 43 00 00 00 
R03:55:50   68 04 83 00 00 00 
S03:55:59   68 0E CA 06 0C 62 64 01 06 00 3F 06 00 00 00 14 
R03:55:59   68 0E 0C 62 CC 06 64 01 07 00 3F 06 00 00 00 14 
S03:55:59   68 04 01 00 0E 62 
R03:56:00   68 E6 0E 62 CC 06 01 37 14 00 3F 06 01 00 00 00 02 00 00 00 03 00 00 00 04 00 00 00 05 00 00 00 
R03:56:00   06 00 00 00 07 00 00 01 08 00 00 00 09 00 00 00 0A 00 00 00 0B 00 00 00 0C 00 00 00 0D 00 00 00 
R03:56:00   0E 00 00 00 0F 00 00 00 10 00 00 00 11 00 00 00 12 00 00 00 13 00 00 00 14 00 00 00 15 00 00 00 
R03:56:00   16 00 00 00 17 00 00 00 18 00 00 00 19 00 00 00 1A 00 00 01 1B 00 00 01 1C 00 00 00 1D 00 00 01 
R03:56:00   1E 00 00 01 1F 00 00 01 20 00 00 00 21 00 00 00 22 00 00 00 23 00 00 00 24 00 00 00 25 00 00 00 
R03:56:00   26 00 00 00 27 00 00 00 28 00 00 00 29 00 00 01 2A 00 00 00 2B 00 00 00 2C 00 00 00 2D 00 00 00 
R03:56:00   2E 00 00 00 2F 00 00 00 30 00 00 00 31 00 00 00 32 00 00 00 33 00 00 00 34 00 00 00 35 00 00 00 
R03:56:00   36 00 00 00 37 00 00 00 
R03:56:00   68 D2 10 62 CC 06 01 32 14 00 3F 06 38 00 00 00 39 00 00 00 3A 00 00 00 3B 00 00 01 3C 00 00 00 
R03:56:00   3D 00 00 00 3E 00 00 01 3F 00 00 01 40 00 00 00 41 00 00 00 42 00 00 01 43 00 00 00 44 00 00 00 
R03:56:00   45 00 00 00 46 00 00 00 47 00 00 00 48 00 00 00 49 00 00 00 4A 00 00 01 4B 00 00 00 4C 00 00 00 
R03:56:00   4D 00 00 00 4E 00 00 00 4F 00 00 00 50 00 00 00 51 00 00 00 52 00 00 00 53 00 00 00 54 00 00 00 
R03:56:00   55 00 00 00 56 00 00 00 57 00 00 00 58 00 00 00 59 00 00 00 5A 00 00 00 5B 00 00 00 5C 00 00 01 
R03:56:00   5D 00 00 00 5E 00 00 00 5F 00 00 01 60 00 00 01 61 00 00 00 62 00 00 00 63 00 00 01 64 00 00 00 
R03:56:00   65 00 00 00 66 00 00 00 67 00 00 00 68 00 00 00 69 00 00 00 
R03:56:00   68 E6 12 62 CC 06 01 37 14 00 3F 06 69 00 00 00 6A 00 00 01 6B 00 00 00 6C 00 00 00 6D 00 00 00 
R03:56:00   6E 00 00 00 6F 00 00 00 70 00 00 00 71 00 00 00 72 00 00 00 73 00 00 00 74 00 00 00 75 00 00 00 
R03:56:00   76 00 00 00 77 00 00 00 78 00 00 00 79 00 00 00 7A 00 00 00 7B 00 00 00 7C 00 00 00 7D 00 00 01 
R03:56:00   7E 00 00 01 7F 00 00 00 80 00 00 01 81 00 00 01 82 00 00 01 83 00 00 00 84 00 00 00 85 00 00 00 
R03:56:00   86 00 00 00 87 00 00 00 88 00 00 00 89 00 00 00 8A 00 00 00 8B 00 00 01 8C 00 00 00 8D 00 00 00 
R03:56:00   8E 00 00 00 8F 00 00 00 90 00 00 00 91 00 00 00 92 00 00 00 93 00 00 00 94 00 00 00 95 00 00 00 
R03:56:00   96 00 00 00 97 00 00 00 98 00 00 00 99 00 00 00 9A 00 00 00 9B 00 00 00 9C 00 00 00 9D 00 00 00 
R03:56:00   9E 00 00 01 9F 00 00 00 
S03:56:00   68 04 01 00 14 62 
R03:56:01   68 A6 14 62 CC 06 01 27 14 00 3F 06 A0 00 00 00 A1 00 00 01 A2 00 00 01 A3 00 00 01 A4 00 00 00 
R03:56:01   A5 00 00 00 A6 00 00 00 A7 00 00 00 A8 00 00 00 A9 00 00 00 AA 00 00 00 AB 00 00 00 AC 00 00 01 
R03:56:01   AD 00 00 00 AE 00 00 00 AF 00 00 00 B0 00 00 00 B1 00 00 00 B2 00 00 00 B3 00 00 00 B4 00 00 00 
R03:56:01   B5 00 00 00 B6 00 00 00 B7 00 00 00 B8 00 00 00 B9 00 00 00 BA 00 00 00 BB 00 00 00 BC 00 00 00 
R03:56:01   BD 00 00 00 BE 00 00 00 BF 00 00 01 C0 00 00 00 C1 00 00 00 C2 00 00 01 C3 00 00 01 C4 00 00 01 
R03:56:01   C5 00 00 00 C6 00 00 00 
R03:56:01   68 EA 16 62 CC 06 0D 1C 14 00 3F 06 01 40 00 00 00 66 43 00 02 40 00 71 3D 55 42 00 03 40 00 0A 
R03:56:01   D7 27 41 00 04 40 00 00 00 00 00 00 05 40 00 BA 49 28 41 00 06 40 00 00 00 00 00 00 07 40 00 1D 
R03:56:01   DA 47 42 00 08 40 00 00 00 00 00 00 09 40 00 00 00 00 00 00 0A 40 00 00 00 00 00 00 0B 40 00 00 
R03:56:01   00 00 00 00 0C 40 00 00 00 00 00 00 0D 40 00 00 00 00 00 00 0E 40 00 00 00 00 00 00 0F 40 00 00 
R03:56:01   00 00 00 00 10 40 00 00 00 00 00 00 11 40 00 00 00 00 00 00 12 40 00 00 00 00 00 00 13 40 00 00 
R03:56:01   00 00 00 00 14 40 00 00 00 00 00 00 15 40 00 00 00 00 00 00 16 40 00 00 00 00 00 00 17 40 00 00 
R03:56:01   00 00 00 00 18 40 00 00 00 00 00 00 19 40 00 00 00 00 00 00 1A 40 00 00 00 00 00 00 1B 40 00 00 
R03:56:01   00 00 00 00 1C 40 00 00 00 00 00 00 
R03:56:02   68 6A 18 62 CC 06 0D 0C 14 00 3F 06 1D 40 00 00 00 00 00 00 1E 40 00 00 00 00 00 00 1F 40 00 00 
R03:56:02   00 00 00 00 20 40 00 00 00 00 00 00 21 40 00 00 00 00 00 00 22 40 00 00 00 00 00 00 23 40 00 00 
R03:56:02   00 00 00 00 24 40 00 00 00 00 00 00 25 40 00 00 00 00 00 00 26 40 00 00 00 00 00 00 27 40 00 00 
R03:56:02   00 00 00 00 28 40 00 00 00 00 00 00 
R03:56:02   68 EA 1A 62 CC 06 0D 1C 14 00 3F 06 29 40 00 00 00 00 00 00 2A 40 00 00 00 00 00 00 2B 40 00 00 
R03:56:02   00 00 00 00 2C 40 00 00 00 00 00 00 2D 40 00 00 00 00 00 00 2E 40 00 00 00 00 00 00 2F 40 00 00 
R03:56:02   00 00 00 00 30 40 00 00 00 00 00 00 31 40 00 00 00 00 00 00 32 40 00 00 00 00 00 00 33 40 00 00 
R03:56:02   00 00 00 00 34 40 00 00 00 00 00 00 35 40 00 00 00 00 00 00 36 40 00 00 00 00 00 00 37 40 00 00 
R03:56:02   00 00 00 00 38 40 00 00 00 00 00 00 39 40 00 E9 26 D9 41 00 3A 40 00 98 6E D2 41 00 3B 40 00 BF 
R03:56:02   9F D2 41 00 3C 40 00 00 00 00 00 00 3D 40 00 F6 A8 F0 43 00 3E 40 00 48 E1 DA C0 00 3F 40 00 77 
R03:56:02   BE 7F 3F 00 40 40 00 00 00 00 00 00 41 40 00 00 00 00 00 00 42 40 00 00 00 00 00 00 43 40 00 00 
R03:56:02   00 00 00 00 44 40 00 DB F9 E6 41 00 
S03:56:02   68 04 01 00 1C 62 
R03:56:03   68 3A 1C 62 CC 06 0D 06 14 00 3F 06 45 40 00 46 B6 E3 41 00 46 40 00 98 6E EA 41 00 47 40 00 00 
R03:56:03   00 00 00 00 48 40 00 8F 02 03 C4 00 49 40 00 52 B8 DE 40 00 4A 40 00 77 BE 7F BF 00 
R03:56:03   68 0E 1E 62 CC 06 64 01 0A 00 3F 06 00 00 00 14 
S03:56:03   68 0E CC 06 20 62 65 01 06 00 3F 06 00 00 00 05 
R03:56:04   68 0E 20 62 CE 06 65 01 07 00 3F 06 00 00 00 05 
R03:56:04   68 4A 22 62 CE 06 CE 08 25 00 3F 06 01 64 00 90 06 1C 49 00 02 64 00 66 66 03 44 00 03 64 00 67 
R03:56:04   66 FE 43 00 04 64 00 B4 A0 F4 47 00 05 64 00 00 00 AE 42 00 06 64 00 33 C3 F4 47 00 07 64 00 66 
R03:56:04   66 86 41 00 08 64 00 00 00 8A 42 00 
R03:56:05   68 82 24 62 CE 06 CF 08 25 00 3F 06 09 64 00 60 06 1C 49 00 00 00 2D 03 AC 06 1A 0A 64 00 66 66 
R03:56:05   03 44 00 00 00 2D 03 AC 06 1A 0B 64 00 67 66 FE 43 00 00 00 2D 03 AC 06 1A 0C 64 00 68 A0 F4 47 
R03:56:05   00 00 00 2D 03 AC 06 1A 0D 64 00 00 00 AE 42 00 00 00 2D 03 AC 06 1A 0E 64 00 E7 C2 F4 47 00 00 
R03:56:05   00 2D 03 AC 06 1A 0F 64 00 66 66 86 41 00 00 00 2D 03 AC 06 1A 10 64 00 00 00 8A 42 00 00 00 2D 
R03:56:05   03 AC 06 1A 
R03:56:05   68 82 26 62 CE 06 CF 08 25 00 3F 06 11 64 00 39 D0 1B 49 00 00 00 00 00 AC 06 1A 12 64 00 66 66 
R03:56:05   03 44 00 00 00 00 00 AC 06 1A 13 64 00 67 66 FE 43 00 00 00 00 00 AC 06 1A 14 64 00 66 55 F4 47 
R03:56:05   00 00 00 00 00 AC 06 1A 15 64 00 00 00 AE 42 00 00 00 00 00 AC 06 1A 16 64 00 E7 77 F4 47 00 00 
R03:56:05   00 00 00 AC 06 1A 17 64 00 66 66 86 41 00 00 00 00 00 AC 06 1A 18 64 00 00 00 8A 42 00 00 00 00 
R03:56:05   00 AC 06 1A 
S03:56:05   68 04 01 00 28 62 
R03:56:06   68 82 28 62 CE 06 CF 08 25 00 3F 06 19 64 00 00 00 00 00 00 00 00 00 00 AC 06 1A 1A 64 00 00 00 
R03:56:06   00 00 00 00 00 00 00 AC 06 1A 1B 64 00 00 00 00 00 00 00 00 00 00 AC 06 1A 1C 64 00 00 00 00 00 
R03:56:06   00 00 00 00 00 AC 06 1A 1D 64 00 00 00 00 00 00 00 00 00 00 AC 06 1A 1E 64 00 00 00 00 00 00 00 
R03:56:06   00 00 00 AC 06 1A 1F 64 00 00 00 00 00 00 00 00 00 00 AC 06 1A 20 64 00 00 00 00 00 00 00 00 00 
R03:56:06   00 AC 06 1A 
R03:56:06   68 4A 2A 62 CE 06 CE 08 25 00 3F 06 21 64 00 CC CC 41 43 00 22 64 00 34 33 0B 43 00 23 64 00 66 
R03:56:06   66 AA 42 00 24 64 00 CD CC EE 42 00 25 64 00 CD CC C4 42 00 26 64 00 CC CC 29 43 00 27 64 00 FF 
R03:56:06   FF 57 42 00 28 64 00 99 99 49 42 00 
R03:56:06   68 82 2C 62 CE 06 CF 08 25 00 3F 06 29 64 00 CC CC 41 43 00 00 00 2D 03 AC 06 1A 2A 64 00 34 33 
R03:56:06   0B 43 00 00 00 2D 03 AC 06 1A 2B 64 00 66 66 AA 42 00 00 00 2D 03 AC 06 1A 2C 64 00 CD CC EE 42 
R03:56:06   00 00 00 2D 03 AC 06 1A 2D 64 00 CD CC C4 42 00 00 00 2D 03 AC 06 1A 2E 64 00 CC CC 29 43 00 00 
R03:56:06   00 2D 03 AC 06 1A 2F 64 00 FF FF 57 42 00 00 00 2D 03 AC 06 1A 30 64 00 99 99 49 42 00 00 00 2D 
R03:56:06   03 AC 06 1A 
S03:56:06   68 04 01 00 2E 62 
R03:56:07   68 82 2E 62 CE 06 CF 08 25 00 3F 06 31 64 00 CC CC 41 43 00 00 00 00 00 AC 06 1A 32 64 00 34 33 
R03:56:07   0B 43 00 00 00 00 00 AC 06 1A 33 64 00 66 66 AA 42 00 00 00 00 00 AC 06 1A 34 64 00 CD CC EE 42 
R03:56:07   00 00 00 00 00 AC 06 1A 35 64 00 CD CC C4 42 00 00 00 00 00 AC 06 1A 36 64 00 CC CC 29 43 00 00 
R03:56:07   00 00 00 AC 06 1A 37 64 00 FF FF 57 42 00 00 00 00 00 AC 06 1A 38 64 00 99 99 49 42 00 00 00 00 
R03:56:07   00 AC 06 1A 
R03:56:07   68 82 30 62 CE 06 CF 08 25 00 3F 06 39 64 00 00 00 00 00 00 00 00 00 00 AC 06 1A 3A 64 00 00 00 
R03:56:07   00 00 00 00 00 00 00 AC 06 1A 3B 64 00 00 00 00 00 00 00 00 00 00 AC 06 1A 3C 64 00 00 00 00 00 
R03:56:07   00 00 00 00 00 AC 06 1A 3D 64 00 00 00 00 00 00 00 00 00 00 AC 06 1A 3E 64 00 00 00 00 00 00 00 
R03:56:07   00 00 00 AC 06 1A 3F 64 00 00 00 00 00 00 00 00 00 00 AC 06 1A 40 64 00 00 00 00 00 00 00 00 00 
R03:56:07   00 AC 06 1A 
R03:56:08   68 4A 32 62 CE 06 CE 08 25 00 3F 06 41 64 00 CC CC 5F 43 00 42 64 00 33 33 47 43 00 43 64 00 9A 
R03:56:08   99 22 43 00 44 64 00 CC CC 74 42 00 45 64 00 00 00 A8 42 00 46 64 00 00 00 F6 42 00 47 64 00 66 
R03:56:08   66 12 42 00 48 64 00 34 33 77 42 00 
S03:56:08   68 04 01 00 34 62 
R03:56:08   68 82 34 62 CE 06 CF 08 25 00 3F 06 49 64 00 CC CC 5F 43 00 00 00 2D 03 AC 06 1A 4A 64 00 33 33 
R03:56:08   47 43 00 00 00 2D 03 AC 06 1A 4B 64 00 9A 99 22 43 00 00 00 2D 03 AC 06 1A 4C 64 00 CC CC 74 42 
R03:56:08   00 00 00 2D 03 AC 06 1A 4D 64 00 00 00 A8 42 00 00 00 2D 03 AC 06 1A 4E 64 00 00 00 F6 42 00 00 
R03:56:08   00 2D 03 AC 06 1A 4F 64 00 66 66 12 42 00 00 00 2D 03 AC 06 1A 50 64 00 34 33 77 42 00 00 00 2D 
R03:56:08   03 AC 06 1A 
R03:56:09   68 82 36 62 CE 06 CF 08 25 00 3F 06 51 64 00 CC CC 5F 43 00 00 00 00 00 AC 06 1A 52 64 00 33 33 
R03:56:09   47 43 00 00 00 00 00 AC 06 1A 53 64 00 9A 99 22 43 00 00 00 00 00 AC 06 1A 54 64 00 CC CC 74 42 
R03:56:09   00 00 00 00 00 AC 06 1A 55 64 00 00 00 A8 42 00 00 00 00 00 AC 06 1A 56 64 00 00 00 F6 42 00 00 
R03:56:09   00 00 00 AC 06 1A 57 64 00 66 66 12 42 00 00 00 00 00 AC 06 1A 58 64 00 34 33 77 42 00 00 00 00 
R03:56:09   00 AC 06 1A 
R03:56:09   68 82 38 62 CE 06 CF 08 25 00 3F 06 59 64 00 00 00 00 00 00 00 00 00 00 AC 06 1A 5A 64 00 00 00 
R03:56:09   00 00 00 00 00 00 00 AC 06 1A 5B 64 00 00 00 00 00 00 00 00 00 00 AC 06 1A 5C 64 00 00 00 00 00 
R03:56:09   00 00 00 00 00 AC 06 1A 5D 64 00 00 00 00 00 00 00 00 00 00 AC 06 1A 5E 64 00 00 00 00 00 00 00 
R03:56:09   00 00 00 AC 06 1A 5F 64 00 00 00 00 00 00 00 00 00 00 AC 06 1A 60 64 00 00 00 00 00 00 00 00 00 
R03:56:09   00 AC 06 1A 
S03:56:09   68 04 01 00 3A 62 
R03:56:16   68 4A 3A 62 CE 06 CE 08 25 00 3F 06 61 64 00 F3 B7 0B 48 00 62 64 00 66 66 18 43 00 63 64 00 99 
R03:56:16   99 C9 42 00 64 64 00 33 D7 6F 46 00 65 64 00 34 33 8B 42 00 66 64 00 67 9E 70 46 00 67 64 00 67 
R03:56:16   66 4E 42 00 68 64 00 33 33 47 42 00 
R03:56:16   68 82 3C 62 CE 06 CF 08 25 00 3F 06 69 64 00 E6 B6 0B 48 00 00 00 2D 03 AC 06 1A 6A 64 00 66 66 
R03:56:16   18 43 00 00 00 2D 03 AC 06 1A 6B 64 00 99 99 C9 42 00 00 00 2D 03 AC 06 1A 6C 64 00 CC D4 6F 46 
R03:56:16   00 00 00 2D 03 AC 06 1A 6D 64 00 34 33 8B 42 00 00 00 2D 03 AC 06 1A 6E 64 00 00 9C 70 46 00 00 
R03:56:16   00 2D 03 AC 06 1A 6F 64 00 67 66 4E 42 00 00 00 2D 03 AC 06 1A 70 64 00 33 33 47 42 00 00 00 2D 
R03:56:16   03 AC 06 1A 
R03:56:16   68 82 3E 62 CE 06 CF 08 25 00 3F 06 71 64 00 8C 9A 0B 48 00 00 00 00 00 AC 06 1A 72 64 00 66 66 
R03:56:16   18 43 00 00 00 00 00 AC 06 1A 73 64 00 99 99 C9 42 00 00 00 00 00 AC 06 1A 74 64 00 00 A0 6F 46 
R03:56:16   00 00 00 00 00 AC 06 1A 75 64 00 34 33 8B 42 00 00 00 00 00 AC 06 1A 76 64 00 34 67 70 46 00 00 
R03:56:16   00 00 00 AC 06 1A 77 64 00 67 66 4E 42 00 00 00 00 00 AC 06 1A 78 64 00 33 33 47 42 00 00 00 00 
R03:56:16   00 AC 06 1A 
R03:56:16   68 82 40 62 CE 06 CF 08 25 00 3F 06 79 64 00 FF 44 DE 47 00 3A AE 25 0D F1 05 1A 7A 64 00 66 66 
R03:56:16   18 43 00 3A AE 25 0D F1 05 1A 7B 64 00 99 99 C9 42 00 3A AE 25 0D F1 05 1A 7C 64 00 67 46 50 46 
R03:56:16   00 3A AE 25 0D F1 05 1A 7D 64 00 34 33 8B 42 00 3A AE 25 0D F1 05 1A 7E 64 00 33 0B 51 46 00 3A 
R03:56:16   AE 25 0D F1 05 1A 7F 64 00 67 66 4E 42 00 3A AE 25 0D F1 05 1A 80 64 00 CD CC 44 42 00 3A AE 25 
R03:56:16   0D F1 05 1A 
R03:56:16   68 4A 42 62 CE 06 CE 08 25 00 3F 06 81 64 00 B5 90 48 4A 00 82 64 00 CC 6C 38 46 00 83 64 00 9A 
R03:56:16   31 2A 46 00 84 64 00 B4 59 F0 47 00 85 64 00 CC 4C 8A 43 00 86 64 00 00 8D F0 47 00 87 64 00 34 
R03:56:16   B3 63 44 00 88 64 00 34 33 CD 42 00 
R03:56:16   68 82 44 62 CE 06 CF 08 25 00 3F 06 89 64 00 77 8F 48 4A 00 00 00 2D 03 AC 06 1A 8A 64 00 CC 6C 
R03:56:16   38 46 00 00 00 2D 03 AC 06 1A 8B 64 00 9A 31 2A 46 00 00 00 2D 03 AC 06 1A 8C 64 00 CD 58 F0 47 
R03:56:16   00 00 00 2D 03 AC 06 1A 8D 64 00 CC 4C 8A 43 00 00 00 2D 03 AC 06 1A 8E 64 00 19 8C F0 47 00 00 
R03:56:16   00 2D 03 AC 06 1A 8F 64 00 34 B3 63 44 00 00 00 2D 03 AC 06 1A 90 64 00 34 33 CD 42 00 00 00 2D 
R03:56:16   03 AC 06 1A 
R03:56:16   68 82 46 62 CE 06 CF 08 25 00 3F 06 91 64 00 AE 6C 48 4A 00 00 00 00 00 AC 06 1A 92 64 00 CC 6C 
R03:56:16   38 46 00 00 00 00 00 AC 06 1A 93 64 00 9A 31 2A 46 00 00 00 00 00 AC 06 1A 94 64 00 B3 3E F0 47 
R03:56:16   00 00 00 00 00 AC 06 1A 95 64 00 CC 4C 8A 43 00 00 00 00 00 AC 06 1A 96 64 00 00 72 F0 47 00 00 
R03:56:16   00 00 00 AC 06 1A 97 64 00 34 B3 63 44 00 00 00 00 00 AC 06 1A 98 64 00 34 33 CD 42 00 00 00 00 
R03:56:16   00 AC 06 1A 
R03:56:16   68 82 48 62 CE 06 CF 08 25 00 3F 06 99 64 00 2B C0 DB 49 00 BB 6F 25 0B 6F 04 1A 9A 64 00 00 00 
R03:56:16   99 44 00 BB 6F 25 0B 6F 04 1A 9B 64 00 9A 99 9C 43 00 BB 6F 25 0B 6F 04 1A 9C 64 00 CC 8A AC 47 
R03:56:16   00 BB 6F 25 0B 6F 04 1A 9D 64 00 66 66 89 43 00 BB 6F 25 0B 6F 04 1A 9E 64 00 19 BE AC 47 00 BB 
R03:56:16   6F 25 0B 6F 04 1A 9F 64 00 34 B3 63 44 00 BB 6F 25 0B 6F 04 1A A0 64 00 34 33 CD 42 00 BB 6F 25 
R03:56:16   0B 6F 04 1A 
R03:56:16   68 4A 4A 62 CE 06 CE 08 25 00 3F 06 A1 64 00 33 73 4C 44 00 A2 64 00 59 BC 69 48 00 A3 64 00 98 
R03:56:16   99 CF 42 00 A4 64 00 66 26 AE 44 00 A5 64 00 88 6B 79 4A 00 A6 64 00 34 5B F9 45 00 A7 64 00 66 
R03:56:16   A2 69 48 00 A8 64 00 9A D1 CD 45 00 
R03:56:16   68 82 4C 62 CE 06 CF 08 25 00 3F 06 A9 64 00 33 73 4C 44 00 00 00 2D 03 AC 06 1A AA 64 00 E7 BB 
R03:56:16   69 48 00 00 00 2D 03 AC 06 1A AB 64 00 98 99 CF 42 00 00 00 2D 03 AC 06 1A AC 64 00 66 26 AE 44 
R03:56:16   00 00 00 2D 03 AC 06 1A AD 64 00 27 6A 79 4A 00 00 00 2D 03 AC 06 1A AE 64 00 34 5B F9 45 00 00 
R03:56:16   00 2D 03 AC 06 1A AF 64 00 F4 A1 69 48 00 00 00 2D 03 AC 06 1A B0 64 00 9A D1 CD 45 00 00 00 2D 
R03:56:16   03 AC 06 1A 
R03:56:16   68 82 4E 62 CE 06 CF 08 25 00 3F 06 B1 64 00 33 73 4C 44 00 00 00 00 00 AC 06 1A B2 64 00 27 8B 
R03:56:16   69 48 00 00 00 00 00 AC 06 1A B3 64 00 98 99 CF 42 00 00 00 00 00 AC 06 1A B4 64 00 66 26 AE 44 
R03:56:16   00 00 00 00 00 AC 06 1A B5 64 00 CB 37 79 4A 00 00 00 00 00 AC 06 1A B6 64 00 34 5B F9 45 00 00 
R03:56:16   00 00 00 AC 06 1A B7 64 00 34 71 69 48 00 00 00 00 00 AC 06 1A B8 64 00 9A D1 CD 45 00 00 00 00 
R03:56:16   00 AC 06 1A 
R03:56:16   68 82 50 62 CE 06 CF 08 25 00 3F 06 B9 64 00 33 73 4C 44 00 7A 6D 25 0B 6F 04 1A BA 64 00 00 A3 
R03:56:16   1E 48 00 7A 6D 25 0B 6F 04 1A BB 64 00 98 99 CF 42 00 7A 6D 25 0B 6F 04 1A BC 64 00 66 26 AE 44 
R03:56:16   00 7A 6D 25 0B 6F 04 1A BD 64 00 7A F6 0A 4A 00 7A 6D 25 0B 6F 04 1A BE 64 00 CC 0C BB 44 00 7A 
R03:56:16   6D 25 0B 6F 04 1A BF 64 00 0D 89 1E 48 00 7A 6D 25 0B 6F 04 1A C0 64 00 67 66 CE 42 00 7A 6D 25 
R03:56:16   0B 6F 04 1A 
R03:56:16   68 0E 52 62 CE 06 65 01 0A 00 3F 06 00 00 00 05 
S03:56:17   68 14 CE 06 54 62 67 01 06 00 3F 06 00 00 00 33 43 38 03 AC 06 1A 
R03:56:17   68 14 54 62 D0 06 67 01 07 00 3F 06 00 00 00 33 43 38 03 AC 06 1A 
S03:56:20   68 04 01 00 56 62 
S03:56:36   68 04 43 00 00 00 
R03:56:36   68 04 83 00 00 00 
S03:56:52   68 04 43 00 00 00 
R03:56:52   68 04 83 00 00 00 
S03:57:08   68 04 43 00 00 00 
R03:57:08   68 04 83 00 00 00 
S03:57:24   68 04 43 00 00 00 
R03:57:24   68 04 83 00 00 00 
S03:57:40   68 04 43 00 00 00 
R03:57:41   68 04 83 00 00 00 
S03:57:57   68 04 43 00 00 00 
R03:57:57   68 04 83 00 00 00 
S03:58:13   68 04 43 00 00 00 
R03:58:13   68 04 83 00 00 00 
S03:58:29   68 04 43 00 00 00 
R03:58:29   68 04 83 00 00 00 
S03:58:45   68 04 43 00 00 00 
R03:58:45   68 04 83 00 00 00 
S03:59:01   68 04 43 00 00 00 
R03:59:03   68 04 83 00 00 00 
S03:59:19   68 04 43 00 00 00 
R03:59:19   68 04 83 00 00 00 
S03:59:35   68 04 43 00 00 00 
R03:59:35   68 04 83 00 00 00 
S03:59:51   68 04 43 00 00 00 
R03:59:51   68 04 83 00 00 00 
S04:00:07   68 04 43 00 00 00 
R04:00:07   68 04 83 00 00 00 
S04:00:23   68 04 43 00 00 00 
R04:00:23   68 04 83 00 00 00 
S04:00:39   68 04 43 00 00 00 
R04:00:39   68 04 83 00 00 00 
S04:00:55   68 04 43 00 00 00 
R04:00:55   68 04 83 00 00 00 
S04:01:11   68 04 43 00 00 00 
R04:01:11   68 04 83 00 00 00 
S04:01:27   68 04 43 00 00 00 
R04:01:28   68 04 83 00 00 00 
S04:01:44   68 04 43 00 00 00 
R04:01:45   68 04 83 00 00 00 
S04:02:01   68 04 43 00 00 00 
R04:02:02   68 04 83 00 00 00 
S04:02:18   68 04 43 00 00 00 
R04:02:19   68 04 83 00 00 00 
S04:02:35   68 04 43 00 00 00 
R04:02:37   68 04 83 00 00 00 
S04:02:53   68 04 43 00 00 00 
R04:02:54   68 04 83 00 00 00 
S04:03:10   68 04 43 00 00 00 
R04:03:11   68 04 83 00 00 00 
S04:03:27   68 04 43 00 00 00 
R04:03:28   68 04 83 00 00 00 
S04:03:44   68 04 43 00 00 00 
R04:03:45   68 04 83 00 00 00 
S04:04:01   68 04 43 00 00 00 
R04:04:02   68 04 83 00 00 00 
S04:04:18   68 04 43 00 00 00 
R04:04:19   68 04 83 00 00 00 
S04:04:35   68 04 43 00 00 00 
R04:04:36   68 04 83 00 00 00 
S04:04:52   68 04 43 00 00 00 
R04:04:52   68 04 83 00 00 00 
S04:05:08   68 04 43 00 00 00 
R04:05:08   68 04 83 00 00 00 
S04:05:24   68 04 43 00 00 00 
R04:05:24   68 04 83 00 00 00 
S04:05:40   68 04 43 00 00 00 
R04:05:40   68 04 83 00 00 00 
S04:05:56   68 04 43 00 00 00 
R04:05:56   68 04 83 00 00 00 
S04:06:12   68 04 43 00 00 00 
R04:06:12   68 04 83 00 00 00 
S04:06:28   68 04 43 00 00 00 
R04:06:28   68 04 83 00 00 00 
S04:06:44   68 04 43 00 00 00 
R04:06:44   68 04 83 00 00 00 
S04:07:00   68 04 43 00 00 00 
R04:07:00   68 04 83 00 00 00 
S04:07:16   68 04 43 00 00 00 
R04:07:16   68 04 83 00 00 00 
S04:07:32   68 04 43 00 00 00 
R04:07:32   68 04 83 00 00 00 
S04:07:48   68 04 43 00 00 00 
R04:07:48   68 04 83 00 00 00 
S04:08:04   68 04 43 00 00 00 
R04:08:04   68 04 83 00 00 00 
S04:08:20   68 04 43 00 00 00 
R04:08:20   68 04 83 00 00 00 
S04:08:36   68 04 43 00 00 00 
R04:08:36   68 04 83 00 00 00 
S04:08:52   68 04 43 00 00 00 
R04:08:52   68 04 83 00 00 00 
S04:09:08   68 04 43 00 00 00 
R04:09:08   68 04 83 00 00 00 
S04:09:24   68 04 43 00 00 00 
R04:09:24   68 04 83 00 00 00 
S04:09:40   68 04 43 00 00 00 
R04:09:40   68 04 83 00 00 00 
S04:09:56   68 04 43 00 00 00 
R04:09:56   68 04 83 00 00 00 
S04:10:12   68 04 43 00 00 00 
R04:10:12   68 04 83 00 00 00 
S04:10:28   68 04 43 00 00 00 
R04:10:28   68 04 83 00 00 00 
S04:10:44   68 04 43 00 00 00 
R04:10:44   68 04 83 00 00 00 
S04:10:59   68 0E D0 06 56 62 64 01 06 00 3F 06 00 00 00 14 
R04:10:59   68 0E 56 62 D2 06 64 01 07 00 3F 06 00 00 00 14 
S04:10:59   68 04 01 00 58 62 
R04:11:00   68 E6 58 62 D2 06 01 37 14 00 3F 06 01 00 00 00 02 00 00 00 03 00 00 00 04 00 00 00 05 00 00 00 
R04:11:00   06 00 00 00 07 00 00 01 08 00 00 00 09 00 00 00 0A 00 00 00 0B 00 00 00 0C 00 00 00 0D 00 00 00 
R04:11:00   0E 00 00 00 0F 00 00 00 10 00 00 00 11 00 00 00 12 00 00 00 13 00 00 00 14 00 00 00 15 00 00 00 
R04:11:00   16 00 00 00 17 00 00 00 18 00 00 00 19 00 00 00 1A 00 00 01 1B 00 00 01 1C 00 00 00 1D 00 00 01 
R04:11:00   1E 00 00 01 1F 00 00 01 20 00 00 00 21 00 00 00 22 00 00 00 23 00 00 00 24 00 00 00 25 00 00 00 
R04:11:00   26 00 00 00 27 00 00 00 28 00 00 00 29 00 00 01 2A 00 00 00 2B 00 00 00 2C 00 00 00 2D 00 00 00 
R04:11:00   2E 00 00 00 2F 00 00 00 30 00 00 00 31 00 00 00 32 00 00 00 33 00 00 00 34 00 00 00 35 00 00 00 
R04:11:00   36 00 00 00 37 00 00 00 
R04:11:00   68 D2 5A 62 D2 06 01 32 14 00 3F 06 38 00 00 00 39 00 00 00 3A 00 00 00 3B 00 00 01 3C 00 00 00 
R04:11:00   3D 00 00 00 3E 00 00 01 3F 00 00 01 40 00 00 00 41 00 00 00 42 00 00 01 43 00 00 00 44 00 00 00 
R04:11:00   45 00 00 00 46 00 00 00 47 00 00 00 48 00 00 00 49 00 00 00 4A 00 00 01 4B 00 00 00 4C 00 00 00 
R04:11:00   4D 00 00 00 4E 00 00 00 4F 00 00 00 50 00 00 00 51 00 00 00 52 00 00 00 53 00 00 00 54 00 00 00 
R04:11:00   55 00 00 00 56 00 00 00 57 00 00 00 58 00 00 00 59 00 00 00 5A 00 00 00 5B 00 00 00 5C 00 00 01 
R04:11:00   5D 00 00 00 5E 00 00 00 5F 00 00 01 60 00 00 01 61 00 00 00 62 00 00 00 63 00 00 01 64 00 00 00 
R04:11:00   65 00 00 00 66 00 00 00 67 00 00 00 68 00 00 00 69 00 00 00 
R04:11:00   68 E6 5C 62 D2 06 01 37 14 00 3F 06 69 00 00 00 6A 00 00 01 6B 00 00 00 6C 00 00 00 6D 00 00 00 
R04:11:00   6E 00 00 00 6F 00 00 00 70 00 00 00 71 00 00 00 72 00 00 00 73 00 00 00 74 00 00 00 75 00 00 00 
R04:11:00   76 00 00 00 77 00 00 00 78 00 00 00 79 00 00 00 7A 00 00 00 7B 00 00 00 7C 00 00 00 7D 00 00 01 
R04:11:00   7E 00 00 01 7F 00 00 00 80 00 00 01 81 00 00 01 82 00 00 01 83 00 00 00 84 00 00 00 85 00 00 00 
R04:11:00   86 00 00 00 87 00 00 00 88 00 00 00 89 00 00 00 8A 00 00 00 8B 00 00 01 8C 00 00 00 8D 00 00 00 
R04:11:00   8E 00 00 00 8F 00 00 00 90 00 00 00 91 00 00 00 92 00 00 00 93 00 00 00 94 00 00 00 95 00 00 00 
R04:11:00   96 00 00 00 97 00 00 00 98 00 00 00 99 00 00 00 9A 00 00 00 9B 00 00 00 9C 00 00 00 9D 00 00 00 
R04:11:00   9E 00 00 01 9F 00 00 00 
S04:11:00   68 04 01 00 5E 62 
R04:11:01   68 A6 5E 62 D2 06 01 27 14 00 3F 06 A0 00 00 00 A1 00 00 01 A2 00 00 01 A3 00 00 01 A4 00 00 00 
R04:11:01   A5 00 00 00 A6 00 00 00 A7 00 00 00 A8 00 00 00 A9 00 00 00 AA 00 00 00 AB 00 00 00 AC 00 00 01 
R04:11:01   AD 00 00 00 AE 00 00 00 AF 00 00 00 B0 00 00 00 B1 00 00 00 B2 00 00 00 B3 00 00 00 B4 00 00 00 
R04:11:01   B5 00 00 00 B6 00 00 00 B7 00 00 00 B8 00 00 00 B9 00 00 00 BA 00 00 00 BB 00 00 00 BC 00 00 00 
R04:11:01   BD 00 00 00 BE 00 00 00 BF 00 00 01 C0 00 00 00 C1 00 00 00 C2 00 00 01 C3 00 00 01 C4 00 00 01 
R04:11:01   C5 00 00 00 C6 00 00 00 
R04:11:01   68 EA 60 62 D2 06 0D 1C 14 00 3F 06 01 40 00 00 00 66 43 00 02 40 00 33 33 55 42 00 03 40 00 93 
R04:11:01   18 28 41 00 04 40 00 00 00 00 00 00 05 40 00 2B 87 28 41 00 06 40 00 00 00 00 00 00 07 40 00 8D 
R04:11:01   17 48 42 00 08 40 00 00 00 00 00 00 09 40 00 00 00 00 00 00 0A 40 00 00 00 00 00 00 0B 40 00 00 
R04:11:01   00 00 00 00 0C 40 00 00 00 00 00 00 0D 40 00 00 00 00 00 00 0E 40 00 00 00 00 00 00 0F 40 00 00 
R04:11:01   00 00 00 00 10 40 00 00 00 00 00 00 11 40 00 00 00 00 00 00 12 40 00 00 00 00 00 00 13 40 00 00 
R04:11:01   00 00 00 00 14 40 00 00 00 00 00 00 15 40 00 00 00 00 00 00 16 40 00 00 00 00 00 00 17 40 00 00 
R04:11:01   00 00 00 00 18 40 00 00 00 00 00 00 19 40 00 00 00 00 00 00 1A 40 00 00 00 00 00 00 1B 40 00 00 
R04:11:01   00 00 00 00 1C 40 00 00 00 00 00 00 
R04:11:02   68 6A 62 62 D2 06 0D 0C 14 00 3F 06 1D 40 00 00 00 00 00 00 1E 40 00 00 00 00 00 00 1F 40 00 00 
R04:11:02   00 00 00 00 20 40 00 00 00 00 00 00 21 40 00 00 00 00 00 00 22 40 00 00 00 00 00 00 23 40 00 00 
R04:11:02   00 00 00 00 24 40 00 00 00 00 00 00 25 40 00 00 00 00 00 00 26 40 00 00 00 00 00 00 27 40 00 00 
R04:11:02   00 00 00 00 28 40 00 00 00 00 00 00 
R04:11:02   68 EA 64 62 D2 06 0D 1C 14 00 3F 06 29 40 00 00 00 00 00 00 2A 40 00 00 00 00 00 00 2B 40 00 00 
R04:11:02   00 00 00 00 2C 40 00 00 00 00 00 00 2D 40 00 00 00 00 00 00 2E 40 00 00 00 00 00 00 2F 40 00 00 
R04:11:02   00 00 00 00 30 40 00 00 00 00 00 00 31 40 00 00 00 00 00 00 32 40 00 00 00 00 00 00 33 40 00 00 
R04:11:02   00 00 00 00 34 40 00 00 00 00 00 00 35 40 00 00 00 00 00 00 36 40 00 00 00 00 00 00 37 40 00 00 
R04:11:02   00 00 00 00 38 40 00 00 00 00 00 00 39 40 00 AE 47 C5 41 00 3A 40 00 BA 49 CC 41 00 3B 40 00 46 
R04:11:02   B6 CB 41 00 3C 40 00 00 00 00 00 00 3D 40 00 71 3D E4 43 00 3E 40 00 AE 47 51 C1 00 3F 40 00 77 
R04:11:02   BE 7F 3F 00 40 40 00 00 00 00 00 00 41 40 00 00 00 00 00 00 42 40 00 00 00 00 00 00 43 40 00 00 
R04:11:02   00 00 00 00 44 40 00 62 10 F8 41 00 
S04:11:02   68 04 01 00 66 62 
R04:11:03   68 3A 66 62 D2 06 0D 06 14 00 3F 06 45 40 00 1E 5A F8 41 00 46 40 00 48 E1 00 42 00 47 40 00 00 
R04:11:03   00 00 00 00 48 40 00 52 78 0E C4 00 49 40 00 D6 A3 F8 41 00 4A 40 00 EE 7C 7F BF 00 
R04:11:03   68 0E 68 62 D2 06 64 01 0A 00 3F 06 00 00 00 14 
S04:11:03   68 0E D2 06 6A 62 65 01 06 00 3F 06 00 00 00 05 
R04:11:04   68 0E 6A 62 D4 06 65 01 07 00 3F 06 00 00 00 05 
R04:11:05   68 4A 6C 62 D4 06 CE 08 25 00 3F 06 01 64 00 50 07 1C 49 00 02 64 00 66 66 03 44 00 03 64 00 67 
R04:11:05   66 FE 43 00 04 64 00 E7 A1 F4 47 00 05 64 00 00 00 AE 42 00 06 64 00 67 C4 F4 47 00 07 64 00 66 
R04:11:05   66 86 41 00 08 64 00 00 00 8A 42 00 
R04:11:05   68 82 6E 62 D4 06 CF 08 25 00 3F 06 09 64 00 AC 06 1C 49 00 00 00 00 04 AC 06 1A 0A 64 00 66 66 
R04:11:05   03 44 00 00 00 00 04 AC 06 1A 0B 64 00 67 66 FE 43 00 00 00 00 04 AC 06 1A 0C 64 00 B4 A0 F4 47 
R04:11:05   00 00 00 00 04 AC 06 1A 0D 64 00 00 00 AE 42 00 00 00 00 04 AC 06 1A 0E 64 00 33 C3 F4 47 00 00 
R04:11:05   00 00 04 AC 06 1A 0F 64 00 66 66 86 41 00 00 00 00 04 AC 06 1A 10 64 00 00 00 8A 42 00 00 00 00 
R04:11:05   04 AC 06 1A 
R04:11:05   68 82 70 62 D4 06 CF 08 25 00 3F 06 11 64 00 39 D0 1B 49 00 00 00 00 00 AC 06 1A 12 64 00 66 66 
R04:11:05   03 44 00 00 00 00 00 AC 06 1A 13 64 00 67 66 FE 43 00 00 00 00 00 AC 06 1A 14 64 00 66 55 F4 47 
R04:11:05   00 00 00 00 00 AC 06 1A 15 64 00 00 00 AE 42 00 00 00 00 00 AC 06 1A 16 64 00 E7 77 F4 47 00 00 
R04:11:05   00 00 00 AC 06 1A 17 64 00 66 66 86 41 00 00 00 00 00 AC 06 1A 18 64 00 00 00 8A 42 00 00 00 00 
R04:11:05   00 AC 06 1A 
S04:11:05   68 04 01 00 72 62 
R04:11:06   68 82 72 62 D4 06 CF 08 25 00 3F 06 19 64 00 00 00 00 00 00 00 00 00 00 AC 06 1A 1A 64 00 00 00 
R04:11:06   00 00 00 00 00 00 00 AC 06 1A 1B 64 00 00 00 00 00 00 00 00 00 00 AC 06 1A 1C 64 00 00 00 00 00 
R04:11:06   00 00 00 00 00 AC 06 1A 1D 64 00 00 00 00 00 00 00 00 00 00 AC 06 1A 1E 64 00 00 00 00 00 00 00 
R04:11:06   00 00 00 AC 06 1A 1F 64 00 00 00 00 00 00 00 00 00 00 AC 06 1A 20 64 00 00 00 00 00 00 00 00 00 
R04:11:06   00 AC 06 1A 
R04:11:06   68 4A 74 62 D4 06 CE 08 25 00 3F 06 21 64 00 CC CC 41 43 00 22 64 00 34 33 0B 43 00 23 64 00 66 
R04:11:06   66 AA 42 00 24 64 00 CD CC EE 42 00 25 64 00 CD CC C4 42 00 26 64 00 CC CC 29 43 00 27 64 00 FF 
R04:11:06   FF 57 42 00 28 64 00 99 99 49 42 00 
R04:11:06   68 82 76 62 D4 06 CF 08 25 00 3F 06 29 64 00 CC CC 41 43 00 00 00 00 04 AC 06 1A 2A 64 00 34 33 
R04:11:06   0B 43 00 00 00 00 04 AC 06 1A 2B 64 00 66 66 AA 42 00 00 00 00 04 AC 06 1A 2C 64 00 CD CC EE 42 
R04:11:06   00 00 00 00 04 AC 06 1A 2D 64 00 CD CC C4 42 00 00 00 00 04 AC 06 1A 2E 64 00 CC CC 29 43 00 00 
R04:11:06   00 00 04 AC 06 1A 2F 64 00 FF FF 57 42 00 00 00 00 04 AC 06 1A 30 64 00 99 99 49 42 00 00 00 00 
R04:11:06   04 AC 06 1A 
S04:11:06   68 04 01 00 78 62 
R04:11:07   68 82 78 62 D4 06 CF 08 25 00 3F 06 31 64 00 CC CC 41 43 00 00 00 00 00 AC 06 1A 32 64 00 34 33 
R04:11:07   0B 43 00 00 00 00 00 AC 06 1A 33 64 00 66 66 AA 42 00 00 00 00 00 AC 06 1A 34 64 00 CD CC EE 42 
R04:11:07   00 00 00 00 00 AC 06 1A 35 64 00 CD CC C4 42 00 00 00 00 00 AC 06 1A 36 64 00 CC CC 29 43 00 00 
R04:11:07   00 00 00 AC 06 1A 37 64 00 FF FF 57 42 00 00 00 00 00 AC 06 1A 38 64 00 99 99 49 42 00 00 00 00 
R04:11:07   00 AC 06 1A 
R04:11:07   68 82 7A 62 D4 06 CF 08 25 00 3F 06 39 64 00 00 00 00 00 00 00 00 00 00 AC 06 1A 3A 64 00 00 00 
R04:11:07   00 00 00 00 00 00 00 AC 06 1A 3B 64 00 00 00 00 00 00 00 00 00 00 AC 06 1A 3C 64 00 00 00 00 00 
R04:11:07   00 00 00 00 00 AC 06 1A 3D 64 00 00 00 00 00 00 00 00 00 00 AC 06 1A 3E 64 00 00 00 00 00 00 00 
R04:11:07   00 00 00 AC 06 1A 3F 64 00 00 00 00 00 00 00 00 00 00 AC 06 1A 40 64 00 00 00 00 00 00 00 00 00 
R04:11:07   00 AC 06 1A 
R04:11:08   68 4A 7C 62 D4 06 CE 08 25 00 3F 06 41 64 00 CC CC 5F 43 00 42 64 00 33 33 47 43 00 43 64 00 9A 
R04:11:08   99 22 43 00 44 64 00 CC CC 74 42 00 45 64 00 00 00 A8 42 00 46 64 00 00 00 F6 42 00 47 64 00 66 
R04:11:08   66 12 42 00 48 64 00 34 33 77 42 00 
S04:11:08   68 04 01 00 7E 62 
R04:11:08   68 82 7E 62 D4 06 CF 08 25 00 3F 06 49 64 00 CC CC 5F 43 00 00 00 00 04 AC 06 1A 4A 64 00 33 33 
R04:11:08   47 43 00 00 00 00 04 AC 06 1A 4B 64 00 9A 99 22 43 00 00 00 00 04 AC 06 1A 4C 64 00 CC CC 74 42 
R04:11:08   00 00 00 00 04 AC 06 1A 4D 64 00 00 00 A8 42 00 00 00 00 04 AC 06 1A 4E 64 00 00 00 F6 42 00 00 
R04:11:08   00 00 04 AC 06 1A 4F 64 00 66 66 12 42 00 00 00 00 04 AC 06 1A 50 64 00 34 33 77 42 00 00 00 00 
R04:11:08   04 AC 06 1A 
R04:11:09   68 82 80 62 D4 06 CF 08 25 00 3F 06 51 64 00 CC CC 5F 43 00 00 00 00 00 AC 06 1A 52 64 00 33 33 
R04:11:09   47 43 00 00 00 00 00 AC 06 1A 53 64 00 9A 99 22 43 00 00 00 00 00 AC 06 1A 54 64 00 CC CC 74 42 
R04:11:09   00 00 00 00 00 AC 06 1A 55 64 00 00 00 A8 42 00 00 00 00 00 AC 06 1A 56 64 00 00 00 F6 42 00 00 
R04:11:09   00 00 00 AC 06 1A 57 64 00 66 66 12 42 00 00 00 00 00 AC 06 1A 58 64 00 34 33 77 42 00 00 00 00 
R04:11:09   00 AC 06 1A 
R04:11:09   68 82 82 62 D4 06 CF 08 25 00 3F 06 59 64 00 00 00 00 00 00 00 00 00 00 AC 06 1A 5A 64 00 00 00 
R04:11:09   00 00 00 00 00 00 00 AC 06 1A 5B 64 00 00 00 00 00 00 00 00 00 00 AC 06 1A 5C 64 00 00 00 00 00 
R04:11:09   00 00 00 00 00 AC 06 1A 5D 64 00 00 00 00 00 00 00 00 00 00 AC 06 1A 5E 64 00 00 00 00 00 00 00 
R04:11:09   00 00 00 AC 06 1A 5F 64 00 00 00 00 00 00 00 00 00 00 AC 06 1A 60 64 00 00 00 00 00 00 00 00 00 
R04:11:09   00 AC 06 1A 
S04:11:09   68 04 01 00 84 62 
R04:11:09   68 4A 84 62 D4 06 CE 08 25 00 3F 06 61 64 00 73 B9 0B 48 00 62 64 00 66 66 18 43 00 63 64 00 99 
R04:11:09   99 C9 42 00 64 64 00 00 DC 6F 46 00 65 64 00 34 33 8B 42 00 66 64 00 34 A3 70 46 00 67 64 00 67 
R04:11:09   66 4E 42 00 68 64 00 33 33 47 42 00 
R04:11:10   68 82 86 62 D4 06 CF 08 25 00 3F 06 69 64 00 8D B8 0B 48 00 00 00 00 04 AC 06 1A 6A 64 00 66 66 
R04:11:10   18 43 00 00 00 00 04 AC 06 1A 6B 64 00 99 99 C9 42 00 00 00 00 04 AC 06 1A 6C 64 00 99 D9 6F 46 
R04:11:10   00 00 00 00 04 AC 06 1A 6D 64 00 34 33 8B 42 00 00 00 00 04 AC 06 1A 6E 64 00 CD A0 70 46 00 00 
R04:11:10   00 00 04 AC 06 1A 6F 64 00 67 66 4E 42 00 00 00 00 04 AC 06 1A 70 64 00 33 33 47 42 00 00 00 00 
R04:11:10   04 AC 06 1A 
R04:11:11   68 82 88 62 D4 06 CF 08 25 00 3F 06 71 64 00 8C 9A 0B 48 00 00 00 00 00 AC 06 1A 72 64 00 66 66 
R04:11:11   18 43 00 00 00 00 00 AC 06 1A 73 64 00 99 99 C9 42 00 00 00 00 00 AC 06 1A 74 64 00 00 A0 6F 46 
R04:11:11   00 00 00 00 00 AC 06 1A 75 64 00 34 33 8B 42 00 00 00 00 00 AC 06 1A 76 64 00 34 67 70 46 00 00 
R04:11:11   00 00 00 AC 06 1A 77 64 00 67 66 4E 42 00 00 00 00 00 AC 06 1A 78 64 00 33 33 47 42 00 00 00 00 
R04:11:11   00 AC 06 1A 
S04:11:11   68 04 01 00 8A 62 
R04:11:11   68 82 8A 62 D4 06 CF 08 25 00 3F 06 79 64 00 FF 44 DE 47 00 3A AE 25 0D F1 05 1A 7A 64 00 66 66 
R04:11:11   18 43 00 3A AE 25 0D F1 05 1A 7B 64 00 99 99 C9 42 00 3A AE 25 0D F1 05 1A 7C 64 00 67 46 50 46 
R04:11:11   00 3A AE 25 0D F1 05 1A 7D 64 00 34 33 8B 42 00 3A AE 25 0D F1 05 1A 7E 64 00 33 0B 51 46 00 3A 
R04:11:11   AE 25 0D F1 05 1A 7F 64 00 67 66 4E 42 00 3A AE 25 0D F1 05 1A 80 64 00 CD CC 44 42 00 3A AE 25 
R04:11:11   0D F1 05 1A 
R04:11:12   68 4A 8C 62 D4 06 CE 08 25 00 3F 06 81 64 00 96 92 48 4A 00 82 64 00 CC 6C 38 46 00 83 64 00 9A 
R04:11:12   31 2A 46 00 84 64 00 99 5A F0 47 00 85 64 00 CC 4C 8A 43 00 86 64 00 E6 8D F0 47 00 87 64 00 34 
R04:11:12   B3 63 44 00 88 64 00 34 33 CD 42 00 
R04:11:12   68 82 8E 62 D4 06 CF 08 25 00 3F 06 89 64 00 45 91 48 4A 00 00 00 00 04 AC 06 1A 8A 64 00 CC 6C 
R04:11:12   38 46 00 00 00 00 04 AC 06 1A 8B 64 00 9A 31 2A 46 00 00 00 00 04 AC 06 1A 8C 64 00 B4 59 F0 47 
R04:11:12   00 00 00 00 04 AC 06 1A 8D 64 00 CC 4C 8A 43 00 00 00 00 04 AC 06 1A 8E 64 00 00 8D F0 47 00 00 
R04:11:12   00 00 04 AC 06 1A 8F 64 00 34 B3 63 44 00 00 00 00 04 AC 06 1A 90 64 00 34 33 CD 42 00 00 00 00 
R04:11:12   04 AC 06 1A 
S04:11:12   68 04 01 00 90 62 
R04:11:12   68 82 90 62 D4 06 CF 08 25 00 3F 06 91 64 00 AE 6C 48 4A 00 00 00 00 00 AC 06 1A 92 64 00 CC 6C 
R04:11:12   38 46 00 00 00 00 00 AC 06 1A 93 64 00 9A 31 2A 46 00 00 00 00 00 AC 06 1A 94 64 00 B3 3E F0 47 
R04:11:12   00 00 00 00 00 AC 06 1A 95 64 00 CC 4C 8A 43 00 00 00 00 00 AC 06 1A 96 64 00 00 72 F0 47 00 00 
R04:11:12   00 00 00 AC 06 1A 97 64 00 34 B3 63 44 00 00 00 00 00 AC 06 1A 98 64 00 34 33 CD 42 00 00 00 00 
R04:11:12   00 AC 06 1A 
R04:11:13   68 82 92 62 D4 06 CF 08 25 00 3F 06 99 64 00 2B C0 DB 49 00 BB 6F 25 0B 6F 04 1A 9A 64 00 00 00 
R04:11:13   99 44 00 BB 6F 25 0B 6F 04 1A 9B 64 00 9A 99 9C 43 00 BB 6F 25 0B 6F 04 1A 9C 64 00 CC 8A AC 47 
R04:11:13   00 BB 6F 25 0B 6F 04 1A 9D 64 00 66 66 89 43 00 BB 6F 25 0B 6F 04 1A 9E 64 00 19 BE AC 47 00 BB 
R04:11:13   6F 25 0B 6F 04 1A 9F 64 00 34 B3 63 44 00 BB 6F 25 0B 6F 04 1A A0 64 00 34 33 CD 42 00 BB 6F 25 
R04:11:13   0B 6F 04 1A 
R04:11:13   68 4A 94 62 D4 06 CE 08 25 00 3F 06 A1 64 00 33 73 4C 44 00 A2 64 00 67 BD 69 48 00 A3 64 00 98 
R04:11:13   99 CF 42 00 A4 64 00 66 26 AE 44 00 A5 64 00 B3 6D 79 4A 00 A6 64 00 34 5B F9 45 00 A7 64 00 74 
R04:11:13   A3 69 48 00 A8 64 00 9A D1 CD 45 00 
R04:11:13   68 82 96 62 D4 06 CF 08 25 00 3F 06 A9 64 00 33 73 4C 44 00 00 00 00 04 AC 06 1A AA 64 00 80 BC 
R04:11:13   69 48 00 00 00 00 04 AC 06 1A AB 64 00 98 99 CF 42 00 00 00 00 04 AC 06 1A AC 64 00 66 26 AE 44 
R04:11:13   00 00 00 00 04 AC 06 1A AD 64 00 26 6C 79 4A 00 00 00 00 04 AC 06 1A AE 64 00 34 5B F9 45 00 00 
R04:11:13   00 00 04 AC 06 1A AF 64 00 8C A2 69 48 00 00 00 00 04 AC 06 1A B0 64 00 9A D1 CD 45 00 00 00 00 
R04:11:13   04 AC 06 1A 
S04:11:13   68 04 01 00 98 62 
R04:11:14   68 82 98 62 D4 06 CF 08 25 00 3F 06 B1 64 00 33 73 4C 44 00 00 00 00 00 AC 06 1A B2 64 00 27 8B 
R04:11:14   69 48 00 00 00 00 00 AC 06 1A B3 64 00 98 99 CF 42 00 00 00 00 00 AC 06 1A B4 64 00 66 26 AE 44 
R04:11:14   00 00 00 00 00 AC 06 1A B5 64 00 CB 37 79 4A 00 00 00 00 00 AC 06 1A B6 64 00 34 5B F9 45 00 00 
R04:11:14   00 00 00 AC 06 1A B7 64 00 34 71 69 48 00 00 00 00 00 AC 06 1A B8 64 00 9A D1 CD 45 00 00 00 00 
R04:11:14   00 AC 06 1A 
R04:11:14   68 82 9A 62 D4 06 CF 08 25 00 3F 06 B9 64 00 33 73 4C 44 00 7A 6D 25 0B 6F 04 1A BA 64 00 00 A3 
R04:11:14   1E 48 00 7A 6D 25 0B 6F 04 1A BB 64 00 98 99 CF 42 00 7A 6D 25 0B 6F 04 1A BC 64 00 66 26 AE 44 
R04:11:14   00 7A 6D 25 0B 6F 04 1A BD 64 00 7A F6 0A 4A 00 7A 6D 25 0B 6F 04 1A BE 64 00 CC 0C BB 44 00 7A 
R04:11:14   6D 25 0B 6F 04 1A BF 64 00 0D 89 1E 48 00 7A 6D 25 0B 6F 04 1A C0 64 00 67 66 CE 42 00 7A 6D 25 
R04:11:14   0B 6F 04 1A 
R04:11:15   68 0E 9C 62 D4 06 65 01 0A 00 3F 06 00 00 00 05 
S04:11:15   68 14 D4 06 9E 62 67 01 06 00 3F 06 00 00 00 D1 3C 0B 04 AC 06 1A 
R04:11:16   68 14 9E 62 D6 06 67 01 07 00 3F 06 00 00 00 D1 3C 0B 04 AC 06 1A 
S04:11:24   68 04 01 00 A0 62 
R04:11:29   68 1A A0 62 D6 06 0D 02 03 00 3F 06 0F 40 00 00 00 C0 40 00 13 40 00 02 2B 47 3F 00 
R04:11:30   68 1A A2 62 D6 06 0D 02 03 00 3F 06 0F 40 00 00 00 00 00 00 13 40 00 00 00 00 00 00 
R04:11:31   68 1A A4 62 D6 06 0D 02 03 00 3F 06 0F 40 00 00 00 C0 40 00 13 40 00 42 60 45 3F 00 
S04:11:31   68 04 01 00 A6 62 
S04:11:47   68 04 43 00 00 00 
R04:11:47   68 04 83 00 00 00 
S04:12:03   68 04 43 00 00 00 
R04:12:03   68 04 83 00 00 00 
S04:12:19   68 04 43 00 00 00 
R04:12:19   68 04 83 00 00 00 
S04:12:35   68 04 43 00 00 00 
R04:12:35   68 04 83 00 00 00 
S04:12:51   68 04 43 00 00 00 
R04:12:52   68 04 83 00 00 00 
S04:13:08   68 04 43 00 00 00 
R04:13:08   68 04 83 00 00 00 
S04:13:24   68 04 43 00 00 00 
R04:13:24   68 04 83 00 00 00 
S04:13:40   68 04 43 00 00 00 
R04:13:40   68 04 83 00 00 00 
S04:13:56   68 04 43 00 00 00 
R04:13:56   68 04 83 00 00 00 
S04:14:12   68 04 43 00 00 00 
R04:14:12   68 04 83 00 00 00 
S04:14:28   68 04 43 00 00 00 
R04:14:28   68 04 83 00 00 00 
R04:14:38   68 12 A6 62 D6 06 0D 01 03 00 3F 06 13 40 00 77 BE 3F 3F 00 
S04:14:38   68 04 01 00 A8 62 
S04:14:54   68 04 43 00 00 00 
R04:14:54   68 04 83 00 00 00 
S04:15:10   68 04 43 00 00 00 
R04:15:10   68 04 83 00 00 00 
R04:15:18   68 12 A8 62 D6 06 0D 01 03 00 3F 06 13 40 00 14 AE 47 3F 00 
S04:15:18   68 04 01 00 AA 62 
R04:15:31   68 12 AA 62 D6 06 0D 01 03 00 3F 06 13 40 00 00 00 00 00 00 
S04:15:31   68 04 01 00 AC 62 
R04:15:34   68 12 AC 62 D6 06 0D 01 03 00 3F 06 13 40 00 42 60 45 3F 00 
S04:15:42   68 04 01 00 AE 62 
S04:15:58   68 04 43 00 00 00 
R04:15:58   68 04 83 00 00 00 
S04:16:14   68 04 43 00 00 00 
R04:16:14   68 04 83 00 00 00 
S04:16:30   68 04 43 00 00 00 
R04:16:30   68 04 83 00 00 00 
S04:16:46   68 04 43 00 00 00 
R04:16:46   68 04 83 00 00 00 
S04:17:02   68 04 43 00 00 00 
R04:17:03   68 04 83 00 00 00 
S04:17:19   68 04 43 00 00 00 
R04:17:19   68 04 83 00 00 00 
R04:17:29   68 1A AE 62 D6 06 0D 02 03 00 3F 06 0F 40 00 00 00 00 00 00 13 40 00 00 00 00 00 00 
S04:17:29   68 04 01 00 B0 62 
S04:17:45   68 04 43 00 00 00 
R04:17:45   68 04 83 00 00 00 
S04:18:01   68 04 43 00 00 00 
R04:18:02   68 04 83 00 00 00 
S04:18:18   68 04 43 00 00 00 
R04:18:19   68 04 83 00 00 00 
S04:18:35   68 04 43 00 00 00 
R04:18:36   68 04 83 00 00 00 
S04:18:52   68 04 43 00 00 00 
R04:18:53   68 04 83 00 00 00 
S04:19:09   68 04 43 00 00 00 
R04:19:10   68 04 83 00 00 00 
S04:19:26   68 04 43 00 00 00 
R04:19:27   68 04 83 00 00 00 
S04:19:43   68 04 43 00 00 00 
R04:19:44   68 04 83 00 00 00 
S04:20:00   68 04 43 00 00 00 
R04:20:00   68 04 83 00 00 00 
S04:20:16   68 04 43 00 00 00 
R04:20:16   68 04 83 00 00 00 
S04:20:32   68 04 43 00 00 00 
R04:20:32   68 04 83 00 00 00 
S04:20:48   68 04 43 00 00 00 
R04:20:48   68 04 83 00 00 00 
S04:21:04   68 04 43 00 00 00 
R04:21:04   68 04 83 00 00 00 
S04:21:20   68 04 43 00 00 00 
R04:21:20   68 04 83 00 00 00 
S04:21:36   68 04 43 00 00 00 
R04:21:36   68 04 83 00 00 00 
S04:21:52   68 04 43 00 00 00 
R04:21:52   68 04 83 00 00 00 
S04:22:08   68 04 43 00 00 00 
R04:22:08   68 04 83 00 00 00 
S04:22:24   68 04 43 00 00 00 
R04:22:24   68 04 83 00 00 00 
S04:22:40   68 04 43 00 00 00 
R04:22:40   68 04 83 00 00 00 
S04:22:56   68 04 43 00 00 00 
R04:22:56   68 04 83 00 00 00 
S04:23:12   68 04 43 00 00 00 
R04:23:12   68 04 83 00 00 00 
S04:23:28   68 04 43 00 00 00 
R04:23:28   68 04 83 00 00 00 
S04:23:44   68 04 43 00 00 00 
R04:23:44   68 04 83 00 00 00 
S04:24:00   68 04 43 00 00 00 
R04:24:00   68 04 83 00 00 00 
S04:24:16   68 04 43 00 00 00 
R04:24:16   68 04 83 00 00 00 
S04:24:32   68 04 43 00 00 00 
R04:24:32   68 04 83 00 00 00 
S04:24:48   68 04 43 00 00 00 
R04:24:48   68 04 83 00 00 00 
S04:25:04   68 04 43 00 00 00 
R04:25:04   68 04 83 00 00 00 
S04:25:20   68 04 43 00 00 00 
R04:25:20   68 04 83 00 00 00 
S04:25:36   68 04 43 00 00 00 
R04:25:36   68 04 83 00 00 00 
S04:25:52   68 04 43 00 00 00 
R04:25:52   68 04 83 00 00 00 
S04:25:59   68 0E D6 06 B0 62 64 01 06 00 3F 06 00 00 00 14 
R04:25:59   68 0E B0 62 D8 06 64 01 07 00 3F 06 00 00 00 14 
R04:25:59   68 E6 B2 62 D8 06 01 37 14 00 3F 06 01 00 00 00 02 00 00 00 03 00 00 00 04 00 00 00 05 00 00 00 
R04:25:59   06 00 00 00 07 00 00 01 08 00 00 00 09 00 00 00 0A 00 00 00 0B 00 00 00 0C 00 00 00 0D 00 00 00 
R04:25:59   0E 00 00 00 0F 00 00 00 10 00 00 00 11 00 00 00 12 00 00 00 13 00 00 00 14 00 00 00 15 00 00 00 
R04:25:59   16 00 00 00 17 00 00 00 18 00 00 00 19 00 00 00 1A 00 00 01 1B 00 00 01 1C 00 00 00 1D 00 00 01 
R04:25:59   1E 00 00 01 1F 00 00 01 20 00 00 00 21 00 00 00 22 00 00 00 23 00 00 00 24 00 00 00 25 00 00 00 
R04:25:59   26 00 00 00 27 00 00 00 28 00 00 00 29 00 00 01 2A 00 00 00 2B 00 00 00 2C 00 00 00 2D 00 00 00 
R04:25:59   2E 00 00 00 2F 00 00 00 30 00 00 00 31 00 00 00 32 00 00 00 33 00 00 00 34 00 00 00 35 00 00 00 
R04:25:59   36 00 00 00 37 00 00 00 
S04:26:00   68 04 01 00 B4 62 
R04:26:00   68 D2 B4 62 D8 06 01 32 14 00 3F 06 38 00 00 00 39 00 00 00 3A 00 00 00 3B 00 00 01 3C 00 00 00 
R04:26:00   3D 00 00 00 3E 00 00 01 3F 00 00 01 40 00 00 00 41 00 00 00 42 00 00 01 43 00 00 00 44 00 00 00 
R04:26:00   45 00 00 00 46 00 00 00 47 00 00 00 48 00 00 00 49 00 00 00 4A 00 00 01 4B 00 00 00 4C 00 00 00 
R04:26:00   4D 00 00 00 4E 00 00 00 4F 00 00 00 50 00 00 00 51 00 00 00 52 00 00 00 53 00 00 00 54 00 00 00 
R04:26:00   55 00 00 00 56 00 00 00 57 00 00 00 58 00 00 00 59 00 00 00 5A 00 00 00 5B 00 00 00 5C 00 00 01 
R04:26:00   5D 00 00 00 5E 00 00 00 5F 00 00 01 60 00 00 01 61 00 00 00 62 00 00 00 63 00 00 01 64 00 00 00 
R04:26:00   65 00 00 00 66 00 00 00 67 00 00 00 68 00 00 00 69 00 00 00 
R04:26:00   68 E6 B6 62 D8 06 01 37 14 00 3F 06 69 00 00 00 6A 00 00 01 6B 00 00 00 6C 00 00 00 6D 00 00 00 
R04:26:00   6E 00 00 00 6F 00 00 00 70 00 00 00 71 00 00 00 72 00 00 00 73 00 00 00 74 00 00 00 75 00 00 00 
R04:26:00   76 00 00 00 77 00 00 00 78 00 00 00 79 00 00 00 7A 00 00 00 7B 00 00 00 7C 00 00 00 7D 00 00 01 
R04:26:00   7E 00 00 01 7F 00 00 00 80 00 00 01 81 00 00 01 82 00 00 01 83 00 00 00 84 00 00 00 85 00 00 00 
R04:26:00   86 00 00 00 87 00 00 00 88 00 00 00 89 00 00 00 8A 00 00 00 8B 00 00 01 8C 00 00 00 8D 00 00 00 
R04:26:00   8E 00 00 00 8F 00 00 00 90 00 00 00 91 00 00 00 92 00 00 00 93 00 00 00 94 00 00 00 95 00 00 00 
R04:26:00   96 00 00 00 97 00 00 00 98 00 00 00 99 00 00 00 9A 00 00 00 9B 00 00 00 9C 00 00 00 9D 00 00 00 
R04:26:00   9E 00 00 01 9F 00 00 00 
R04:26:01   68 A6 B8 62 D8 06 01 27 14 00 3F 06 A0 00 00 00 A1 00 00 01 A2 00 00 01 A3 00 00 01 A4 00 00 00 
R04:26:01   A5 00 00 00 A6 00 00 00 A7 00 00 00 A8 00 00 00 A9 00 00 00 AA 00 00 00 AB 00 00 00 AC 00 00 01 
R04:26:01   AD 00 00 00 AE 00 00 00 AF 00 00 00 B0 00 00 00 B1 00 00 00 B2 00 00 00 B3 00 00 00 B4 00 00 00 
R04:26:01   B5 00 00 00 B6 00 00 00 B7 00 00 00 B8 00 00 00 B9 00 00 00 BA 00 00 00 BB 00 00 00 BC 00 00 00 
R04:26:01   BD 00 00 00 BE 00 00 00 BF 00 00 01 C0 00 00 00 C1 00 00 00 C2 00 00 01 C3 00 00 01 C4 00 00 01 
R04:26:01   C5 00 00 00 C6 00 00 00 
R04:26:01   68 EA BA 62 D8 06 0D 1C 14 00 3F 06 01 40 00 00 00 66 43 00 02 40 00 0A D7 54 42 00 03 40 00 85 
R04:26:01   EB 27 41 00 04 40 00 00 00 00 00 00 05 40 00 B0 72 28 41 00 06 40 00 00 00 00 00 00 07 40 00 AA 
R04:26:01   F1 47 42 00 08 40 00 00 00 00 00 00 09 40 00 00 00 00 00 00 0A 40 00 00 00 00 00 00 0B 40 00 00 
R04:26:01   00 00 00 00 0C 40 00 00 00 00 00 00 0D 40 00 00 00 00 00 00 0E 40 00 00 00 00 00 00 0F 40 00 00 
R04:26:01   00 00 00 00 10 40 00 00 00 00 00 00 11 40 00 00 00 00 00 00 12 40 00 00 00 00 00 00 13 40 00 00 
R04:26:01   00 00 00 00 14 40 00 00 00 00 00 00 15 40 00 00 00 00 00 00 16 40 00 00 00 00 00 00 17 40 00 00 
R04:26:01   00 00 00 00 18 40 00 00 00 00 00 00 19 40 00 00 00 00 00 00 1A 40 00 00 00 00 00 00 1B 40 00 00 
R04:26:01   00 00 00 00 1C 40 00 00 00 00 00 00 
S04:26:02   68 04 01 00 BC 62 
R04:26:02   68 6A BC 62 D8 06 0D 0C 14 00 3F 06 1D 40 00 00 00 00 00 00 1E 40 00 00 00 00 00 00 1F 40 00 00 
R04:26:02   00 00 00 00 20 40 00 00 00 00 00 00 21 40 00 00 00 00 00 00 22 40 00 00 00 00 00 00 23 40 00 00 
R04:26:02   00 00 00 00 24 40 00 00 00 00 00 00 25 40 00 00 00 00 00 00 26 40 00 00 00 00 00 00 27 40 00 00 
R04:26:02   00 00 00 00 28 40 00 00 00 00 00 00 
R04:26:02   68 EA BE 62 D8 06 0D 1C 14 00 3F 06 29 40 00 00 00 00 00 00 2A 40 00 00 00 00 00 00 2B 40 00 00 
R04:26:02   00 00 00 00 2C 40 00 00 00 00 00 00 2D 40 00 00 00 00 00 00 2E 40 00 00 00 00 00 00 2F 40 00 00 
R04:26:02   00 00 00 00 30 40 00 00 00 00 00 00 31 40 00 00 00 00 00 00 32 40 00 00 00 00 00 00 33 40 00 00 
R04:26:02   00 00 00 00 34 40 00 00 00 00 00 00 35 40 00 00 00 00 00 00 36 40 00 00 00 00 00 00 37 40 00 00 
R04:26:02   00 00 00 00 38 40 00 00 00 00 00 00 39 40 00 30 DD CC 41 00 3A 40 00 33 33 D3 41 00 3B 40 00 50 
R04:26:02   8D DB 41 00 3C 40 00 00 00 00 00 00 3D 40 00 8F C2 EF 43 00 3E 40 00 34 33 D3 C0 00 3F 40 00 77 
R04:26:02   BE 7F 3F 00 40 40 00 00 00 00 00 00 41 40 00 00 00 00 00 00 42 40 00 00 00 00 00 00 43 40 00 00 
R04:26:02   00 00 00 00 44 40 00 5A 64 F7 41 00 
R04:26:03   68 3A C0 62 D8 06 0D 06 14 00 3F 06 45 40 00 E2 7A FC 41 00 46 40 00 14 AE 05 42 00 47 40 00 00 
R04:26:03   00 00 00 00 48 40 00 CC 0C 11 C4 00 49 40 00 29 5C 9F 41 00 4A 40 00 77 BE 7F BF 00 
S04:26:03   68 04 01 00 C2 62 
R04:26:03   68 0E C2 62 D8 06 64 01 0A 00 3F 06 00 00 00 14 
S04:26:03   68 0E D8 06 C4 62 65 01 06 00 3F 06 00 00 00 05 
R04:26:04   68 0E C4 62 DA 06 65 01 07 00 3F 06 00 00 00 05 
R04:26:05   68 4A C6 62 DA 06 CE 08 25 00 3F 06 01 64 00 BC 08 1C 49 00 02 64 00 66 66 03 44 00 03 64 00 67 
R04:26:05   66 FE 43 00 04 64 00 67 A3 F4 47 00 05 64 00 00 00 AE 42 00 06 64 00 E7 C5 F4 47 00 07 64 00 66 
R04:26:05   66 86 41 00 08 64 00 00 00 8A 42 00 
R04:26:05   68 82 C8 62 DA 06 CF 08 25 00 3F 06 09 64 00 C3 07 1C 49 00 00 00 0F 04 AC 06 1A 0A 64 00 66 66 
R04:26:05   03 44 00 00 00 0F 04 AC 06 1A 0B 64 00 67 66 FE 43 00 00 00 0F 04 AC 06 1A 0C 64 00 34 A2 F4 47 
R04:26:05   00 00 00 0F 04 AC 06 1A 0D 64 00 00 00 AE 42 00 00 00 0F 04 AC 06 1A 0E 64 00 B3 C4 F4 47 00 00 
R04:26:05   00 0F 04 AC 06 1A 0F 64 00 66 66 86 41 00 00 00 0F 04 AC 06 1A 10 64 00 00 00 8A 42 00 00 00 0F 
R04:26:05   04 AC 06 1A 
R04:26:05   68 82 CA 62 DA 06 CF 08 25 00 3F 06 11 64 00 39 D0 1B 49 00 00 00 00 00 AC 06 1A 12 64 00 66 66 
R04:26:05   03 44 00 00 00 00 00 AC 06 1A 13 64 00 67 66 FE 43 00 00 00 00 00 AC 06 1A 14 64 00 66 55 F4 47 
R04:26:05   00 00 00 00 00 AC 06 1A 15 64 00 00 00 AE 42 00 00 00 00 00 AC 06 1A 16 64 00 E7 77 F4 47 00 00 
R04:26:05   00 00 00 AC 06 1A 17 64 00 66 66 86 41 00 00 00 00 00 AC 06 1A 18 64 00 00 00 8A 42 00 00 00 00 
R04:26:05   00 AC 06 1A 
S04:26:05   68 04 01 00 CC 62 
R04:26:06   68 82 CC 62 DA 06 CF 08 25 00 3F 06 19 64 00 00 00 00 00 00 00 00 00 00 AC 06 1A 1A 64 00 00 00 
R04:26:06   00 00 00 00 00 00 00 AC 06 1A 1B 64 00 00 00 00 00 00 00 00 00 00 AC 06 1A 1C 64 00 00 00 00 00 
R04:26:06   00 00 00 00 00 AC 06 1A 1D 64 00 00 00 00 00 00 00 00 00 00 AC 06 1A 1E 64 00 00 00 00 00 00 00 
R04:26:06   00 00 00 AC 06 1A 1F 64 00 00 00 00 00 00 00 00 00 00 AC 06 1A 20 64 00 00 00 00 00 00 00 00 00 
R04:26:06   00 AC 06 1A 
R04:26:06   68 4A CE 62 DA 06 CE 08 25 00 3F 06 21 64 00 CC CC 41 43 00 22 64 00 34 33 0B 43 00 23 64 00 66 
R04:26:06   66 AA 42 00 24 64 00 CD CC EE 42 00 25 64 00 CD CC C4 42 00 26 64 00 CC CC 29 43 00 27 64 00 FF 
R04:26:06   FF 57 42 00 28 64 00 99 99 49 42 00 
R04:26:07   68 82 D0 62 DA 06 CF 08 25 00 3F 06 29 64 00 CC CC 41 43 00 00 00 0F 04 AC 06 1A 2A 64 00 34 33 
R04:26:07   0B 43 00 00 00 0F 04 AC 06 1A 2B 64 00 66 66 AA 42 00 00 00 0F 04 AC 06 1A 2C 64 00 CD CC EE 42 
R04:26:07   00 00 00 0F 04 AC 06 1A 2D 64 00 CD CC C4 42 00 00 00 0F 04 AC 06 1A 2E 64 00 CC CC 29 43 00 00 
R04:26:07   00 0F 04 AC 06 1A 2F 64 00 FF FF 57 42 00 00 00 0F 04 AC 06 1A 30 64 00 99 99 49 42 00 00 00 0F 
R04:26:07   04 AC 06 1A 
R04:26:07   68 82 D2 62 DA 06 CF 08 25 00 3F 06 31 64 00 CC CC 41 43 00 00 00 00 00 AC 06 1A 32 64 00 34 33 
R04:26:07   0B 43 00 00 00 00 00 AC 06 1A 33 64 00 66 66 AA 42 00 00 00 00 00 AC 06 1A 34 64 00 CD CC EE 42 
R04:26:07   00 00 00 00 00 AC 06 1A 35 64 00 CD CC C4 42 00 00 00 00 00 AC 06 1A 36 64 00 CC CC 29 43 00 00 
R04:26:07   00 00 00 AC 06 1A 37 64 00 FF FF 57 42 00 00 00 00 00 AC 06 1A 38 64 00 99 99 49 42 00 00 00 00 
R04:26:07   00 AC 06 1A 
S04:26:08   68 04 01 00 D4 62 
R04:26:08   68 82 D4 62 DA 06 CF 08 25 00 3F 06 39 64 00 00 00 00 00 00 00 00 00 00 AC 06 1A 3A 64 00 00 00 
R04:26:08   00 00 00 00 00 00 00 AC 06 1A 3B 64 00 00 00 00 00 00 00 00 00 00 AC 06 1A 3C 64 00 00 00 00 00 
R04:26:08   00 00 00 00 00 AC 06 1A 3D 64 00 00 00 00 00 00 00 00 00 00 AC 06 1A 3E 64 00 00 00 00 00 00 00 
R04:26:08   00 00 00 AC 06 1A 3F 64 00 00 00 00 00 00 00 00 00 00 AC 06 1A 40 64 00 00 00 00 00 00 00 00 00 
R04:26:08   00 AC 06 1A 
R04:26:08   68 4A D6 62 DA 06 CE 08 25 00 3F 06 41 64 00 CC CC 5F 43 00 42 64 00 33 33 47 43 00 43 64 00 9A 
R04:26:08   99 22 43 00 44 64 00 CC CC 74 42 00 45 64 00 00 00 A8 42 00 46 64 00 00 00 F6 42 00 47 64 00 66 
R04:26:08   66 12 42 00 48 64 00 34 33 77 42 00 
R04:26:09   68 82 D8 62 DA 06 CF 08 25 00 3F 06 49 64 00 CC CC 5F 43 00 00 00 0F 04 AC 06 1A 4A 64 00 33 33 
R04:26:09   47 43 00 00 00 0F 04 AC 06 1A 4B 64 00 9A 99 22 43 00 00 00 0F 04 AC 06 1A 4C 64 00 CC CC 74 42 
R04:26:09   00 00 00 0F 04 AC 06 1A 4D 64 00 00 00 A8 42 00 00 00 0F 04 AC 06 1A 4E 64 00 00 00 F6 42 00 00 
R04:26:09   00 0F 04 AC 06 1A 4F 64 00 66 66 12 42 00 00 00 0F 04 AC 06 1A 50 64 00 34 33 77 42 00 00 00 0F 
R04:26:09   04 AC 06 1A 
R04:26:09   68 82 DA 62 DA 06 CF 08 25 00 3F 06 51 64 00 CC CC 5F 43 00 00 00 00 00 AC 06 1A 52 64 00 33 33 
R04:26:09   47 43 00 00 00 00 00 AC 06 1A 53 64 00 9A 99 22 43 00 00 00 00 00 AC 06 1A 54 64 00 CC CC 74 42 
R04:26:09   00 00 00 00 00 AC 06 1A 55 64 00 00 00 A8 42 00 00 00 00 00 AC 06 1A 56 64 00 00 00 F6 42 00 00 
R04:26:09   00 00 00 AC 06 1A 57 64 00 66 66 12 42 00 00 00 00 00 AC 06 1A 58 64 00 34 33 77 42 00 00 00 00 
R04:26:09   00 AC 06 1A 
S04:26:09   68 04 01 00 DC 62 
R04:26:10   68 82 DC 62 DA 06 CF 08 25 00 3F 06 59 64 00 00 00 00 00 00 00 00 00 00 AC 06 1A 5A 64 00 00 00 
R04:26:10   00 00 00 00 00 00 00 AC 06 1A 5B 64 00 00 00 00 00 00 00 00 00 00 AC 06 1A 5C 64 00 00 00 00 00 
R04:26:10   00 00 00 00 00 AC 06 1A 5D 64 00 00 00 00 00 00 00 00 00 00 AC 06 1A 5E 64 00 00 00 00 00 00 00 
R04:26:10   00 00 00 AC 06 1A 5F 64 00 00 00 00 00 00 00 00 00 00 AC 06 1A 60 64 00 00 00 00 00 00 00 00 00 
R04:26:10   00 AC 06 1A 
R04:26:10   68 4A DE 62 DA 06 CE 08 25 00 3F 06 61 64 00 F4 BA 0B 48 00 62 64 00 66 66 18 43 00 63 64 00 99 
R04:26:10   99 C9 42 00 64 64 00 CC E0 6F 46 00 65 64 00 34 33 8B 42 00 66 64 00 FF A7 70 46 00 67 64 00 67 
R04:26:10   66 4E 42 00 68 64 00 33 33 47 42 00 
R04:26:10   68 82 E0 62 DA 06 CF 08 25 00 3F 06 69 64 00 E6 B9 0B 48 00 00 00 0F 04 AC 06 1A 6A 64 00 66 66 
R04:26:10   18 43 00 00 00 0F 04 AC 06 1A 6B 64 00 99 99 C9 42 00 00 00 0F 04 AC 06 1A 6C 64 00 00 DC 6F 46 
R04:26:10   00 00 00 0F 04 AC 06 1A 6D 64 00 34 33 8B 42 00 00 00 0F 04 AC 06 1A 6E 64 00 34 A3 70 46 00 00 
R04:26:10   00 0F 04 AC 06 1A 6F 64 00 67 66 4E 42 00 00 00 0F 04 AC 06 1A 70 64 00 33 33 47 42 00 00 00 0F 
R04:26:10   04 AC 06 1A 
S04:26:11   68 04 01 00 E2 62 
R04:26:11   68 82 E2 62 DA 06 CF 08 25 00 3F 06 71 64 00 8C 9A 0B 48 00 00 00 00 00 AC 06 1A 72 64 00 66 66 
R04:26:11   18 43 00 00 00 00 00 AC 06 1A 73 64 00 99 99 C9 42 00 00 00 00 00 AC 06 1A 74 64 00 00 A0 6F 46 
R04:26:11   00 00 00 00 00 AC 06 1A 75 64 00 34 33 8B 42 00 00 00 00 00 AC 06 1A 76 64 00 34 67 70 46 00 00 
R04:26:11   00 00 00 AC 06 1A 77 64 00 67 66 4E 42 00 00 00 00 00 AC 06 1A 78 64 00 33 33 47 42 00 00 00 00 
R04:26:11   00 AC 06 1A 
R04:26:12   68 82 E4 62 DA 06 CF 08 25 00 3F 06 79 64 00 FF 44 DE 47 00 3A AE 25 0D F1 05 1A 7A 64 00 66 66 
R04:26:12   18 43 00 3A AE 25 0D F1 05 1A 7B 64 00 99 99 C9 42 00 3A AE 25 0D F1 05 1A 7C 64 00 67 46 50 46 
R04:26:12   00 3A AE 25 0D F1 05 1A 7D 64 00 34 33 8B 42 00 3A AE 25 0D F1 05 1A 7E 64 00 33 0B 51 46 00 3A 
R04:26:12   AE 25 0D F1 05 1A 7F 64 00 67 66 4E 42 00 3A AE 25 0D F1 05 1A 80 64 00 CD CC 44 42 00 3A AE 25 
R04:26:12   0D F1 05 1A 
R04:26:12   68 4A E6 62 DA 06 CE 08 25 00 3F 06 81 64 00 69 94 48 4A 00 82 64 00 CC 6C 38 46 00 83 64 00 9A 
R04:26:12   31 2A 46 00 84 64 00 80 5B F0 47 00 85 64 00 CC 4C 8A 43 00 86 64 00 CC 8E F0 47 00 87 64 00 34 
R04:26:12   B3 63 44 00 88 64 00 34 33 CD 42 00 
S04:26:13   68 04 01 00 E8 62 
R04:26:13   68 82 E8 62 DA 06 CF 08 25 00 3F 06 89 64 00 15 93 48 4A 00 00 00 0F 04 AC 06 1A 8A 64 00 CC 6C 
R04:26:13   38 46 00 00 00 0F 04 AC 06 1A 8B 64 00 9A 31 2A 46 00 00 00 0F 04 AC 06 1A 8C 64 00 99 5A F0 47 
R04:26:13   00 00 00 0F 04 AC 06 1A 8D 64 00 CC 4C 8A 43 00 00 00 0F 04 AC 06 1A 8E 64 00 E6 8D F0 47 00 00 
R04:26:13   00 0F 04 AC 06 1A 8F 64 00 34 B3 63 44 00 00 00 0F 04 AC 06 1A 90 64 00 34 33 CD 42 00 00 00 0F 
R04:26:13   04 AC 06 1A 
R04:26:13   68 82 EA 62 DA 06 CF 08 25 00 3F 06 91 64 00 AE 6C 48 4A 00 00 00 00 00 AC 06 1A 92 64 00 CC 6C 
R04:26:13   38 46 00 00 00 00 00 AC 06 1A 93 64 00 9A 31 2A 46 00 00 00 00 00 AC 06 1A 94 64 00 B3 3E F0 47 
R04:26:13   00 00 00 00 00 AC 06 1A 95 64 00 CC 4C 8A 43 00 00 00 00 00 AC 06 1A 96 64 00 00 72 F0 47 00 00 
R04:26:13   00 00 00 AC 06 1A 97 64 00 34 B3 63 44 00 00 00 00 00 AC 06 1A 98 64 00 34 33 CD 42 00 00 00 00 
R04:26:13   00 AC 06 1A 
R04:26:13   68 82 EC 62 DA 06 CF 08 25 00 3F 06 99 64 00 2B C0 DB 49 00 BB 6F 25 0B 6F 04 1A 9A 64 00 00 00 
R04:26:13   99 44 00 BB 6F 25 0B 6F 04 1A 9B 64 00 9A 99 9C 43 00 BB 6F 25 0B 6F 04 1A 9C 64 00 CC 8A AC 47 
R04:26:13   00 BB 6F 25 0B 6F 04 1A 9D 64 00 66 66 89 43 00 BB 6F 25 0B 6F 04 1A 9E 64 00 19 BE AC 47 00 BB 
R04:26:13   6F 25 0B 6F 04 1A 9F 64 00 34 B3 63 44 00 BB 6F 25 0B 6F 04 1A A0 64 00 34 33 CD 42 00 BB 6F 25 
R04:26:13   0B 6F 04 1A 
S04:26:14   68 04 01 00 EE 62 
R04:26:14   68 4A EE 62 DA 06 CE 08 25 00 3F 06 A1 64 00 33 73 4C 44 00 A2 64 00 C1 BE 69 48 00 A3 64 00 98 
R04:26:14   99 CF 42 00 A4 64 00 66 26 AE 44 00 A5 64 00 FC 6F 79 4A 00 A6 64 00 34 5B F9 45 00 A7 64 00 CC 
R04:26:14   A4 69 48 00 A8 64 00 9A D1 CD 45 00 
R04:26:14   68 82 F0 62 DA 06 CF 08 25 00 3F 06 A9 64 00 33 73 4C 44 00 00 00 0F 04 AC 06 1A AA 64 00 D9 BD 
R04:26:14   69 48 00 00 00 0F 04 AC 06 1A AB 64 00 98 99 CF 42 00 00 00 0F 04 AC 06 1A AC 64 00 66 26 AE 44 
R04:26:14   00 00 00 0F 04 AC 06 1A AD 64 00 54 6E 79 4A 00 00 00 0F 04 AC 06 1A AE 64 00 34 5B F9 45 00 00 
R04:26:14   00 0F 04 AC 06 1A AF 64 00 E8 A3 69 48 00 00 00 0F 04 AC 06 1A B0 64 00 9A D1 CD 45 00 00 00 0F 
R04:26:14   04 AC 06 1A 
R04:26:15   68 82 F2 62 DA 06 CF 08 25 00 3F 06 B1 64 00 33 73 4C 44 00 00 00 00 00 AC 06 1A B2 64 00 27 8B 
R04:26:15   69 48 00 00 00 00 00 AC 06 1A B3 64 00 98 99 CF 42 00 00 00 00 00 AC 06 1A B4 64 00 66 26 AE 44 
R04:26:15   00 00 00 00 00 AC 06 1A B5 64 00 CB 37 79 4A 00 00 00 00 00 AC 06 1A B6 64 00 34 5B F9 45 00 00 
R04:26:15   00 00 00 AC 06 1A B7 64 00 34 71 69 48 00 00 00 00 00 AC 06 1A B8 64 00 9A D1 CD 45 00 00 00 00 
R04:26:15   00 AC 06 1A 
R04:26:15   68 82 F4 62 DA 06 CF 08 25 00 3F 06 B9 64 00 33 73 4C 44 00 7A 6D 25 0B 6F 04 1A BA 64 00 00 A3 
R04:26:15   1E 48 00 7A 6D 25 0B 6F 04 1A BB 64 00 98 99 CF 42 00 7A 6D 25 0B 6F 04 1A BC 64 00 66 26 AE 44 
R04:26:15   00 7A 6D 25 0B 6F 04 1A BD 64 00 7A F6 0A 4A 00 7A 6D 25 0B 6F 04 1A BE 64 00 CC 0C BB 44 00 7A 
R04:26:15   6D 25 0B 6F 04 1A BF 64 00 0D 89 1E 48 00 7A 6D 25 0B 6F 04 1A C0 64 00 67 66 CE 42 00 7A 6D 25 
R04:26:15   0B 6F 04 1A 
S04:26:15   68 04 01 00 F6 62 
R04:26:16   68 0E F6 62 DA 06 65 01 0A 00 3F 06 00 00 00 05 
S04:26:16   68 14 DA 06 F8 62 67 01 06 00 3F 06 00 00 00 E4 41 1A 04 AC 06 1A 
R04:26:17   68 14 F8 62 DC 06 67 01 07 00 3F 06 00 00 00 E4 41 1A 04 AC 06 1A 
S04:26:26   68 04 01 00 FA 62 
S04:26:42   68 04 43 00 00 00 
R04:26:42   68 04 83 00 00 00 
S04:26:58   68 04 43 00 00 00 
R04:26:58   68 04 83 00 00 00 
S04:27:14   68 04 43 00 00 00 
R04:27:14   68 04 83 00 00 00 
S04:27:30   68 04 43 00 00 00 
R04:27:31   68 04 83 00 00 00 
S04:27:47   68 04 43 00 00 00 
R04:27:47   68 04 83 00 00 00 
S04:28:03   68 04 43 00 00 00 
R04:28:03   68 04 83 00 00 00 
S04:28:19   68 04 43 00 00 00 
R04:28:20   68 04 83 00 00 00 
S04:28:36   68 04 43 00 00 00 
R04:28:37   68 04 83 00 00 00 
S04:28:53   68 04 43 00 00 00 
R04:28:54   68 04 83 00 00 00 
S04:29:10   68 04 43 00 00 00 
R04:29:11   68 04 83 00 00 00 
S04:29:27   68 04 43 00 00 00 
R04:29:28   68 04 83 00 00 00 
S04:29:44   68 04 43 00 00 00 
R04:29:45   68 04 83 00 00 00 
S04:30:01   68 04 43 00 00 00 
R04:30:02   68 04 83 00 00 00 
S04:30:18   68 04 43 00 00 00 
R04:30:19   68 04 83 00 00 00 
S04:30:35   68 04 43 00 00 00 
R04:30:36   68 04 83 00 00 00 
R04:30:40   68 1A FA 62 DC 06 0D 02 03 00 3F 06 0F 40 00 33 33 D3 40 00 13 40 00 F4 FD 34 3F 00 
S04:30:40   68 04 01 00 FC 62 
S04:30:56   68 04 43 00 00 00 
R04:30:56   68 22 FC 62 DC 06 0D 03 03 00 3F 06 0D 40 00 8F C2 C5 40 00 0E 40 00 21 B0 C2 40 00 13 40 00 B4 
R04:30:56   C8 76 3F 00 
S04:30:56   68 04 01 00 FE 62 
R04:30:57   68 04 83 00 00 00 
S04:31:13   68 04 43 00 00 00 
R04:31:13   68 04 83 00 00 00 
S04:31:29   68 04 43 00 00 00 
R04:31:29   68 04 83 00 00 00 
S04:31:45   68 04 43 00 00 00 
R04:31:45   68 04 83 00 00 00 
R04:31:52   68 42 FE 62 DC 06 0D 07 03 00 3F 06 0D 40 00 06 81 6D 41 00 0E 40 00 F0 A7 6E 41 00 0F 40 00 E2 
R04:31:52   7A 7C 41 00 13 40 00 08 AC 7C 3F 00 44 40 00 C2 F5 28 42 00 45 40 00 D3 4D 24 42 00 46 40 00 DD 
R04:31:52   24 2E 42 00 
S04:31:52   68 04 01 00 00 63 
S04:32:08   68 04 43 00 00 00 
R04:32:08   68 04 83 00 00 00 
S04:32:24   68 04 43 00 00 00 
R04:32:24   68 04 83 00 00 00 
S04:32:40   68 04 43 00 00 00 
R04:32:40   68 04 83 00 00 00 
S04:32:56   68 04 43 00 00 00 
R04:32:56   68 04 83 00 00 00 
S04:33:12   68 04 43 00 00 00 
R04:33:12   68 04 83 00 00 00 
S04:33:28   68 04 43 00 00 00 
R04:33:28   68 04 83 00 00 00 
S04:33:44   68 04 43 00 00 00 
R04:33:44   68 12 00 63 DC 06 0D 01 03 00 3F 06 46 40 00 50 8D 49 42 00 
S04:33:44   68 04 01 00 02 63 
R04:33:44   68 04 83 00 00 00 
R04:33:45   68 12 02 63 DC 06 0D 01 03 00 3F 06 45 40 00 DB F9 3C 42 00 
R04:33:46   68 2A 04 63 DC 06 0D 04 03 00 3F 06 0D 40 00 42 60 B9 41 00 0E 40 00 1B 2F B9 41 00 0F 40 00 A4 
R04:33:46   70 C1 41 00 44 40 00 F2 D2 53 42 00 
S04:33:55   68 04 01 00 06 63 
R04:33:55   68 12 06 63 DC 06 0D 01 03 00 3F 06 46 40 00 58 39 62 42 00 
R04:34:02   68 12 08 63 DC 06 0D 01 03 00 3F 06 45 40 00 2D B2 55 42 00 
S04:34:06   68 04 01 00 0A 63 
S04:34:22   68 04 43 00 00 00 
R04:34:22   68 04 83 00 00 00 
S04:34:38   68 04 43 00 00 00 
R04:34:38   68 04 83 00 00 00 
S04:34:54   68 04 43 00 00 00 
R04:34:54   68 04 83 00 00 00 
S04:35:10   68 04 43 00 00 00 
R04:35:10   68 04 83 00 00 00 
S04:35:26   68 04 43 00 00 00 
R04:35:26   68 04 83 00 00 00 
S04:35:42   68 04 43 00 00 00 
R04:35:42   68 04 83 00 00 00 
S04:35:58   68 04 43 00 00 00 
R04:35:58   68 04 83 00 00 00 
S04:36:14   68 04 43 00 00 00 
R04:36:14   68 04 83 00 00 00 
S04:36:30   68 04 43 00 00 00 
R04:36:30   68 04 83 00 00 00 
S04:36:46   68 04 43 00 00 00 
R04:36:46   68 04 83 00 00 00 
S04:37:02   68 04 43 00 00 00 
R04:37:02   68 04 83 00 00 00 
S04:37:18   68 04 43 00 00 00 
R04:37:18   68 04 83 00 00 00 
S04:37:34   68 04 43 00 00 00 
R04:37:34   68 04 83 00 00 00 
S04:37:50   68 04 43 00 00 00 
R04:37:50   68 04 83 00 00 00 
S04:38:06   68 04 43 00 00 00 
R04:38:06   68 04 83 00 00 00 
S04:38:22   68 04 43 00 00 00 
R04:38:22   68 04 83 00 00 00 
S04:38:38   68 04 43 00 00 00 
R04:38:38   68 04 83 00 00 00 
S04:38:54   68 04 43 00 00 00 
R04:38:55   68 04 83 00 00 00 
S04:39:11   68 04 43 00 00 00 
R04:39:11   68 04 83 00 00 00 
S04:39:27   68 04 43 00 00 00 
R04:39:27   68 04 83 00 00 00 
S04:39:43   68 04 43 00 00 00 
R04:39:43   68 04 83 00 00 00 
S04:39:59   68 04 43 00 00 00 
R04:40:01   68 04 83 00 00 00 
S04:40:17   68 04 43 00 00 00 
R04:40:19   68 04 83 00 00 00 
S04:40:35   68 04 43 00 00 00 
R04:40:35   68 04 83 00 00 00 
S04:40:51   68 04 43 00 00 00 
R04:40:52   68 04 83 00 00 00 
S04:40:59   68 0E DC 06 0A 63 64 01 06 00 3F 06 00 00 00 14 
R04:40:59   68 0E 0A 63 DE 06 64 01 07 00 3F 06 00 00 00 14 
R04:41:00   68 E6 0C 63 DE 06 01 37 14 00 3F 06 01 00 00 00 02 00 00 00 03 00 00 00 04 00 00 00 05 00 00 00 
R04:41:00   06 00 00 00 07 00 00 01 08 00 00 00 09 00 00 00 0A 00 00 00 0B 00 00 00 0C 00 00 00 0D 00 00 00 
R04:41:00   0E 00 00 00 0F 00 00 00 10 00 00 00 11 00 00 00 12 00 00 00 13 00 00 00 14 00 00 00 15 00 00 00 
R04:41:00   16 00 00 00 17 00 00 00 18 00 00 00 19 00 00 00 1A 00 00 01 1B 00 00 01 1C 00 00 00 1D 00 00 01 
R04:41:00   1E 00 00 01 1F 00 00 01 20 00 00 00 21 00 00 00 22 00 00 00 23 00 00 00 24 00 00 00 25 00 00 00 
R04:41:00   26 00 00 00 27 00 00 00 28 00 00 00 29 00 00 01 2A 00 00 00 2B 00 00 00 2C 00 00 00 2D 00 00 00 
R04:41:00   2E 00 00 00 2F 00 00 00 30 00 00 00 31 00 00 00 32 00 00 00 33 00 00 00 34 00 00 00 35 00 00 00 
R04:41:00   36 00 00 00 37 00 00 00 
S04:41:00   68 04 01 00 0E 63 
R04:41:01   68 D2 0E 63 DE 06 01 32 14 00 3F 06 38 00 00 00 39 00 00 00 3A 00 00 00 3B 00 00 01 3C 00 00 00 
R04:41:01   3D 00 00 00 3E 00 00 01 3F 00 00 01 40 00 00 00 41 00 00 00 42 00 00 01 43 00 00 00 44 00 00 00 
R04:41:01   45 00 00 00 46 00 00 00 47 00 00 00 48 00 00 00 49 00 00 00 4A 00 00 01 4B 00 00 00 4C 00 00 00 
R04:41:01   4D 00 00 00 4E 00 00 00 4F 00 00 00 50 00 00 00 51 00 00 00 52 00 00 00 53 00 00 00 54 00 00 00 
R04:41:01   55 00 00 00 56 00 00 00 57 00 00 00 58 00 00 00 59 00 00 00 5A 00 00 00 5B 00 00 00 5C 00 00 01 
R04:41:01   5D 00 00 00 5E 00 00 00 5F 00 00 01 60 00 00 01 61 00 00 00 62 00 00 00 63 00 00 01 64 00 00 00 
R04:41:01   65 00 00 00 66 00 00 00 67 00 00 00 68 00 00 00 69 00 00 00 
R04:41:01   68 E6 10 63 DE 06 01 37 14 00 3F 06 69 00 00 00 6A 00 00 01 6B 00 00 00 6C 00 00 00 6D 00 00 00 
R04:41:01   6E 00 00 00 6F 00 00 00 70 00 00 00 71 00 00 00 72 00 00 00 73 00 00 00 74 00 00 00 75 00 00 00 
R04:41:01   76 00 00 00 77 00 00 00 78 00 00 00 79 00 00 00 7A 00 00 00 7B 00 00 00 7C 00 00 00 7D 00 00 01 
R04:41:01   7E 00 00 01 7F 00 00 00 80 00 00 01 81 00 00 01 82 00 00 01 83 00 00 00 84 00 00 00 85 00 00 00 
R04:41:01   86 00 00 00 87 00 00 00 88 00 00 00 89 00 00 00 8A 00 00 00 8B 00 00 01 8C 00 00 00 8D 00 00 00 
R04:41:01   8E 00 00 00 8F 00 00 00 90 00 00 00 91 00 00 00 92 00 00 00 93 00 00 00 94 00 00 00 95 00 00 00 
R04:41:01   96 00 00 00 97 00 00 00 98 00 00 00 99 00 00 00 9A 00 00 00 9B 00 00 00 9C 00 00 00 9D 00 00 00 
R04:41:01   9E 00 00 01 9F 00 00 00 
R04:41:02   68 A6 12 63 DE 06 01 27 14 00 3F 06 A0 00 00 00 A1 00 00 01 A2 00 00 01 A3 00 00 01 A4 00 00 00 
R04:41:02   A5 00 00 00 A6 00 00 00 A7 00 00 00 A8 00 00 00 A9 00 00 00 AA 00 00 00 AB 00 00 00 AC 00 00 01 
R04:41:02   AD 00 00 00 AE 00 00 00 AF 00 00 00 B0 00 00 00 B1 00 00 00 B2 00 00 00 B3 00 00 00 B4 00 00 00 
R04:41:02   B5 00 00 00 B6 00 00 00 B7 00 00 00 B8 00 00 00 B9 00 00 00 BA 00 00 00 BB 00 00 00 BC 00 00 00 
R04:41:02   BD 00 00 00 BE 00 00 00 BF 00 00 01 C0 00 00 00 C1 00 00 00 C2 00 00 01 C3 00 00 01 C4 00 00 01 
R04:41:02   C5 00 00 00 C6 00 00 00 
R04:41:02   68 EA 14 63 DE 06 0D 1C 14 00 3F 06 01 40 00 00 00 66 43 00 02 40 00 8F C2 54 42 00 03 40 00 62 
R04:41:02   10 28 41 00 04 40 00 00 00 00 00 00 05 40 00 C9 76 28 41 00 06 40 00 00 00 00 00 00 07 40 00 6D 
R04:41:02   E7 47 42 00 08 40 00 00 00 00 00 00 09 40 00 00 00 00 00 00 0A 40 00 00 00 00 00 00 0B 40 00 00 
R04:41:02   00 00 00 00 0C 40 00 00 00 00 00 00 0D 40 00 85 EB B5 41 00 0E 40 00 5E BA B5 41 00 0F 40 00 E7 
R04:41:02   FB BD 41 00 10 40 00 00 00 00 00 00 11 40 00 AE C7 CF 43 00 12 40 00 71 3D 6A C2 00 13 40 00 A4 
R04:41:02   70 7D 3F 00 14 40 00 00 00 00 00 00 15 40 00 00 00 00 00 00 16 40 00 00 00 00 00 00 17 40 00 00 
R04:41:02   00 00 00 00 18 40 00 00 00 00 00 00 19 40 00 00 00 00 00 00 1A 40 00 00 00 00 00 00 1B 40 00 00 
R04:41:02   00 00 00 00 1C 40 00 00 00 00 00 00 
S04:41:02   68 04 01 00 16 63 
R04:41:03   68 6A 16 63 DE 06 0D 0C 14 00 3F 06 1D 40 00 00 00 00 00 00 1E 40 00 00 00 00 00 00 1F 40 00 00 
R04:41:03   00 00 00 00 20 40 00 00 00 00 00 00 21 40 00 00 00 00 00 00 22 40 00 00 00 00 00 00 23 40 00 00 
R04:41:03   00 00 00 00 24 40 00 00 00 00 00 00 25 40 00 00 00 00 00 00 26 40 00 00 00 00 00 00 27 40 00 00 
R04:41:03   00 00 00 00 28 40 00 00 00 00 00 00 
R04:41:03   68 EA 18 63 DE 06 0D 1C 14 00 3F 06 29 40 00 00 00 00 00 00 2A 40 00 00 00 00 00 00 2B 40 00 00 
R04:41:03   00 00 00 00 2C 40 00 00 00 00 00 00 2D 40 00 00 00 00 00 00 2E 40 00 00 00 00 00 00 2F 40 00 00 
R04:41:03   00 00 00 00 30 40 00 00 00 00 00 00 31 40 00 00 00 00 00 00 32 40 00 00 00 00 00 00 33 40 00 00 
R04:41:03   00 00 00 00 34 40 00 00 00 00 00 00 35 40 00 00 00 00 00 00 36 40 00 00 00 00 00 00 37 40 00 00 
R04:41:03   00 00 00 00 38 40 00 00 00 00 00 00 39 40 00 C1 CA ED 41 00 3A 40 00 66 66 E6 41 00 3B 40 00 0B 
R04:41:03   D7 E7 41 00 3C 40 00 00 00 00 00 00 3D 40 00 71 3D 04 44 00 3E 40 00 48 E1 5A C1 00 3F 40 00 77 
R04:41:03   BE 7F 3F 00 40 40 00 00 00 00 00 00 41 40 00 00 00 00 00 00 42 40 00 00 00 00 00 00 43 40 00 00 
R04:41:03   00 00 00 00 44 40 00 68 91 57 42 00 
R04:41:03   68 3A 1A 63 DE 06 0D 06 14 00 3F 06 45 40 00 60 E5 50 42 00 46 40 00 C6 4B 59 42 00 47 40 00 00 
R04:41:03   00 00 00 00 48 40 00 3E CA 72 C4 00 49 40 00 2A 5C 7F 42 00 4A 40 00 64 3B 7F BF 00 
S04:41:04   68 04 01 00 1C 63 
R04:41:04   68 0E 1C 63 DE 06 64 01 0A 00 3F 06 00 00 00 14 
S04:41:04   68 0E DE 06 1E 63 65 01 06 00 3F 06 00 00 00 05 
R04:41:04   68 0E 1E 63 E0 06 65 01 07 00 3F 06 00 00 00 05 
R04:41:05   68 4A 20 63 E0 06 CE 08 25 00 3F 06 01 64 00 9A 0C 1C 49 00 02 64 00 66 66 03 44 00 03 64 00 67 
R04:41:05   66 FE 43 00 04 64 00 E7 A7 F4 47 00 05 64 00 00 00 AE 42 00 06 64 00 68 CA F4 47 00 07 64 00 66 
R04:41:05   66 86 41 00 08 64 00 00 00 8A 42 00 
R04:41:05   68 82 22 63 E0 06 CF 08 25 00 3F 06 09 64 00 0A 09 1C 49 00 00 00 1E 04 AC 06 1A 0A 64 00 66 66 
R04:41:05   03 44 00 00 00 1E 04 AC 06 1A 0B 64 00 67 66 FE 43 00 00 00 1E 04 AC 06 1A 0C 64 00 00 A4 F4 47 
R04:41:05   00 00 00 1E 04 AC 06 1A 0D 64 00 00 00 AE 42 00 00 00 1E 04 AC 06 1A 0E 64 00 81 C6 F4 47 00 00 
R04:41:05   00 1E 04 AC 06 1A 0F 64 00 66 66 86 41 00 00 00 1E 04 AC 06 1A 10 64 00 00 00 8A 42 00 00 00 1E 
R04:41:05   04 AC 06 1A 
R04:41:05   68 82 24 63 E0 06 CF 08 25 00 3F 06 11 64 00 39 D0 1B 49 00 00 00 00 00 AC 06 1A 12 64 00 66 66 
R04:41:05   03 44 00 00 00 00 00 AC 06 1A 13 64 00 67 66 FE 43 00 00 00 00 00 AC 06 1A 14 64 00 66 55 F4 47 
R04:41:05   00 00 00 00 00 AC 06 1A 15 64 00 00 00 AE 42 00 00 00 00 00 AC 06 1A 16 64 00 E7 77 F4 47 00 00 
R04:41:05   00 00 00 AC 06 1A 17 64 00 66 66 86 41 00 00 00 00 00 AC 06 1A 18 64 00 00 00 8A 42 00 00 00 00 
R04:41:05   00 AC 06 1A 
S04:41:05   68 04 01 00 26 63 
R04:41:08   68 82 26 63 E0 06 CF 08 25 00 3F 06 19 64 00 00 00 00 00 00 00 00 00 00 AC 06 1A 1A 64 00 00 00 
R04:41:08   00 00 00 00 00 00 00 AC 06 1A 1B 64 00 00 00 00 00 00 00 00 00 00 AC 06 1A 1C 64 00 00 00 00 00 
R04:41:08   00 00 00 00 00 AC 06 1A 1D 64 00 00 00 00 00 00 00 00 00 00 AC 06 1A 1E 64 00 00 00 00 00 00 00 
R04:41:08   00 00 00 AC 06 1A 1F 64 00 00 00 00 00 00 00 00 00 00 AC 06 1A 20 64 00 00 00 00 00 00 00 00 00 
R04:41:08   00 AC 06 1A 
R04:41:08   68 4A 28 63 E0 06 CE 08 25 00 3F 06 21 64 00 CC CC 41 43 00 22 64 00 34 33 0B 43 00 23 64 00 66 
R04:41:08   66 AA 42 00 24 64 00 CD CC EE 42 00 25 64 00 CD CC C4 42 00 26 64 00 CC CC 29 43 00 27 64 00 FF 
R04:41:08   FF 57 42 00 28 64 00 99 99 49 42 00 
R04:41:09   68 82 2A 63 E0 06 CF 08 25 00 3F 06 29 64 00 CC CC 41 43 00 00 00 1E 04 AC 06 1A 2A 64 00 34 33 
R04:41:09   0B 43 00 00 00 1E 04 AC 06 1A 2B 64 00 66 66 AA 42 00 00 00 1E 04 AC 06 1A 2C 64 00 CD CC EE 42 
R04:41:09   00 00 00 1E 04 AC 06 1A 2D 64 00 CD CC C4 42 00 00 00 1E 04 AC 06 1A 2E 64 00 CC CC 29 43 00 00 
R04:41:09   00 1E 04 AC 06 1A 2F 64 00 FF FF 57 42 00 00 00 1E 04 AC 06 1A 30 64 00 99 99 49 42 00 00 00 1E 
R04:41:09   04 AC 06 1A 
R04:41:09   68 82 2C 63 E0 06 CF 08 25 00 3F 06 31 64 00 CC CC 41 43 00 00 00 00 00 AC 06 1A 32 64 00 34 33 
R04:41:09   0B 43 00 00 00 00 00 AC 06 1A 33 64 00 66 66 AA 42 00 00 00 00 00 AC 06 1A 34 64 00 CD CC EE 42 
R04:41:09   00 00 00 00 00 AC 06 1A 35 64 00 CD CC C4 42 00 00 00 00 00 AC 06 1A 36 64 00 CC CC 29 43 00 00 
R04:41:09   00 00 00 AC 06 1A 37 64 00 FF FF 57 42 00 00 00 00 00 AC 06 1A 38 64 00 99 99 49 42 00 00 00 00 
R04:41:09   00 AC 06 1A 
R04:41:09   68 82 2E 63 E0 06 CF 08 25 00 3F 06 39 64 00 00 00 00 00 00 00 00 00 00 AC 06 1A 3A 64 00 00 00 
R04:41:09   00 00 00 00 00 00 00 AC 06 1A 3B 64 00 00 00 00 00 00 00 00 00 00 AC 06 1A 3C 64 00 00 00 00 00 
R04:41:09   00 00 00 00 00 AC 06 1A 3D 64 00 00 00 00 00 00 00 00 00 00 AC 06 1A 3E 64 00 00 00 00 00 00 00 
R04:41:09   00 00 00 AC 06 1A 3F 64 00 00 00 00 00 00 00 00 00 00 AC 06 1A 40 64 00 00 00 00 00 00 00 00 00 
R04:41:09   00 AC 06 1A 
R04:41:09   68 4A 30 63 E0 06 CE 08 25 00 3F 06 41 64 00 CC CC 5F 43 00 42 64 00 33 33 47 43 00 43 64 00 9A 
R04:41:09   99 22 43 00 44 64 00 CC CC 74 42 00 45 64 00 00 00 A8 42 00 46 64 00 00 00 F6 42 00 47 64 00 66 
R04:41:09   66 12 42 00 48 64 00 34 33 77 42 00 
S04:41:09   68 04 01 00 32 63 
R04:41:09   68 82 32 63 E0 06 CF 08 25 00 3F 06 49 64 00 CC CC 5F 43 00 00 00 1E 04 AC 06 1A 4A 64 00 33 33 
R04:41:09   47 43 00 00 00 1E 04 AC 06 1A 4B 64 00 9A 99 22 43 00 00 00 1E 04 AC 06 1A 4C 64 00 CC CC 74 42 
R04:41:09   00 00 00 1E 04 AC 06 1A 4D 64 00 00 00 A8 42 00 00 00 1E 04 AC 06 1A 4E 64 00 00 00 F6 42 00 00 
R04:41:09   00 1E 04 AC 06 1A 4F 64 00 66 66 12 42 00 00 00 1E 04 AC 06 1A 50 64 00 34 33 77 42 00 00 00 1E 
R04:41:09   04 AC 06 1A 
R04:41:10   68 82 34 63 E0 06 CF 08 25 00 3F 06 51 64 00 CC CC 5F 43 00 00 00 00 00 AC 06 1A 52 64 00 33 33 
R04:41:10   47 43 00 00 00 00 00 AC 06 1A 53 64 00 9A 99 22 43 00 00 00 00 00 AC 06 1A 54 64 00 CC CC 74 42 
R04:41:10   00 00 00 00 00 AC 06 1A 55 64 00 00 00 A8 42 00 00 00 00 00 AC 06 1A 56 64 00 00 00 F6 42 00 00 
R04:41:10   00 00 00 AC 06 1A 57 64 00 66 66 12 42 00 00 00 00 00 AC 06 1A 58 64 00 34 33 77 42 00 00 00 00 
R04:41:10   00 AC 06 1A 
R04:41:10   68 82 36 63 E0 06 CF 08 25 00 3F 06 59 64 00 00 00 00 00 00 00 00 00 00 AC 06 1A 5A 64 00 00 00 
R04:41:10   00 00 00 00 00 00 00 AC 06 1A 5B 64 00 00 00 00 00 00 00 00 00 00 AC 06 1A 5C 64 00 00 00 00 00 
R04:41:10   00 00 00 00 00 AC 06 1A 5D 64 00 00 00 00 00 00 00 00 00 00 AC 06 1A 5E 64 00 00 00 00 00 00 00 
R04:41:10   00 00 00 AC 06 1A 5F 64 00 00 00 00 00 00 00 00 00 00 AC 06 1A 60 64 00 00 00 00 00 00 00 00 00 
R04:41:10   00 AC 06 1A 
S04:41:10   68 04 01 00 38 63 
R04:41:11   68 4A 38 63 E0 06 CE 08 25 00 3F 06 61 64 00 74 BC 0B 48 00 62 64 00 66 66 18 43 00 63 64 00 99 
R04:41:11   99 C9 42 00 64 64 00 33 E3 6F 46 00 65 64 00 34 33 8B 42 00 66 64 00 67 AA 70 46 00 67 64 00 67 
R04:41:11   66 4E 42 00 68 64 00 33 33 47 42 00 
R04:41:11   68 82 3A 63 E0 06 CF 08 25 00 3F 06 69 64 00 66 BB 0B 48 00 00 00 1E 04 AC 06 1A 6A 64 00 66 66 
R04:41:11   18 43 00 00 00 1E 04 AC 06 1A 6B 64 00 99 99 C9 42 00 00 00 1E 04 AC 06 1A 6C 64 00 CC E0 6F 46 
R04:41:11   00 00 00 1E 04 AC 06 1A 6D 64 00 34 33 8B 42 00 00 00 1E 04 AC 06 1A 6E 64 00 FF A7 70 46 00 00 
R04:41:11   00 1E 04 AC 06 1A 6F 64 00 67 66 4E 42 00 00 00 1E 04 AC 06 1A 70 64 00 33 33 47 42 00 00 00 1E 
R04:41:11   04 AC 06 1A 
R04:41:12   68 82 3C 63 E0 06 CF 08 25 00 3F 06 71 64 00 8C 9A 0B 48 00 00 00 00 00 AC 06 1A 72 64 00 66 66 
R04:41:12   18 43 00 00 00 00 00 AC 06 1A 73 64 00 99 99 C9 42 00 00 00 00 00 AC 06 1A 74 64 00 00 A0 6F 46 
R04:41:12   00 00 00 00 00 AC 06 1A 75 64 00 34 33 8B 42 00 00 00 00 00 AC 06 1A 76 64 00 34 67 70 46 00 00 
R04:41:12   00 00 00 AC 06 1A 77 64 00 67 66 4E 42 00 00 00 00 00 AC 06 1A 78 64 00 33 33 47 42 00 00 00 00 
R04:41:12   00 AC 06 1A 
R04:41:12   68 82 3E 63 E0 06 CF 08 25 00 3F 06 79 64 00 FF 44 DE 47 00 3A AE 25 0D F1 05 1A 7A 64 00 66 66 
R04:41:12   18 43 00 3A AE 25 0D F1 05 1A 7B 64 00 99 99 C9 42 00 3A AE 25 0D F1 05 1A 7C 64 00 67 46 50 46 
R04:41:12   00 3A AE 25 0D F1 05 1A 7D 64 00 34 33 8B 42 00 3A AE 25 0D F1 05 1A 7E 64 00 33 0B 51 46 00 3A 
R04:41:12   AE 25 0D F1 05 1A 7F 64 00 67 66 4E 42 00 3A AE 25 0D F1 05 1A 80 64 00 CD CC 44 42 00 3A AE 25 
R04:41:12   0D F1 05 1A 
S04:41:12   68 04 01 00 40 63 
R04:41:13   68 4A 40 63 E0 06 CE 08 25 00 3F 06 81 64 00 3E 96 48 4A 00 82 64 00 CC 6C 38 46 00 83 64 00 9A 
R04:41:13   31 2A 46 00 84 64 00 00 5D F0 47 00 85 64 00 CC 4C 8A 43 00 86 64 00 4C 90 F0 47 00 87 64 00 34 
R04:41:13   B3 63 44 00 88 64 00 34 33 CD 42 00 
R04:41:13   68 82 42 63 E0 06 CF 08 25 00 3F 06 89 64 00 E7 94 48 4A 00 00 00 1E 04 AC 06 1A 8A 64 00 CC 6C 
R04:41:13   38 46 00 00 00 1E 04 AC 06 1A 8B 64 00 9A 31 2A 46 00 00 00 1E 04 AC 06 1A 8C 64 00 CC 5B F0 47 
R04:41:13   00 00 00 1E 04 AC 06 1A 8D 64 00 CC 4C 8A 43 00 00 00 1E 04 AC 06 1A 8E 64 00 18 8F F0 47 00 00 
R04:41:13   00 1E 04 AC 06 1A 8F 64 00 34 B3 63 44 00 00 00 1E 04 AC 06 1A 90 64 00 34 33 CD 42 00 00 00 1E 
R04:41:13   04 AC 06 1A 
R04:41:14   68 82 44 63 E0 06 CF 08 25 00 3F 06 91 64 00 AE 6C 48 4A 00 00 00 00 00 AC 06 1A 92 64 00 CC 6C 
R04:41:14   38 46 00 00 00 00 00 AC 06 1A 93 64 00 9A 31 2A 46 00 00 00 00 00 AC 06 1A 94 64 00 B3 3E F0 47 
R04:41:14   00 00 00 00 00 AC 06 1A 95 64 00 CC 4C 8A 43 00 00 00 00 00 AC 06 1A 96 64 00 00 72 F0 47 00 00 
R04:41:14   00 00 00 AC 06 1A 97 64 00 34 B3 63 44 00 00 00 00 00 AC 06 1A 98 64 00 34 33 CD 42 00 00 00 00 
R04:41:14   00 AC 06 1A 
R04:41:14   68 82 46 63 E0 06 CF 08 25 00 3F 06 99 64 00 2B C0 DB 49 00 BB 6F 25 0B 6F 04 1A 9A 64 00 00 00 
R04:41:14   99 44 00 BB 6F 25 0B 6F 04 1A 9B 64 00 9A 99 9C 43 00 BB 6F 25 0B 6F 04 1A 9C 64 00 CC 8A AC 47 
R04:41:14   00 BB 6F 25 0B 6F 04 1A 9D 64 00 66 66 89 43 00 BB 6F 25 0B 6F 04 1A 9E 64 00 19 BE AC 47 00 BB 
R04:41:14   6F 25 0B 6F 04 1A 9F 64 00 34 B3 63 44 00 BB 6F 25 0B 6F 04 1A A0 64 00 34 33 CD 42 00 BB 6F 25 
R04:41:14   0B 6F 04 1A 
S04:41:14   68 04 01 00 48 63 
R04:41:14   68 4A 48 63 E0 06 CE 08 25 00 3F 06 A1 64 00 33 73 4C 44 00 A2 64 00 E6 C1 69 48 00 A3 64 00 98 
R04:41:14   99 CF 42 00 A4 64 00 66 26 AE 44 00 A5 64 00 24 73 79 4A 00 A6 64 00 34 5B F9 45 00 A7 64 00 F3 
R04:41:14   A7 69 48 00 A8 64 00 9A D1 CD 45 00 
R04:41:14   68 82 4A 63 E0 06 CF 08 25 00 3F 06 A9 64 00 33 73 4C 44 00 00 00 1E 04 AC 06 1A AA 64 00 33 BF 
R04:41:14   69 48 00 00 00 1E 04 AC 06 1A AB 64 00 98 99 CF 42 00 00 00 1E 04 AC 06 1A AC 64 00 66 26 AE 44 
R04:41:14   00 00 00 1E 04 AC 06 1A AD 64 00 90 70 79 4A 00 00 00 1E 04 AC 06 1A AE 64 00 34 5B F9 45 00 00 
R04:41:14   00 1E 04 AC 06 1A AF 64 00 40 A5 69 48 00 00 00 1E 04 AC 06 1A B0 64 00 9A D1 CD 45 00 00 00 1E 
R04:41:14   04 AC 06 1A 
R04:41:16   68 82 4C 63 E0 06 CF 08 25 00 3F 06 B1 64 00 33 73 4C 44 00 00 00 00 00 AC 06 1A B2 64 00 27 8B 
R04:41:16   69 48 00 00 00 00 00 AC 06 1A B3 64 00 98 99 CF 42 00 00 00 00 00 AC 06 1A B4 64 00 66 26 AE 44 
R04:41:16   00 00 00 00 00 AC 06 1A B5 64 00 CB 37 79 4A 00 00 00 00 00 AC 06 1A B6 64 00 34 5B F9 45 00 00 
R04:41:16   00 00 00 AC 06 1A B7 64 00 34 71 69 48 00 00 00 00 00 AC 06 1A B8 64 00 9A D1 CD 45 00 00 00 00 
R04:41:16   00 AC 06 1A 
S04:41:16   68 04 01 00 4E 63 
R04:41:16   68 82 4E 63 E0 06 CF 08 25 00 3F 06 B9 64 00 33 73 4C 44 00 7A 6D 25 0B 6F 04 1A BA 64 00 00 A3 
R04:41:16   1E 48 00 7A 6D 25 0B 6F 04 1A BB 64 00 98 99 CF 42 00 7A 6D 25 0B 6F 04 1A BC 64 00 66 26 AE 44 
R04:41:16   00 7A 6D 25 0B 6F 04 1A BD 64 00 7A F6 0A 4A 00 7A 6D 25 0B 6F 04 1A BE 64 00 CC 0C BB 44 00 7A 
R04:41:16   6D 25 0B 6F 04 1A BF 64 00 0D 89 1E 48 00 7A 6D 25 0B 6F 04 1A C0 64 00 67 66 CE 42 00 7A 6D 25 
R04:41:16   0B 6F 04 1A 
R04:41:17   68 0E 50 63 E0 06 65 01 0A 00 3F 06 00 00 00 05 
S04:41:17   68 14 E0 06 52 63 67 01 06 00 3F 06 00 00 00 AE 42 29 04 AC 06 1A 
R04:41:17   68 14 52 63 E2 06 67 01 07 00 3F 06 00 00 00 AE 42 29 04 AC 06 1A 
S04:41:27   68 04 01 00 54 63 
S04:41:43   68 04 43 00 00 00 
R04:41:44   68 04 83 00 00 00 
S04:42:00   68 04 43 00 00 00 
R04:42:01   68 04 83 00 00 00 
S04:42:17   68 04 43 00 00 00 
R04:42:22   68 04 83 00 00 00 
R04:42:37   68 04 43 00 00 00 
S04:42:37   68 04 83 00 00 00 
S04:42:53   68 04 43 00 00 00 
R04:42:54   68 04 83 00 00 00 
S04:43:10   68 04 43 00 00 00 
R04:43:11   68 04 83 00 00 00 
S04:43:27   68 04 43 00 00 00 
R04:43:28   68 04 83 00 00 00 
S04:43:44   68 04 43 00 00 00 
R04:43:45   68 04 83 00 00 00 
S04:44:01   68 04 43 00 00 00 
R04:44:02   68 04 83 00 00 00 
S04:44:18   68 04 43 00 00 00 
R04:44:19   68 04 83 00 00 00 
S04:44:35   68 04 43 00 00 00 
R04:44:36   68 04 83 00 00 00 
S04:44:52   68 04 43 00 00 00 
R04:44:52   68 04 83 00 00 00 
S04:45:08   68 04 43 00 00 00 
R04:45:08   68 04 83 00 00 00 
R04:45:14   68 12 54 63 E2 06 0D 01 03 00 3F 06 46 40 00 C6 4B 71 42 00 
S04:45:14   68 04 01 00 56 63 
R04:45:16   68 12 56 63 E2 06 0D 01 03 00 3F 06 44 40 00 6C E7 6F 42 00 
S04:45:25   68 04 01 00 58 63 
S04:45:41   68 04 43 00 00 00 
R04:45:41   68 04 83 00 00 00 
S04:45:57   68 04 43 00 00 00 
R04:45:57   68 04 83 00 00 00 
S04:46:13   68 04 43 00 00 00 
R04:46:13   68 04 83 00 00 00 
S04:46:29   68 04 43 00 00 00 
R04:46:29   68 04 83 00 00 00 
S04:46:45   68 04 43 00 00 00 
R04:46:45   68 04 83 00 00 00 
S04:47:01   68 04 43 00 00 00 
R04:47:01   68 04 83 00 00 00 
S04:47:17   68 04 43 00 00 00 
R04:47:17   68 04 83 00 00 00 
S04:47:33   68 04 43 00 00 00 
R04:47:33   68 04 83 00 00 00 
S04:47:49   68 04 43 00 00 00 
R04:47:49   68 04 83 00 00 00 
S04:48:05   68 04 43 00 00 00 
R04:48:05   68 04 83 00 00 00 
S04:48:21   68 04 43 00 00 00 
R04:48:21   68 04 83 00 00 00 
S04:48:37   68 04 43 00 00 00 
R04:48:37   68 04 83 00 00 00 
S04:48:53   68 04 43 00 00 00 
R04:48:54   68 04 83 00 00 00 
S04:49:10   68 04 43 00 00 00 
R04:49:10   68 04 83 00 00 00 
S04:49:26   68 04 43 00 00 00 
R04:49:26   68 04 83 00 00 00 
S04:49:42   68 04 43 00 00 00 
R04:49:42   68 04 83 00 00 00 
S04:49:58   68 04 43 00 00 00 
R04:49:58   68 04 83 00 00 00 
S04:50:14   68 04 43 00 00 00 
R04:50:14   68 04 83 00 00 00 
S04:50:30   68 04 43 00 00 00 
R04:50:30   68 04 83 00 00 00 
S04:50:46   68 04 43 00 00 00 
R04:50:46   68 04 83 00 00 00 
S04:51:02   68 04 43 00 00 00 
R04:51:02   68 04 83 00 00 00 
S04:51:18   68 04 43 00 00 00 
R04:51:18   68 04 83 00 00 00 
R04:51:28   68 12 58 63 E2 06 0D 01 03 00 3F 06 44 40 00 64 3B 57 42 00 
S04:51:28   68 04 01 00 5A 63 
S04:51:44   68 04 43 00 00 00 
R04:51:44   68 04 83 00 00 00 
R04:51:46   68 12 5A 63 E2 06 0D 01 03 00 3F 06 46 40 00 C6 4B 59 42 00 
S04:51:46   68 04 01 00 5C 63 
S04:52:02   68 04 43 00 00 00 
R04:52:02   68 04 83 00 00 00 
S04:52:18   68 04 43 00 00 00 
R04:52:18   68 04 83 00 00 00 
S04:52:34   68 04 43 00 00 00 
R04:52:34   68 04 83 00 00 00 
S04:52:50   68 04 43 00 00 00 
R04:52:50   68 04 83 00 00 00 
S04:53:06   68 04 43 00 00 00 
R04:53:06   68 04 83 00 00 00 
S04:53:22   68 04 43 00 00 00 
R04:53:22   68 04 83 00 00 00 
S04:53:38   68 04 43 00 00 00 
R04:53:38   68 04 83 00 00 00 
S04:53:54   68 04 43 00 00 00 
R04:53:54   68 04 83 00 00 00 
S04:54:10   68 04 43 00 00 00 
R04:54:10   68 04 83 00 00 00 
S04:54:26   68 04 43 00 00 00 
R04:54:26   68 04 83 00 00 00 
R04:54:34   68 12 5C 63 E2 06 0D 01 03 00 3F 06 45 40 00 5C 8F 38 42 00 
S04:54:34   68 04 01 00 5E 63 
S04:54:50   68 04 43 00 00 00 
R04:54:50   68 04 83 00 00 00 
S04:55:06   68 04 43 00 00 00 
R04:55:07   68 04 83 00 00 00 
R04:55:17   68 12 5E 63 E2 06 0D 01 03 00 3F 06 44 40 00 5D 8F 3E 42 00 
S04:55:17   68 04 01 00 60 63 
S04:55:33   68 04 43 00 00 00 
R04:55:34   68 04 83 00 00 00 
S04:55:50   68 04 43 00 00 00 
R04:55:51   68 04 83 00 00 00 
S04:55:59   68 0E E2 06 60 63 64 01 06 00 3F 06 00 00 00 14 
R04:56:00   68 0E 60 63 E4 06 64 01 07 00 3F 06 00 00 00 14 
R04:56:00   68 E6 62 63 E4 06 01 37 14 00 3F 06 01 00 00 00 02 00 00 00 03 00 00 00 04 00 00 00 05 00 00 00 
R04:56:00   06 00 00 00 07 00 00 01 08 00 00 00 09 00 00 00 0A 00 00 00 0B 00 00 00 0C 00 00 00 0D 00 00 00 
R04:56:00   0E 00 00 00 0F 00 00 00 10 00 00 00 11 00 00 00 12 00 00 00 13 00 00 00 14 00 00 00 15 00 00 00 
R04:56:00   16 00 00 00 17 00 00 00 18 00 00 00 19 00 00 00 1A 00 00 01 1B 00 00 01 1C 00 00 00 1D 00 00 01 
R04:56:00   1E 00 00 01 1F 00 00 01 20 00 00 00 21 00 00 00 22 00 00 00 23 00 00 00 24 00 00 00 25 00 00 00 
R04:56:00   26 00 00 00 27 00 00 00 28 00 00 00 29 00 00 01 2A 00 00 00 2B 00 00 00 2C 00 00 00 2D 00 00 00 
R04:56:00   2E 00 00 00 2F 00 00 00 30 00 00 00 31 00 00 00 32 00 00 00 33 00 00 00 34 00 00 00 35 00 00 00 
R04:56:00   36 00 00 00 37 00 00 00 
S04:56:00   68 04 01 00 64 63 
R04:56:01   68 D2 64 63 E4 06 01 32 14 00 3F 06 38 00 00 00 39 00 00 00 3A 00 00 00 3B 00 00 01 3C 00 00 00 
R04:56:01   3D 00 00 00 3E 00 00 01 3F 00 00 01 40 00 00 00 41 00 00 00 42 00 00 01 43 00 00 00 44 00 00 00 
R04:56:01   45 00 00 00 46 00 00 00 47 00 00 00 48 00 00 00 49 00 00 00 4A 00 00 01 4B 00 00 00 4C 00 00 00 
R04:56:01   4D 00 00 00 4E 00 00 00 4F 00 00 00 50 00 00 00 51 00 00 00 52 00 00 00 53 00 00 00 54 00 00 00 
R04:56:01   55 00 00 00 56 00 00 00 57 00 00 00 58 00 00 00 59 00 00 00 5A 00 00 00 5B 00 00 00 5C 00 00 01 
R04:56:01   5D 00 00 00 5E 00 00 00 5F 00 00 01 60 00 00 01 61 00 00 00 62 00 00 00 63 00 00 01 64 00 00 00 
R04:56:01   65 00 00 00 66 00 00 00 67 00 00 00 68 00 00 00 69 00 00 00 
R04:56:01   68 E6 66 63 E4 06 01 37 14 00 3F 06 69 00 00 00 6A 00 00 01 6B 00 00 00 6C 00 00 00 6D 00 00 00 
R04:56:01   6E 00 00 00 6F 00 00 00 70 00 00 00 71 00 00 00 72 00 00 00 73 00 00 00 74 00 00 00 75 00 00 00 
R04:56:01   76 00 00 00 77 00 00 00 78 00 00 00 79 00 00 00 7A 00 00 00 7B 00 00 00 7C 00 00 00 7D 00 00 01 
R04:56:01   7E 00 00 01 7F 00 00 00 80 00 00 01 81 00 00 01 82 00 00 01 83 00 00 00 84 00 00 00 85 00 00 00 
R04:56:01   86 00 00 00 87 00 00 00 88 00 00 00 89 00 00 00 8A 00 00 00 8B 00 00 01 8C 00 00 00 8D 00 00 00 
R04:56:01   8E 00 00 00 8F 00 00 00 90 00 00 00 91 00 00 00 92 00 00 00 93 00 00 00 94 00 00 00 95 00 00 00 
R04:56:01   96 00 00 00 97 00 00 00 98 00 00 00 99 00 00 00 9A 00 00 00 9B 00 00 00 9C 00 00 00 9D 00 00 00 
R04:56:01   9E 00 00 01 9F 00 00 00 
R04:56:01   68 A6 68 63 E4 06 01 27 14 00 3F 06 A0 00 00 00 A1 00 00 01 A2 00 00 01 A3 00 00 01 A4 00 00 00 
R04:56:01   A5 00 00 00 A6 00 00 00 A7 00 00 00 A8 00 00 00 A9 00 00 00 AA 00 00 00 AB 00 00 00 AC 00 00 01 
R04:56:01   AD 00 00 00 AE 00 00 00 AF 00 00 00 B0 00 00 00 B1 00 00 00 B2 00 00 00 B3 00 00 00 B4 00 00 00 
R04:56:01   B5 00 00 00 B6 00 00 00 B7 00 00 00 B8 00 00 00 B9 00 00 00 BA 00 00 00 BB 00 00 00 BC 00 00 00 
R04:56:01   BD 00 00 00 BE 00 00 00 BF 00 00 01 C0 00 00 00 C1 00 00 00 C2 00 00 01 C3 00 00 01 C4 00 00 01 
R04:56:01   C5 00 00 00 C6 00 00 00 
S04:56:01   68 04 01 00 6A 63 
R04:56:02   68 EA 6A 63 E4 06 0D 1C 14 00 3F 06 01 40 00 00 00 66 43 00 02 40 00 D7 A3 54 42 00 03 40 00 85 
R04:56:02   EB 27 41 00 04 40 00 00 00 00 00 00 05 40 00 E2 7A 28 41 00 06 40 00 00 00 00 00 00 07 40 00 91 
R04:56:02   ED 47 42 00 08 40 00 00 00 00 00 00 09 40 00 00 00 00 00 00 0A 40 00 00 00 00 00 00 0B 40 00 00 
R04:56:02   00 00 00 00 0C 40 00 00 00 00 00 00 0D 40 00 48 E1 92 41 00 0E 40 00 10 58 91 41 00 0F 40 00 3E 
R04:56:02   0A 9B 41 00 10 40 00 00 00 00 00 00 11 40 00 E1 FA A6 43 00 12 40 00 B8 1E 6D C2 00 13 40 00 6D 
R04:56:02   E7 7B 3F 00 14 40 00 00 00 00 00 00 15 40 00 00 00 00 00 00 16 40 00 00 00 00 00 00 17 40 00 00 
R04:56:02   00 00 00 00 18 40 00 00 00 00 00 00 19 40 00 00 00 00 00 00 1A 40 00 00 00 00 00 00 1B 40 00 00 
R04:56:02   00 00 00 00 1C 40 00 00 00 00 00 00 
R04:56:02   68 6A 6C 63 E4 06 0D 0C 14 00 3F 06 1D 40 00 00 00 00 00 00 1E 40 00 00 00 00 00 00 1F 40 00 00 
R04:56:02   00 00 00 00 20 40 00 00 00 00 00 00 21 40 00 00 00 00 00 00 22 40 00 00 00 00 00 00 23 40 00 00 
R04:56:02   00 00 00 00 24 40 00 00 00 00 00 00 25 40 00 00 00 00 00 00 26 40 00 00 00 00 00 00 27 40 00 00 
R04:56:02   00 00 00 00 28 40 00 00 00 00 00 00 
R04:56:03   68 EA 6E 63 E4 06 0D 1C 14 00 3F 06 29 40 00 00 00 00 00 00 2A 40 00 00 00 00 00 00 2B 40 00 00 
R04:56:03   00 00 00 00 2C 40 00 00 00 00 00 00 2D 40 00 00 00 00 00 00 2E 40 00 00 00 00 00 00 2F 40 00 00 
R04:56:03   00 00 00 00 30 40 00 00 00 00 00 00 31 40 00 00 00 00 00 00 32 40 00 00 00 00 00 00 33 40 00 00 
R04:56:03   00 00 00 00 34 40 00 00 00 00 00 00 35 40 00 00 00 00 00 00 36 40 00 00 00 00 00 00 37 40 00 00 
R04:56:03   00 00 00 00 38 40 00 00 00 00 00 00 39 40 00 72 68 E1 41 00 3A 40 00 43 8B D4 41 00 3B 40 00 79 
R04:56:03   E9 DE 41 00 3C 40 00 00 00 00 00 00 3D 40 00 EC D1 F8 43 00 3E 40 00 A4 70 85 C1 00 3F 40 00 77 
R04:56:03   BE 7F 3F 00 40 40 00 00 00 00 00 00 41 40 00 00 00 00 00 00 42 40 00 00 00 00 00 00 43 40 00 00 
R04:56:03   00 00 00 00 44 40 00 61 E5 3E 42 00 
R04:56:03   68 3A 70 63 E4 06 0D 06 14 00 3F 06 45 40 00 A4 70 35 42 00 46 40 00 18 04 42 42 00 47 40 00 00 
R04:56:03   00 00 00 00 48 40 00 34 33 56 C4 00 49 40 00 B8 1E 93 42 00 4A 40 00 DB F9 7E BF 00 
S04:56:03   68 04 01 00 72 63 
R04:56:04   68 0E 72 63 E4 06 64 01 0A 00 3F 06 00 00 00 14 
S04:56:04   68 0E E4 06 74 63 65 01 06 00 3F 06 00 00 00 05 
R04:56:05   68 0E 74 63 E6 06 65 01 07 00 3F 06 00 00 00 05 
R04:56:05   68 4A 76 63 E6 06 CE 08 25 00 3F 06 01 64 00 A6 13 1C 49 00 02 64 00 66 66 03 44 00 03 64 00 67 
R04:56:05   66 FE 43 00 04 64 00 4D B0 F4 47 00 05 64 00 00 00 AE 42 00 06 64 00 CD D2 F4 47 00 07 64 00 66 
R04:56:05   66 86 41 00 08 64 00 00 00 8A 42 00 
R04:56:06   68 82 78 63 E6 06 CF 08 25 00 3F 06 09 64 00 ED 0E 1C 49 00 00 00 2D 04 AC 06 1A 0A 64 00 66 66 
R04:56:06   03 44 00 00 00 2D 04 AC 06 1A 0B 64 00 67 66 FE 43 00 00 00 2D 04 AC 06 1A 0C 64 00 99 AA F4 47 
R04:56:06   00 00 00 2D 04 AC 06 1A 0D 64 00 00 00 AE 42 00 00 00 2D 04 AC 06 1A 0E 64 00 1A CD F4 47 00 00 
R04:56:06   00 2D 04 AC 06 1A 0F 64 00 66 66 86 41 00 00 00 2D 04 AC 06 1A 10 64 00 00 00 8A 42 00 00 00 2D 
R04:56:06   04 AC 06 1A 
S04:56:06   68 04 01 00 7A 63 
R04:56:06   68 82 7A 63 E6 06 CF 08 25 00 3F 06 11 64 00 39 D0 1B 49 00 00 00 00 00 AC 06 1A 12 64 00 66 66 
R04:56:06   03 44 00 00 00 00 00 AC 06 1A 13 64 00 67 66 FE 43 00 00 00 00 00 AC 06 1A 14 64 00 66 55 F4 47 
R04:56:06   00 00 00 00 00 AC 06 1A 15 64 00 00 00 AE 42 00 00 00 00 00 AC 06 1A 16 64 00 E7 77 F4 47 00 00 
R04:56:06   00 00 00 AC 06 1A 17 64 00 66 66 86 41 00 00 00 00 00 AC 06 1A 18 64 00 00 00 8A 42 00 00 00 00 
R04:56:06   00 AC 06 1A 
R04:56:07   68 82 7C 63 E6 06 CF 08 25 00 3F 06 19 64 00 00 00 00 00 00 00 00 00 00 AC 06 1A 1A 64 00 00 00 
R04:56:07   00 00 00 00 00 00 00 AC 06 1A 1B 64 00 00 00 00 00 00 00 00 00 00 AC 06 1A 1C 64 00 00 00 00 00 
R04:56:07   00 00 00 00 00 AC 06 1A 1D 64 00 00 00 00 00 00 00 00 00 00 AC 06 1A 1E 64 00 00 00 00 00 00 00 
R04:56:07   00 00 00 AC 06 1A 1F 64 00 00 00 00 00 00 00 00 00 00 AC 06 1A 20 64 00 00 00 00 00 00 00 00 00 
R04:56:07   00 AC 06 1A 
R04:56:07   68 4A 7E 63 E6 06 CE 08 25 00 3F 06 21 64 00 CC CC 41 43 00 22 64 00 34 33 0B 43 00 23 64 00 66 
R04:56:07   66 AA 42 00 24 64 00 CD CC EE 42 00 25 64 00 CD CC C4 42 00 26 64 00 CC CC 29 43 00 27 64 00 FF 
R04:56:07   FF 57 42 00 28 64 00 99 99 49 42 00 
S04:56:07   68 04 01 00 80 63 
R04:56:08   68 82 80 63 E6 06 CF 08 25 00 3F 06 29 64 00 CC CC 41 43 00 00 00 2D 04 AC 06 1A 2A 64 00 34 33 
R04:56:08   0B 43 00 00 00 2D 04 AC 06 1A 2B 64 00 66 66 AA 42 00 00 00 2D 04 AC 06 1A 2C 64 00 CD CC EE 42 
R04:56:08   00 00 00 2D 04 AC 06 1A 2D 64 00 CD CC C4 42 00 00 00 2D 04 AC 06 1A 2E 64 00 CC CC 29 43 00 00 
R04:56:08   00 2D 04 AC 06 1A 2F 64 00 FF FF 57 42 00 00 00 2D 04 AC 06 1A 30 64 00 99 99 49 42 00 00 00 2D 
R04:56:08   04 AC 06 1A 
R04:56:08   68 82 82 63 E6 06 CF 08 25 00 3F 06 31 64 00 CC CC 41 43 00 00 00 00 00 AC 06 1A 32 64 00 34 33 
R04:56:08   0B 43 00 00 00 00 00 AC 06 1A 33 64 00 66 66 AA 42 00 00 00 00 00 AC 06 1A 34 64 00 CD CC EE 42 
R04:56:08   00 00 00 00 00 AC 06 1A 35 64 00 CD CC C4 42 00 00 00 00 00 AC 06 1A 36 64 00 CC CC 29 43 00 00 
R04:56:08   00 00 00 AC 06 1A 37 64 00 FF FF 57 42 00 00 00 00 00 AC 06 1A 38 64 00 99 99 49 42 00 00 00 00 
R04:56:08   00 AC 06 1A 
R04:56:08   68 82 84 63 E6 06 CF 08 25 00 3F 06 39 64 00 00 00 00 00 00 00 00 00 00 AC 06 1A 3A 64 00 00 00 
R04:56:08   00 00 00 00 00 00 00 AC 06 1A 3B 64 00 00 00 00 00 00 00 00 00 00 AC 06 1A 3C 64 00 00 00 00 00 
R04:56:08   00 00 00 00 00 AC 06 1A 3D 64 00 00 00 00 00 00 00 00 00 00 AC 06 1A 3E 64 00 00 00 00 00 00 00 
R04:56:08   00 00 00 AC 06 1A 3F 64 00 00 00 00 00 00 00 00 00 00 AC 06 1A 40 64 00 00 00 00 00 00 00 00 00 
R04:56:08   00 AC 06 1A 
S04:56:08   68 04 01 00 86 63 
R04:56:09   68 4A 86 63 E6 06 CE 08 25 00 3F 06 41 64 00 CC CC 5F 43 00 42 64 00 33 33 47 43 00 43 64 00 9A 
R04:56:09   99 22 43 00 44 64 00 CC CC 74 42 00 45 64 00 00 00 A8 42 00 46 64 00 00 00 F6 42 00 47 64 00 66 
R04:56:09   66 12 42 00 48 64 00 34 33 77 42 00 
R04:56:09   68 82 88 63 E6 06 CF 08 25 00 3F 06 49 64 00 CC CC 5F 43 00 00 00 2D 04 AC 06 1A 4A 64 00 33 33 
R04:56:09   47 43 00 00 00 2D 04 AC 06 1A 4B 64 00 9A 99 22 43 00 00 00 2D 04 AC 06 1A 4C 64 00 CC CC 74 42 
R04:56:09   00 00 00 2D 04 AC 06 1A 4D 64 00 00 00 A8 42 00 00 00 2D 04 AC 06 1A 4E 64 00 00 00 F6 42 00 00 
R04:56:09   00 2D 04 AC 06 1A 4F 64 00 66 66 12 42 00 00 00 2D 04 AC 06 1A 50 64 00 34 33 77 42 00 00 00 2D 
R04:56:09   04 AC 06 1A 
R04:56:10   68 82 8A 63 E6 06 CF 08 25 00 3F 06 51 64 00 CC CC 5F 43 00 00 00 00 00 AC 06 1A 52 64 00 33 33 
R04:56:10   47 43 00 00 00 00 00 AC 06 1A 53 64 00 9A 99 22 43 00 00 00 00 00 AC 06 1A 54 64 00 CC CC 74 42 
R04:56:10   00 00 00 00 00 AC 06 1A 55 64 00 00 00 A8 42 00 00 00 00 00 AC 06 1A 56 64 00 00 00 F6 42 00 00 
R04:56:10   00 00 00 AC 06 1A 57 64 00 66 66 12 42 00 00 00 00 00 AC 06 1A 58 64 00 34 33 77 42 00 00 00 00 
R04:56:10   00 AC 06 1A 
S04:56:10   68 04 01 00 8C 63 
R04:56:10   68 82 8C 63 E6 06 CF 08 25 00 3F 06 59 64 00 00 00 00 00 00 00 00 00 00 AC 06 1A 5A 64 00 00 00 
R04:56:10   00 00 00 00 00 00 00 AC 06 1A 5B 64 00 00 00 00 00 00 00 00 00 00 AC 06 1A 5C 64 00 00 00 00 00 
R04:56:10   00 00 00 00 00 AC 06 1A 5D 64 00 00 00 00 00 00 00 00 00 00 AC 06 1A 5E 64 00 00 00 00 00 00 00 
R04:56:10   00 00 00 AC 06 1A 5F 64 00 00 00 00 00 00 00 00 00 00 AC 06 1A 60 64 00 00 00 00 00 00 00 00 00 
R04:56:10   00 AC 06 1A 
R04:56:11   68 4A 8E 63 E6 06 CE 08 25 00 3F 06 61 64 00 F3 BD 0B 48 00 62 64 00 66 66 18 43 00 63 64 00 99 
R04:56:11   99 C9 42 00 64 64 00 00 E8 6F 46 00 65 64 00 34 33 8B 42 00 66 64 00 34 AF 70 46 00 67 64 00 67 
R04:56:11   66 4E 42 00 68 64 00 33 33 47 42 00 
R04:56:11   68 82 90 63 E6 06 CF 08 25 00 3F 06 69 64 00 E7 BC 0B 48 00 00 00 2D 04 AC 06 1A 6A 64 00 66 66 
R04:56:11   18 43 00 00 00 2D 04 AC 06 1A 6B 64 00 99 99 C9 42 00 00 00 2D 04 AC 06 1A 6C 64 00 99 E5 6F 46 
R04:56:11   00 00 00 2D 04 AC 06 1A 6D 64 00 34 33 8B 42 00 00 00 2D 04 AC 06 1A 6E 64 00 CC AC 70 46 00 00 
R04:56:11   00 2D 04 AC 06 1A 6F 64 00 67 66 4E 42 00 00 00 2D 04 AC 06 1A 70 64 00 33 33 47 42 00 00 00 2D 
R04:56:11   04 AC 06 1A 
S04:56:11   68 04 01 00 92 63 
R04:56:13   68 82 92 63 E6 06 CF 08 25 00 3F 06 71 64 00 8C 9A 0B 48 00 00 00 00 00 AC 06 1A 72 64 00 66 66 
R04:56:13   18 43 00 00 00 00 00 AC 06 1A 73 64 00 99 99 C9 42 00 00 00 00 00 AC 06 1A 74 64 00 00 A0 6F 46 
R04:56:13   00 00 00 00 00 AC 06 1A 75 64 00 34 33 8B 42 00 00 00 00 00 AC 06 1A 76 64 00 34 67 70 46 00 00 
R04:56:13   00 00 00 AC 06 1A 77 64 00 67 66 4E 42 00 00 00 00 00 AC 06 1A 78 64 00 33 33 47 42 00 00 00 00 
R04:56:13   00 AC 06 1A 
R04:56:13   68 82 94 63 E6 06 CF 08 25 00 3F 06 79 64 00 FF 44 DE 47 00 3A AE 25 0D F1 05 1A 7A 64 00 66 66 
R04:56:13   18 43 00 3A AE 25 0D F1 05 1A 7B 64 00 99 99 C9 42 00 3A AE 25 0D F1 05 1A 7C 64 00 67 46 50 46 
R04:56:13   00 3A AE 25 0D F1 05 1A 7D 64 00 34 33 8B 42 00 3A AE 25 0D F1 05 1A 7E 64 00 33 0B 51 46 00 3A 
R04:56:13   AE 25 0D F1 05 1A 7F 64 00 67 66 4E 42 00 3A AE 25 0D F1 05 1A 80 64 00 CD CC 44 42 00 3A AE 25 
R04:56:13   0D F1 05 1A 
R04:56:13   68 4A 96 63 E6 06 CE 08 25 00 3F 06 81 64 00 4D 98 48 4A 00 82 64 00 CC 6C 38 46 00 83 64 00 9A 
R04:56:13   31 2A 46 00 84 64 00 CD 5E F0 47 00 85 64 00 CC 4C 8A 43 00 86 64 00 1A 92 F0 47 00 87 64 00 34 
R04:56:13   B3 63 44 00 88 64 00 34 33 CD 42 00 
R04:56:13   68 82 98 63 E6 06 CF 08 25 00 3F 06 89 64 00 E8 96 48 4A 00 00 00 2D 04 AC 06 1A 8A 64 00 CC 6C 
R04:56:13   38 46 00 00 00 2D 04 AC 06 1A 8B 64 00 9A 31 2A 46 00 00 00 2D 04 AC 06 1A 8C 64 00 4C 5D F0 47 
R04:56:13   00 00 00 2D 04 AC 06 1A 8D 64 00 CC 4C 8A 43 00 00 00 2D 04 AC 06 1A 8E 64 00 9A 90 F0 47 00 00 
R04:56:13   00 2D 04 AC 06 1A 8F 64 00 34 B3 63 44 00 00 00 2D 04 AC 06 1A 90 64 00 34 33 CD 42 00 00 00 2D 
R04:56:13   04 AC 06 1A 
S04:56:13   68 04 01 00 9A 63 
R04:56:13   68 82 9A 63 E6 06 CF 08 25 00 3F 06 91 64 00 AE 6C 48 4A 00 00 00 00 00 AC 06 1A 92 64 00 CC 6C 
R04:56:13   38 46 00 00 00 00 00 AC 06 1A 93 64 00 9A 31 2A 46 00 00 00 00 00 AC 06 1A 94 64 00 B3 3E F0 47 
R04:56:13   00 00 00 00 00 AC 06 1A 95 64 00 CC 4C 8A 43 00 00 00 00 00 AC 06 1A 96 64 00 00 72 F0 47 00 00 
R04:56:13   00 00 00 AC 06 1A 97 64 00 34 B3 63 44 00 00 00 00 00 AC 06 1A 98 64 00 34 33 CD 42 00 00 00 00 
R04:56:13   00 AC 06 1A 
R04:56:14   68 82 9C 63 E6 06 CF 08 25 00 3F 06 99 64 00 2B C0 DB 49 00 BB 6F 25 0B 6F 04 1A 9A 64 00 00 00 
R04:56:14   99 44 00 BB 6F 25 0B 6F 04 1A 9B 64 00 9A 99 9C 43 00 BB 6F 25 0B 6F 04 1A 9C 64 00 CC 8A AC 47 
R04:56:14   00 BB 6F 25 0B 6F 04 1A 9D 64 00 66 66 89 43 00 BB 6F 25 0B 6F 04 1A 9E 64 00 19 BE AC 47 00 BB 
R04:56:14   6F 25 0B 6F 04 1A 9F 64 00 34 B3 63 44 00 BB 6F 25 0B 6F 04 1A A0 64 00 34 33 CD 42 00 BB 6F 25 
R04:56:14   0B 6F 04 1A 
R04:56:14   68 4A 9E 63 E6 06 CE 08 25 00 3F 06 A1 64 00 33 73 4C 44 00 A2 64 00 8C C6 69 48 00 A3 64 00 98 
R04:56:14   99 CF 42 00 A4 64 00 66 26 AE 44 00 A5 64 00 D4 76 79 4A 00 A6 64 00 34 5B F9 45 00 A7 64 00 99 
R04:56:14   AC 69 48 00 A8 64 00 9A D1 CD 45 00 
R04:56:14   68 82 A0 63 E6 06 CF 08 25 00 3F 06 A9 64 00 33 73 4C 44 00 00 00 2D 04 AC 06 1A AA 64 00 19 C3 
R04:56:14   69 48 00 00 00 2D 04 AC 06 1A AB 64 00 98 99 CF 42 00 00 00 2D 04 AC 06 1A AC 64 00 66 26 AE 44 
R04:56:14   00 00 00 2D 04 AC 06 1A AD 64 00 28 74 79 4A 00 00 00 2D 04 AC 06 1A AE 64 00 34 5B F9 45 00 00 
R04:56:14   00 2D 04 AC 06 1A AF 64 00 27 A9 69 48 00 00 00 2D 04 AC 06 1A B0 64 00 9A D1 CD 45 00 00 00 2D 
R04:56:14   04 AC 06 1A 
S04:56:14   68 04 01 00 A2 63 
R04:56:15   68 82 A2 63 E6 06 CF 08 25 00 3F 06 B1 64 00 33 73 4C 44 00 00 00 00 00 AC 06 1A B2 64 00 27 8B 
R04:56:15   69 48 00 00 00 00 00 AC 06 1A B3 64 00 98 99 CF 42 00 00 00 00 00 AC 06 1A B4 64 00 66 26 AE 44 
R04:56:15   00 00 00 00 00 AC 06 1A B5 64 00 CB 37 79 4A 00 00 00 00 00 AC 06 1A B6 64 00 34 5B F9 45 00 00 
R04:56:15   00 00 00 AC 06 1A B7 64 00 34 71 69 48 00 00 00 00 00 AC 06 1A B8 64 00 9A D1 CD 45 00 00 00 00 
R04:56:15   00 AC 06 1A 
R04:56:15   68 82 A4 63 E6 06 CF 08 25 00 3F 06 B9 64 00 33 73 4C 44 00 7A 6D 25 0B 6F 04 1A BA 64 00 00 A3 
R04:56:15   1E 48 00 7A 6D 25 0B 6F 04 1A BB 64 00 98 99 CF 42 00 7A 6D 25 0B 6F 04 1A BC 64 00 66 26 AE 44 
R04:56:15   00 7A 6D 25 0B 6F 04 1A BD 64 00 7A F6 0A 4A 00 7A 6D 25 0B 6F 04 1A BE 64 00 CC 0C BB 44 00 7A 
R04:56:15   6D 25 0B 6F 04 1A BF 64 00 0D 89 1E 48 00 7A 6D 25 0B 6F 04 1A C0 64 00 67 66 CE 42 00 7A 6D 25 
R04:56:15   0B 6F 04 1A 
R04:56:16   68 0E A6 63 E6 06 65 01 0A 00 3F 06 00 00 00 05 
S04:56:16   68 14 E6 06 A8 63 67 01 06 00 3F 06 00 00 00 40 3F 38 04 AC 06 1A 
R04:56:17   68 14 A8 63 E8 06 67 01 07 00 3F 06 00 00 00 40 3F 38 04 AC 06 1A 
S04:56:25   68 04 01 00 AA 63 
S04:56:41   68 04 43 00 00 00 
R04:56:42   68 04 83 00 00 00 
S04:56:58   68 04 43 00 00 00 
R04:56:59   68 04 83 00 00 00 
S04:57:15   68 04 43 00 00 00 
R04:57:16   68 04 83 00 00 00 
S04:57:32   68 04 43 00 00 00 
R04:57:33   68 04 83 00 00 00 
S04:57:49   68 04 43 00 00 00 
R04:57:50   68 04 83 00 00 00 
S04:58:06   68 04 43 00 00 00 
R04:58:07   68 04 83 00 00 00 
S04:58:23   68 04 43 00 00 00 
R04:58:23   68 04 83 00 00 00 
S04:58:39   68 04 43 00 00 00 
R04:58:39   68 04 83 00 00 00 
S04:58:55   68 04 43 00 00 00 
R04:58:55   68 04 83 00 00 00 
S04:59:11   68 04 43 00 00 00 
R04:59:11   68 04 83 00 00 00 
S04:59:27   68 04 43 00 00 00 
R04:59:27   68 04 83 00 00 00 
S04:59:43   68 04 43 00 00 00 
R04:59:43   68 04 83 00 00 00 
S04:59:59   68 04 43 00 00 00 
R04:59:59   68 04 83 00 00 00 
S05:00:15   68 04 43 00 00 00 
R05:00:16   68 04 83 00 00 00 
S05:00:32   68 04 43 00 00 00 
R05:00:32   68 04 83 00 00 00 
S05:00:48   68 04 43 00 00 00 
R05:00:48   68 04 83 00 00 00 
S05:01:04   68 04 43 00 00 00 
R05:01:04   68 04 83 00 00 00 
S05:01:20   68 04 43 00 00 00 
R05:01:20   68 04 83 00 00 00 
S05:01:36   68 04 43 00 00 00 
R05:01:36   68 04 83 00 00 00 
S05:01:52   68 04 43 00 00 00 
R05:01:52   68 04 83 00 00 00 
S05:02:08   68 04 43 00 00 00 
R05:02:08   68 04 83 00 00 00 
S05:02:24   68 04 43 00 00 00 
R05:02:24   68 04 83 00 00 00 
S05:02:40   68 04 43 00 00 00 
R05:02:40   68 04 83 00 00 00 
S05:02:56   68 04 43 00 00 00 
R05:02:56   68 04 83 00 00 00 
S05:03:12   68 04 43 00 00 00 
R05:03:12   68 04 83 00 00 00 
S05:03:28   68 04 43 00 00 00 
R05:03:28   68 04 83 00 00 00 
S05:03:44   68 04 43 00 00 00 
R05:03:45   68 04 83 00 00 00 
S05:04:01   68 04 43 00 00 00 
R05:04:02   68 04 83 00 00 00 
S05:04:18   68 04 43 00 00 00 
R05:04:19   68 04 83 00 00 00 
S05:04:35   68 04 43 00 00 00 
R05:04:36   68 04 83 00 00 00 
S05:04:52   68 04 43 00 00 00 
R05:04:53   68 04 83 00 00 00 
S05:05:09   68 04 43 00 00 00 
R05:05:10   68 04 83 00 00 00 
S05:05:26   68 04 43 00 00 00 
R05:05:27   68 04 83 00 00 00 
S05:05:43   68 04 43 00 00 00 
R05:05:44   68 04 83 00 00 00 
S05:06:00   68 04 43 00 00 00 
R05:06:01   68 04 83 00 00 00 
S05:06:17   68 04 43 00 00 00 
R05:06:18   68 04 83 00 00 00 
S05:06:34   68 04 43 00 00 00 
R05:06:35   68 04 83 00 00 00 
S05:06:51   68 04 43 00 00 00 
R05:06:52   68 04 83 00 00 00 
S05:07:08   68 04 43 00 00 00 
R05:07:08   68 04 83 00 00 00 
S05:07:24   68 04 43 00 00 00 
R05:07:24   68 04 83 00 00 00 
R05:07:34   68 12 AA 63 E8 06 0D 01 03 00 3F 06 44 40 00 60 E5 26 42 00 
S05:07:34   68 04 01 00 AC 63 
S05:07:50   68 04 43 00 00 00 
R05:07:50   68 04 83 00 00 00 
S05:08:06   68 04 43 00 00 00 
R05:08:06   68 04 83 00 00 00 
S05:08:22   68 04 43 00 00 00 
R05:08:22   68 04 83 00 00 00 
S05:08:38   68 04 43 00 00 00 
R05:08:38   68 04 83 00 00 00 
S05:08:54   68 04 43 00 00 00 
R05:08:54   68 04 83 00 00 00 
S05:09:10   68 04 43 00 00 00 
R05:09:10   68 04 83 00 00 00 
S05:09:26   68 04 43 00 00 00 
R05:09:26   68 04 83 00 00 00 
S05:09:42   68 04 43 00 00 00 
R05:09:42   68 04 83 00 00 00 
S05:09:58   68 04 43 00 00 00 
R05:09:58   68 04 83 00 00 00 
S05:10:14   68 04 43 00 00 00 
R05:10:15   68 04 83 00 00 00 
S05:10:31   68 04 43 00 00 00 
R05:10:32   68 04 83 00 00 00 
S05:10:48   68 04 43 00 00 00 
R05:10:49   68 04 83 00 00 00 
S05:10:59   68 0E E8 06 AC 63 64 01 06 00 3F 06 00 00 00 14 
R05:11:00   68 0E AC 63 EA 06 64 01 07 00 3F 06 00 00 00 14 
R05:11:00   68 E6 AE 63 EA 06 01 37 14 00 3F 06 01 00 00 00 02 00 00 00 03 00 00 00 04 00 00 00 05 00 00 00 
R05:11:00   06 00 00 00 07 00 00 01 08 00 00 00 09 00 00 00 0A 00 00 00 0B 00 00 00 0C 00 00 00 0D 00 00 00 
R05:11:00   0E 00 00 00 0F 00 00 00 10 00 00 00 11 00 00 00 12 00 00 00 13 00 00 00 14 00 00 00 15 00 00 00 
R05:11:00   16 00 00 00 17 00 00 00 18 00 00 00 19 00 00 00 1A 00 00 01 1B 00 00 01 1C 00 00 00 1D 00 00 01 
R05:11:00   1E 00 00 01 1F 00 00 01 20 00 00 00 21 00 00 00 22 00 00 00 23 00 00 00 24 00 00 00 25 00 00 00 
R05:11:00   26 00 00 00 27 00 00 00 28 00 00 00 29 00 00 01 2A 00 00 00 2B 00 00 00 2C 00 00 00 2D 00 00 00 
R05:11:00   2E 00 00 00 2F 00 00 00 30 00 00 00 31 00 00 00 32 00 00 00 33 00 00 00 34 00 00 00 35 00 00 00 
R05:11:00   36 00 00 00 37 00 00 00 
S05:11:00   68 04 01 00 B0 63 
R05:11:01   68 D2 B0 63 EA 06 01 32 14 00 3F 06 38 00 00 00 39 00 00 00 3A 00 00 00 3B 00 00 01 3C 00 00 00 
R05:11:01   3D 00 00 00 3E 00 00 01 3F 00 00 01 40 00 00 00 41 00 00 00 42 00 00 01 43 00 00 00 44 00 00 00 
R05:11:01   45 00 00 00 46 00 00 00 47 00 00 00 48 00 00 00 49 00 00 00 4A 00 00 01 4B 00 00 00 4C 00 00 00 
R05:11:01   4D 00 00 00 4E 00 00 00 4F 00 00 00 50 00 00 00 51 00 00 00 52 00 00 00 53 00 00 00 54 00 00 00 
R05:11:01   55 00 00 00 56 00 00 00 57 00 00 00 58 00 00 00 59 00 00 00 5A 00 00 00 5B 00 00 00 5C 00 00 01 
R05:11:01   5D 00 00 00 5E 00 00 00 5F 00 00 01 60 00 00 01 61 00 00 00 62 00 00 00 63 00 00 01 64 00 00 00 
R05:11:01   65 00 00 00 66 00 00 00 67 00 00 00 68 00 00 00 69 00 00 00 
R05:11:01   68 E6 B2 63 EA 06 01 37 14 00 3F 06 69 00 00 00 6A 00 00 01 6B 00 00 00 6C 00 00 00 6D 00 00 00 
R05:11:01   6E 00 00 00 6F 00 00 00 70 00 00 00 71 00 00 00 72 00 00 00 73 00 00 00 74 00 00 00 75 00 00 00 
R05:11:01   76 00 00 00 77 00 00 00 78 00 00 00 79 00 00 00 7A 00 00 00 7B 00 00 00 7C 00 00 00 7D 00 00 01 
R05:11:01   7E 00 00 01 7F 00 00 00 80 00 00 01 81 00 00 01 82 00 00 01 83 00 00 00 84 00 00 00 85 00 00 00 
R05:11:01   86 00 00 00 87 00 00 00 88 00 00 00 89 00 00 00 8A 00 00 00 8B 00 00 01 8C 00 00 00 8D 00 00 00 
R05:11:01   8E 00 00 00 8F 00 00 00 90 00 00 00 91 00 00 00 92 00 00 00 93 00 00 00 94 00 00 00 95 00 00 00 
R05:11:01   96 00 00 00 97 00 00 00 98 00 00 00 99 00 00 00 9A 00 00 00 9B 00 00 00 9C 00 00 00 9D 00 00 00 
R05:11:01   9E 00 00 01 9F 00 00 00 
R05:11:01   68 A6 B4 63 EA 06 01 27 14 00 3F 06 A0 00 00 00 A1 00 00 01 A2 00 00 01 A3 00 00 01 A4 00 00 00 
R05:11:01   A5 00 00 00 A6 00 00 00 A7 00 00 00 A8 00 00 00 A9 00 00 00 AA 00 00 00 AB 00 00 00 AC 00 00 01 
R05:11:01   AD 00 00 00 AE 00 00 00 AF 00 00 00 B0 00 00 00 B1 00 00 00 B2 00 00 00 B3 00 00 00 B4 00 00 00 
R05:11:01   B5 00 00 00 B6 00 00 00 B7 00 00 00 B8 00 00 00 B9 00 00 00 BA 00 00 00 BB 00 00 00 BC 00 00 00 
R05:11:01   BD 00 00 00 BE 00 00 00 BF 00 00 01 C0 00 00 00 C1 00 00 00 C2 00 00 01 C3 00 00 01 C4 00 00 01 
R05:11:01   C5 00 00 00 C6 00 00 00 
S05:11:01   68 04 01 00 B6 63 
R05:11:02   68 EA B6 63 EA 06 0D 1C 14 00 3F 06 01 40 00 00 00 65 43 00 02 40 00 1F 85 54 42 00 03 40 00 B6 
R05:11:02   F3 27 41 00 04 40 00 00 00 00 00 00 05 40 00 E2 7A 28 41 00 06 40 00 00 00 00 00 00 07 40 00 D7 
R05:11:02   23 48 42 00 08 40 00 00 00 00 00 00 09 40 00 00 00 00 00 00 0A 40 00 00 00 00 00 00 0B 40 00 00 
R05:11:02   00 00 00 00 0C 40 00 00 00 00 00 00 0D 40 00 7B 14 8E 41 00 0E 40 00 54 E3 8D 41 00 0F 40 00 68 
R05:11:02   91 95 41 00 10 40 00 00 00 00 00 00 11 40 00 5C 8F A0 43 00 12 40 00 D7 A3 86 C2 00 13 40 00 35 
R05:11:02   5E 7A 3F 00 14 40 00 00 00 00 00 00 15 40 00 00 00 00 00 00 16 40 00 00 00 00 00 00 17 40 00 00 
R05:11:02   00 00 00 00 18 40 00 00 00 00 00 00 19 40 00 00 00 00 00 00 1A 40 00 00 00 00 00 00 1B 40 00 00 
R05:11:02   00 00 00 00 1C 40 00 00 00 00 00 00 
R05:11:02   68 6A B8 63 EA 06 0D 0C 14 00 3F 06 1D 40 00 00 00 00 00 00 1E 40 00 00 00 00 00 00 1F 40 00 00 
R05:11:02   00 00 00 00 20 40 00 00 00 00 00 00 21 40 00 00 00 00 00 00 22 40 00 00 00 00 00 00 23 40 00 00 
R05:11:02   00 00 00 00 24 40 00 00 00 00 00 00 25 40 00 00 00 00 00 00 26 40 00 00 00 00 00 00 27 40 00 00 
R05:11:02   00 00 00 00 28 40 00 00 00 00 00 00 
R05:11:02   68 EA BA 63 EA 06 0D 1C 14 00 3F 06 29 40 00 00 00 00 00 00 2A 40 00 00 00 00 00 00 2B 40 00 00 
R05:11:02   00 00 00 00 2C 40 00 00 00 00 00 00 2D 40 00 00 00 00 00 00 2E 40 00 00 00 00 00 00 2F 40 00 00 
R05:11:02   00 00 00 00 30 40 00 00 00 00 00 00 31 40 00 00 00 00 00 00 32 40 00 00 00 00 00 00 33 40 00 00 
R05:11:02   00 00 00 00 34 40 00 00 00 00 00 00 35 40 00 00 00 00 00 00 36 40 00 00 00 00 00 00 37 40 00 00 
R05:11:02   00 00 00 00 38 40 00 00 00 00 00 00 39 40 00 9E EF C3 41 00 3A 40 00 08 AC C0 41 00 3B 40 00 A4 
R05:11:02   70 C1 41 00 3C 40 00 00 00 00 00 00 3D 40 00 71 3D DB 43 00 3E 40 00 52 B8 C6 C1 00 3F 40 00 EE 
R05:11:02   7C 7F 3F 00 40 40 00 00 00 00 00 00 41 40 00 00 00 00 00 00 42 40 00 00 00 00 00 00 43 40 00 00 
R05:11:02   00 00 00 00 44 40 00 ED 7C 2F 42 00 
S05:11:02   68 04 01 00 BC 63 
R05:11:03   68 3A BC 63 EA 06 0D 06 14 00 3F 06 45 40 00 07 81 2B 42 00 46 40 00 48 E1 30 42 00 47 40 00 00 
R05:11:03   00 00 00 00 48 40 00 85 EB 44 C4 00 49 40 00 29 5C AB 42 00 4A 40 00 C9 76 7E BF 00 
R05:11:03   68 0E BE 63 EA 06 64 01 0A 00 3F 06 00 00 00 14 
S05:11:03   68 0E EA 06 C0 63 65 01 06 00 3F 06 00 00 00 05 
R05:11:04   68 0E C0 63 EC 06 65 01 07 00 3F 06 00 00 00 05 
R05:11:04   68 4A C2 63 EC 06 CE 08 25 00 3F 06 01 64 00 D3 18 1C 49 00 02 64 00 66 66 03 44 00 03 64 00 67 
R05:11:04   66 FE 43 00 04 64 00 67 B8 F4 47 00 05 64 00 00 00 AE 42 00 06 64 00 E7 DA F4 47 00 07 64 00 66 
R05:11:04   66 86 41 00 08 64 00 00 00 8A 42 00 
R05:11:05   68 82 C4 63 EC 06 CF 08 25 00 3F 06 09 64 00 3A 15 1C 49 00 00 00 00 05 AC 06 1A 0A 64 00 66 66 
R05:11:05   03 44 00 00 00 00 05 AC 06 1A 0B 64 00 67 66 FE 43 00 00 00 00 05 AC 06 1A 0C 64 00 B4 B2 F4 47 
R05:11:05   00 00 00 00 05 AC 06 1A 0D 64 00 00 00 AE 42 00 00 00 00 05 AC 06 1A 0E 64 00 34 D5 F4 47 00 00 
R05:11:05   00 00 05 AC 06 1A 0F 64 00 66 66 86 41 00 00 00 00 05 AC 06 1A 10 64 00 00 00 8A 42 00 00 00 00 
R05:11:05   05 AC 06 1A 
R05:11:05   68 82 C6 63 EC 06 CF 08 25 00 3F 06 11 64 00 39 D0 1B 49 00 00 00 00 00 AC 06 1A 12 64 00 66 66 
R05:11:05   03 44 00 00 00 00 00 AC 06 1A 13 64 00 67 66 FE 43 00 00 00 00 00 AC 06 1A 14 64 00 66 55 F4 47 
R05:11:05   00 00 00 00 00 AC 06 1A 15 64 00 00 00 AE 42 00 00 00 00 00 AC 06 1A 16 64 00 E7 77 F4 47 00 00 
R05:11:05   00 00 00 AC 06 1A 17 64 00 66 66 86 41 00 00 00 00 00 AC 06 1A 18 64 00 00 00 8A 42 00 00 00 00 
R05:11:05   00 AC 06 1A 
S05:11:05   68 04 01 00 C8 63 
R05:11:06   68 82 C8 63 EC 06 CF 08 25 00 3F 06 19 64 00 00 00 00 00 00 00 00 00 00 AC 06 1A 1A 64 00 00 00 
R05:11:06   00 00 00 00 00 00 00 AC 06 1A 1B 64 00 00 00 00 00 00 00 00 00 00 AC 06 1A 1C 64 00 00 00 00 00 
R05:11:06   00 00 00 00 00 AC 06 1A 1D 64 00 00 00 00 00 00 00 00 00 00 AC 06 1A 1E 64 00 00 00 00 00 00 00 
R05:11:06   00 00 00 AC 06 1A 1F 64 00 00 00 00 00 00 00 00 00 00 AC 06 1A 20 64 00 00 00 00 00 00 00 00 00 
R05:11:06   00 AC 06 1A 
R05:11:06   68 4A CA 63 EC 06 CE 08 25 00 3F 06 21 64 00 CC CC 41 43 00 22 64 00 34 33 0B 43 00 23 64 00 66 
R05:11:06   66 AA 42 00 24 64 00 CD CC EE 42 00 25 64 00 CD CC C4 42 00 26 64 00 CC CC 29 43 00 27 64 00 FF 
R05:11:06   FF 57 42 00 28 64 00 99 99 49 42 00 
R05:11:07   68 82 CC 63 EC 06 CF 08 25 00 3F 06 29 64 00 CC CC 41 43 00 00 00 00 05 AC 06 1A 2A 64 00 34 33 
R05:11:07   0B 43 00 00 00 00 05 AC 06 1A 2B 64 00 66 66 AA 42 00 00 00 00 05 AC 06 1A 2C 64 00 CD CC EE 42 
R05:11:07   00 00 00 00 05 AC 06 1A 2D 64 00 CD CC C4 42 00 00 00 00 05 AC 06 1A 2E 64 00 CC CC 29 43 00 00 
R05:11:07   00 00 05 AC 06 1A 2F 64 00 FF FF 57 42 00 00 00 00 05 AC 06 1A 30 64 00 99 99 49 42 00 00 00 00 
R05:11:07   05 AC 06 1A 
R05:11:07   68 82 CE 63 EC 06 CF 08 25 00 3F 06 31 64 00 CC CC 41 43 00 00 00 00 00 AC 06 1A 32 64 00 34 33 
R05:11:07   0B 43 00 00 00 00 00 AC 06 1A 33 64 00 66 66 AA 42 00 00 00 00 00 AC 06 1A 34 64 00 CD CC EE 42 
R05:11:07   00 00 00 00 00 AC 06 1A 35 64 00 CD CC C4 42 00 00 00 00 00 AC 06 1A 36 64 00 CC CC 29 43 00 00 
R05:11:07   00 00 00 AC 06 1A 37 64 00 FF FF 57 42 00 00 00 00 00 AC 06 1A 38 64 00 99 99 49 42 00 00 00 00 
R05:11:07   00 AC 06 1A 
S05:11:07   68 04 01 00 D0 63 
R05:11:08   68 82 D0 63 EC 06 CF 08 25 00 3F 06 39 64 00 00 00 00 00 00 00 00 00 00 AC 06 1A 3A 64 00 00 00 
R05:11:08   00 00 00 00 00 00 00 AC 06 1A 3B 64 00 00 00 00 00 00 00 00 00 00 AC 06 1A 3C 64 00 00 00 00 00 
R05:11:08   00 00 00 00 00 AC 06 1A 3D 64 00 00 00 00 00 00 00 00 00 00 AC 06 1A 3E 64 00 00 00 00 00 00 00 
R05:11:08   00 00 00 AC 06 1A 3F 64 00 00 00 00 00 00 00 00 00 00 AC 06 1A 40 64 00 00 00 00 00 00 00 00 00 
R05:11:08   00 AC 06 1A 
R05:11:08   68 4A D2 63 EC 06 CE 08 25 00 3F 06 41 64 00 CC CC 5F 43 00 42 64 00 33 33 47 43 00 43 64 00 9A 
R05:11:08   99 22 43 00 44 64 00 CC CC 74 42 00 45 64 00 00 00 A8 42 00 46 64 00 00 00 F6 42 00 47 64 00 66 
R05:11:08   66 12 42 00 48 64 00 34 33 77 42 00 
R05:11:09   68 82 D4 63 EC 06 CF 08 25 00 3F 06 49 64 00 CC CC 5F 43 00 00 00 00 05 AC 06 1A 4A 64 00 33 33 
R05:11:09   47 43 00 00 00 00 05 AC 06 1A 4B 64 00 9A 99 22 43 00 00 00 00 05 AC 06 1A 4C 64 00 CC CC 74 42 
R05:11:09   00 00 00 00 05 AC 06 1A 4D 64 00 00 00 A8 42 00 00 00 00 05 AC 06 1A 4E 64 00 00 00 F6 42 00 00 
R05:11:09   00 00 05 AC 06 1A 4F 64 00 66 66 12 42 00 00 00 00 05 AC 06 1A 50 64 00 34 33 77 42 00 00 00 00 
R05:11:09   05 AC 06 1A 
S05:11:09   68 04 01 00 D6 63 
R05:11:09   68 82 D6 63 EC 06 CF 08 25 00 3F 06 51 64 00 CC CC 5F 43 00 00 00 00 00 AC 06 1A 52 64 00 33 33 
R05:11:09   47 43 00 00 00 00 00 AC 06 1A 53 64 00 9A 99 22 43 00 00 00 00 00 AC 06 1A 54 64 00 CC CC 74 42 
R05:11:09   00 00 00 00 00 AC 06 1A 55 64 00 00 00 A8 42 00 00 00 00 00 AC 06 1A 56 64 00 00 00 F6 42 00 00 
R05:11:09   00 00 00 AC 06 1A 57 64 00 66 66 12 42 00 00 00 00 00 AC 06 1A 58 64 00 34 33 77 42 00 00 00 00 
R05:11:09   00 AC 06 1A 
R05:11:10   68 82 D8 63 EC 06 CF 08 25 00 3F 06 59 64 00 00 00 00 00 00 00 00 00 00 AC 06 1A 5A 64 00 00 00 
R05:11:10   00 00 00 00 00 00 00 AC 06 1A 5B 64 00 00 00 00 00 00 00 00 00 00 AC 06 1A 5C 64 00 00 00 00 00 
R05:11:10   00 00 00 00 00 AC 06 1A 5D 64 00 00 00 00 00 00 00 00 00 00 AC 06 1A 5E 64 00 00 00 00 00 00 00 
R05:11:10   00 00 00 AC 06 1A 5F 64 00 00 00 00 00 00 00 00 00 00 AC 06 1A 60 64 00 00 00 00 00 00 00 00 00 
R05:11:10   00 AC 06 1A 
R05:11:10   68 4A DA 63 EC 06 CE 08 25 00 3F 06 61 64 00 4C BF 0B 48 00 62 64 00 66 66 18 43 00 63 64 00 99 
R05:11:10   99 C9 42 00 64 64 00 CD EC 6F 46 00 65 64 00 34 33 8B 42 00 66 64 00 01 B4 70 46 00 67 64 00 67 
R05:11:10   66 4E 42 00 68 64 00 33 33 47 42 00 
S05:11:10   68 04 01 00 DC 63 
R05:11:10   68 82 DC 63 EC 06 CF 08 25 00 3F 06 69 64 00 40 BE 0B 48 00 00 00 00 05 AC 06 1A 6A 64 00 66 66 
R05:11:10   18 43 00 00 00 00 05 AC 06 1A 6B 64 00 99 99 C9 42 00 00 00 00 05 AC 06 1A 6C 64 00 67 EA 6F 46 
R05:11:10   00 00 00 00 05 AC 06 1A 6D 64 00 34 33 8B 42 00 00 00 00 05 AC 06 1A 6E 64 00 99 B1 70 46 00 00 
R05:11:10   00 00 05 AC 06 1A 6F 64 00 67 66 4E 42 00 00 00 00 05 AC 06 1A 70 64 00 33 33 47 42 00 00 00 00 
R05:11:10   05 AC 06 1A 
R05:11:11   68 82 DE 63 EC 06 CF 08 25 00 3F 06 71 64 00 8C 9A 0B 48 00 00 00 00 00 AC 06 1A 72 64 00 66 66 
R05:11:11   18 43 00 00 00 00 00 AC 06 1A 73 64 00 99 99 C9 42 00 00 00 00 00 AC 06 1A 74 64 00 00 A0 6F 46 
R05:11:11   00 00 00 00 00 AC 06 1A 75 64 00 34 33 8B 42 00 00 00 00 00 AC 06 1A 76 64 00 34 67 70 46 00 00 
R05:11:11   00 00 00 AC 06 1A 77 64 00 67 66 4E 42 00 00 00 00 00 AC 06 1A 78 64 00 33 33 47 42 00 00 00 00 
R05:11:11   00 AC 06 1A 
R05:11:11   68 82 E0 63 EC 06 CF 08 25 00 3F 06 79 64 00 FF 44 DE 47 00 3A AE 25 0D F1 05 1A 7A 64 00 66 66 
R05:11:11   18 43 00 3A AE 25 0D F1 05 1A 7B 64 00 99 99 C9 42 00 3A AE 25 0D F1 05 1A 7C 64 00 67 46 50 46 
R05:11:11   00 3A AE 25 0D F1 05 1A 7D 64 00 34 33 8B 42 00 3A AE 25 0D F1 05 1A 7E 64 00 33 0B 51 46 00 3A 
R05:11:11   AE 25 0D F1 05 1A 7F 64 00 67 66 4E 42 00 3A AE 25 0D F1 05 1A 80 64 00 CD CC 44 42 00 3A AE 25 
R05:11:11   0D F1 05 1A 
S05:11:11   68 04 01 00 E2 63 
R05:11:12   68 4A E2 63 EC 06 CE 08 25 00 3F 06 81 64 00 35 9A 48 4A 00 82 64 00 CC 6C 38 46 00 83 64 00 9A 
R05:11:12   31 2A 46 00 84 64 00 E7 60 F0 47 00 85 64 00 CC 4C 8A 43 00 86 64 00 33 94 F0 47 00 87 64 00 34 
R05:11:12   B3 63 44 00 88 64 00 34 33 CD 42 00 
R05:11:12   68 82 E4 63 EC 06 CF 08 25 00 3F 06 89 64 00 E7 98 48 4A 00 00 00 00 05 AC 06 1A 8A 64 00 CC 6C 
R05:11:12   38 46 00 00 00 00 05 AC 06 1A 8B 64 00 9A 31 2A 46 00 00 00 00 05 AC 06 1A 8C 64 00 67 5F F0 47 
R05:11:12   00 00 00 00 05 AC 06 1A 8D 64 00 CC 4C 8A 43 00 00 00 00 05 AC 06 1A 8E 64 00 B3 92 F0 47 00 00 
R05:11:12   00 00 05 AC 06 1A 8F 64 00 34 B3 63 44 00 00 00 00 05 AC 06 1A 90 64 00 34 33 CD 42 00 00 00 00 
R05:11:12   05 AC 06 1A 
R05:11:13   68 82 E6 63 EC 06 CF 08 25 00 3F 06 91 64 00 AE 6C 48 4A 00 00 00 00 00 AC 06 1A 92 64 00 CC 6C 
R05:11:13   38 46 00 00 00 00 00 AC 06 1A 93 64 00 9A 31 2A 46 00 00 00 00 00 AC 06 1A 94 64 00 B3 3E F0 47 
R05:11:13   00 00 00 00 00 AC 06 1A 95 64 00 CC 4C 8A 43 00 00 00 00 00 AC 06 1A 96 64 00 00 72 F0 47 00 00 
R05:11:13   00 00 00 AC 06 1A 97 64 00 34 B3 63 44 00 00 00 00 00 AC 06 1A 98 64 00 34 33 CD 42 00 00 00 00 
R05:11:13   00 AC 06 1A 
S05:11:13   68 04 01 00 E8 63 
R05:11:13   68 82 E8 63 EC 06 CF 08 25 00 3F 06 99 64 00 2B C0 DB 49 00 BB 6F 25 0B 6F 04 1A 9A 64 00 00 00 
R05:11:13   99 44 00 BB 6F 25 0B 6F 04 1A 9B 64 00 9A 99 9C 43 00 BB 6F 25 0B 6F 04 1A 9C 64 00 CC 8A AC 47 
R05:11:13   00 BB 6F 25 0B 6F 04 1A 9D 64 00 66 66 89 43 00 BB 6F 25 0B 6F 04 1A 9E 64 00 19 BE AC 47 00 BB 
R05:11:13   6F 25 0B 6F 04 1A 9F 64 00 34 B3 63 44 00 BB 6F 25 0B 6F 04 1A A0 64 00 34 33 CD 42 00 BB 6F 25 
R05:11:13   0B 6F 04 1A 
R05:11:14   68 4A EA 63 EC 06 CE 08 25 00 3F 06 A1 64 00 33 73 4C 44 00 A2 64 00 80 CB 69 48 00 A3 64 00 98 
R05:11:14   99 CF 42 00 A4 64 00 66 26 AE 44 00 A5 64 00 21 7A 79 4A 00 A6 64 00 34 5B F9 45 00 A7 64 00 8C 
R05:11:14   B1 69 48 00 A8 64 00 9A D1 CD 45 00 
R05:11:14   68 82 EC 63 EC 06 CF 08 25 00 3F 06 A9 64 00 33 73 4C 44 00 00 00 00 05 AC 06 1A AA 64 00 E7 C7 
R05:11:14   69 48 00 00 00 00 05 AC 06 1A AB 64 00 98 99 CF 42 00 00 00 00 05 AC 06 1A AC 64 00 66 26 AE 44 
R05:11:14   00 00 00 00 05 AC 06 1A AD 64 00 D9 77 79 4A 00 00 00 00 05 AC 06 1A AE 64 00 34 5B F9 45 00 00 
R05:11:14   00 00 05 AC 06 1A AF 64 00 F4 AD 69 48 00 00 00 00 05 AC 06 1A B0 64 00 9A D1 CD 45 00 00 00 00 
R05:11:14   05 AC 06 1A 
R05:11:14   68 82 EE 63 EC 06 CF 08 25 00 3F 06 B1 64 00 33 73 4C 44 00 00 00 00 00 AC 06 1A B2 64 00 27 8B 
R05:11:14   69 48 00 00 00 00 00 AC 06 1A B3 64 00 98 99 CF 42 00 00 00 00 00 AC 06 1A B4 64 00 66 26 AE 44 
R05:11:14   00 00 00 00 00 AC 06 1A B5 64 00 CB 37 79 4A 00 00 00 00 00 AC 06 1A B6 64 00 34 5B F9 45 00 00 
R05:11:14   00 00 00 AC 06 1A B7 64 00 34 71 69 48 00 00 00 00 00 AC 06 1A B8 64 00 9A D1 CD 45 00 00 00 00 
R05:11:14   00 AC 06 1A 
S05:11:14   68 04 01 00 F0 63 
R05:11:15   68 82 F0 63 EC 06 CF 08 25 00 3F 06 B9 64 00 33 73 4C 44 00 7A 6D 25 0B 6F 04 1A BA 64 00 00 A3 
R05:11:15   1E 48 00 7A 6D 25 0B 6F 04 1A BB 64 00 98 99 CF 42 00 7A 6D 25 0B 6F 04 1A BC 64 00 66 26 AE 44 
R05:11:15   00 7A 6D 25 0B 6F 04 1A BD 64 00 7A F6 0A 4A 00 7A 6D 25 0B 6F 04 1A BE 64 00 CC 0C BB 44 00 7A 
R05:11:15   6D 25 0B 6F 04 1A BF 64 00 0D 89 1E 48 00 7A 6D 25 0B 6F 04 1A C0 64 00 67 66 CE 42 00 7A 6D 25 
R05:11:15   0B 6F 04 1A 
R05:11:15   68 0E F2 63 EC 06 65 01 0A 00 3F 06 00 00 00 05 
S05:11:15   68 14 EC 06 F4 63 67 01 06 00 3F 06 00 00 00 AA 3B 0B 05 AC 06 1A 
R05:11:16   68 14 F4 63 EE 06 67 01 07 00 3F 06 00 00 00 AA 3B 0B 05 AC 06 1A 
S05:11:25   68 04 01 00 F6 63 
S05:11:41   68 04 43 00 00 00 
R05:11:42   68 04 83 00 00 00 
S05:11:58   68 04 43 00 00 00 
R05:11:59   68 04 83 00 00 00 
S05:12:15   68 04 43 00 00 00 
R05:12:16   68 04 83 00 00 00 
S05:12:32   68 04 43 00 00 00 
R05:12:33   68 04 83 00 00 00 
S05:12:49   68 04 43 00 00 00 
R05:12:49   68 04 83 00 00 00 
S05:13:05   68 04 43 00 00 00 
R05:13:05   68 04 83 00 00 00 
S05:13:21   68 04 43 00 00 00 
R05:13:21   68 04 83 00 00 00 
S05:13:37   68 04 43 00 00 00 
R05:13:37   68 04 83 00 00 00 
S05:13:53   68 04 43 00 00 00 
R05:13:53   68 04 83 00 00 00 
S05:14:09   68 04 43 00 00 00 
R05:14:09   68 04 83 00 00 00 
S05:14:25   68 04 43 00 00 00 
R05:14:25   68 04 83 00 00 00 
S05:14:41   68 04 43 00 00 00 
R05:14:41   68 04 83 00 00 00 
S05:14:57   68 04 43 00 00 00 
R05:14:57   68 04 83 00 00 00 
R05:15:12   68 12 F6 63 EE 06 0D 01 03 00 3F 06 01 40 00 00 00 68 43 00 
S05:15:12   68 04 01 00 F8 63 
S05:15:28   68 04 43 00 00 00 
R05:15:28   68 04 83 00 00 00 
S05:15:44   68 04 43 00 00 00 
R05:15:44   68 04 83 00 00 00 
S05:16:00   68 04 43 00 00 00 
R05:16:00   68 04 83 00 00 00 
S05:16:16   68 04 43 00 00 00 
R05:16:16   68 04 83 00 00 00 
R05:16:23   68 12 F8 63 EE 06 0D 01 03 00 3F 06 01 40 00 00 00 65 43 00 
S05:16:23   68 04 01 00 FA 63 
S05:16:39   68 04 43 00 00 00 
R05:16:39   68 04 83 00 00 00 
S05:16:55   68 04 43 00 00 00 
R05:16:55   68 04 83 00 00 00 
S05:17:11   68 04 43 00 00 00 
R05:17:11   68 04 83 00 00 00 
S05:17:27   68 04 43 00 00 00 
R05:17:27   68 04 83 00 00 00 
S05:17:43   68 04 43 00 00 00 
R05:17:43   68 04 83 00 00 00 
S05:17:59   68 04 43 00 00 00 
R05:17:59   68 04 83 00 00 00 
S05:18:15   68 04 43 00 00 00 
R05:18:15   68 04 83 00 00 00 
S05:18:31   68 04 43 00 00 00 
R05:18:31   68 04 83 00 00 00 
S05:18:47   68 04 43 00 00 00 
R05:18:47   68 04 83 00 00 00 
S05:19:03   68 04 43 00 00 00 
R05:19:03   68 04 83 00 00 00 
S05:19:19   68 04 43 00 00 00 
R05:19:19   68 04 83 00 00 00 
S05:19:35   68 04 43 00 00 00 
R05:19:35   68 04 83 00 00 00 
S05:19:51   68 04 43 00 00 00 
R05:19:51   68 04 83 00 00 00 
S05:20:07   68 04 43 00 00 00 
R05:20:07   68 04 83 00 00 00 
S05:20:23   68 04 43 00 00 00 
R05:20:23   68 04 83 00 00 00 
S05:20:39   68 04 43 00 00 00 
R05:20:39   68 04 83 00 00 00 
S05:20:55   68 04 43 00 00 00 
R05:20:55   68 04 83 00 00 00 
S05:21:11   68 04 43 00 00 00 
R05:21:11   68 04 83 00 00 00 
S05:21:27   68 04 43 00 00 00 
R05:21:27   68 04 83 00 00 00 
S05:21:43   68 04 43 00 00 00 
R05:21:44   68 04 83 00 00 00 
S05:22:00   68 04 43 00 00 00 
R05:22:00   68 04 83 00 00 00 
S05:22:16   68 04 43 00 00 00 
R05:22:17   68 04 83 00 00 00 
S05:22:33   68 04 43 00 00 00 
R05:22:34   68 04 83 00 00 00 
S05:22:50   68 04 43 00 00 00 
R05:22:51   68 04 83 00 00 00 
S05:23:07   68 04 43 00 00 00 
R05:23:08   68 04 83 00 00 00 
S05:23:24   68 04 43 00 00 00 
R05:23:25   68 04 83 00 00 00 
S05:23:41   68 04 43 00 00 00 
R05:23:42   68 04 83 00 00 00 
S05:23:58   68 04 43 00 00 00 
R05:23:59   68 04 83 00 00 00 
S05:24:15   68 04 43 00 00 00 
R05:24:16   68 04 83 00 00 00 
S05:24:32   68 04 43 00 00 00 
R05:24:33   68 04 83 00 00 00 
S05:24:49   68 04 43 00 00 00 
R05:24:50   68 04 83 00 00 00 
S05:25:06   68 04 43 00 00 00 
R05:25:07   68 04 83 00 00 00 
S05:25:23   68 04 43 00 00 00 
R05:25:24   68 04 83 00 00 00 
S05:25:40   68 04 43 00 00 00 
R05:25:40   68 04 83 00 00 00 
S05:25:56   68 04 43 00 00 00 
R05:25:56   68 04 83 00 00 00 
S05:25:59   68 0E EE 06 FA 63 64 01 06 00 3F 06 00 00 00 14 
R05:25:59   68 0E FA 63 F0 06 64 01 07 00 3F 06 00 00 00 14 
S05:25:59   68 04 01 00 FC 63 
R05:26:00   68 E6 FC 63 F0 06 01 37 14 00 3F 06 01 00 00 00 02 00 00 00 03 00 00 00 04 00 00 00 05 00 00 00 
R05:26:00   06 00 00 00 07 00 00 01 08 00 00 00 09 00 00 00 0A 00 00 00 0B 00 00 00 0C 00 00 00 0D 00 00 00 
R05:26:00   0E 00 00 00 0F 00 00 00 10 00 00 00 11 00 00 00 12 00 00 00 13 00 00 00 14 00 00 00 15 00 00 00 
R05:26:00   16 00 00 00 17 00 00 00 18 00 00 00 19 00 00 00 1A 00 00 01 1B 00 00 01 1C 00 00 00 1D 00 00 01 
R05:26:00   1E 00 00 01 1F 00 00 01 20 00 00 00 21 00 00 00 22 00 00 00 23 00 00 00 24 00 00 00 25 00 00 00 
R05:26:00   26 00 00 00 27 00 00 00 28 00 00 00 29 00 00 01 2A 00 00 00 2B 00 00 00 2C 00 00 00 2D 00 00 00 
R05:26:00   2E 00 00 00 2F 00 00 00 30 00 00 00 31 00 00 00 32 00 00 00 33 00 00 00 34 00 00 00 35 00 00 00 
R05:26:00   36 00 00 00 37 00 00 00 
R05:26:00   68 D2 FE 63 F0 06 01 32 14 00 3F 06 38 00 00 00 39 00 00 00 3A 00 00 00 3B 00 00 01 3C 00 00 00 
R05:26:00   3D 00 00 00 3E 00 00 01 3F 00 00 01 40 00 00 00 41 00 00 00 42 00 00 01 43 00 00 00 44 00 00 00 
R05:26:00   45 00 00 00 46 00 00 00 47 00 00 00 48 00 00 00 49 00 00 00 4A 00 00 01 4B 00 00 00 4C 00 00 00 
R05:26:00   4D 00 00 00 4E 00 00 00 4F 00 00 00 50 00 00 00 51 00 00 00 52 00 00 00 53 00 00 00 54 00 00 00 
R05:26:00   55 00 00 00 56 00 00 00 57 00 00 00 58 00 00 00 59 00 00 00 5A 00 00 00 5B 00 00 00 5C 00 00 01 
R05:26:00   5D 00 00 00 5E 00 00 00 5F 00 00 01 60 00 00 01 61 00 00 00 62 00 00 00 63 00 00 01 64 00 00 00 
R05:26:00   65 00 00 00 66 00 00 00 67 00 00 00 68 00 00 00 69 00 00 00 
R05:26:01   68 E6 00 64 F0 06 01 37 14 00 3F 06 69 00 00 00 6A 00 00 01 6B 00 00 00 6C 00 00 00 6D 00 00 00 
R05:26:01   6E 00 00 00 6F 00 00 00 70 00 00 00 71 00 00 00 72 00 00 00 73 00 00 00 74 00 00 00 75 00 00 00 
R05:26:01   76 00 00 00 77 00 00 00 78 00 00 00 79 00 00 00 7A 00 00 00 7B 00 00 00 7C 00 00 00 7D 00 00 01 
R05:26:01   7E 00 00 01 7F 00 00 00 80 00 00 01 81 00 00 01 82 00 00 01 83 00 00 00 84 00 00 00 85 00 00 00 
R05:26:01   86 00 00 00 87 00 00 00 88 00 00 00 89 00 00 00 8A 00 00 00 8B 00 00 01 8C 00 00 00 8D 00 00 00 
R05:26:01   8E 00 00 00 8F 00 00 00 90 00 00 00 91 00 00 00 92 00 00 00 93 00 00 00 94 00 00 00 95 00 00 00 
R05:26:01   96 00 00 00 97 00 00 00 98 00 00 00 99 00 00 00 9A 00 00 00 9B 00 00 00 9C 00 00 00 9D 00 00 00 
R05:26:01   9E 00 00 01 9F 00 00 00 
R05:26:01   68 A6 02 64 F0 06 01 27 14 00 3F 06 A0 00 00 00 A1 00 00 01 A2 00 00 01 A3 00 00 01 A4 00 00 00 
R05:26:01   A5 00 00 00 A6 00 00 00 A7 00 00 00 A8 00 00 00 A9 00 00 00 AA 00 00 00 AB 00 00 00 AC 00 00 01 
R05:26:01   AD 00 00 00 AE 00 00 00 AF 00 00 00 B0 00 00 00 B1 00 00 00 B2 00 00 00 B3 00 00 00 B4 00 00 00 
R05:26:01   B5 00 00 00 B6 00 00 00 B7 00 00 00 B8 00 00 00 B9 00 00 00 BA 00 00 00 BB 00 00 00 BC 00 00 00 
R05:26:01   BD 00 00 00 BE 00 00 00 BF 00 00 01 C0 00 00 00 C1 00 00 00 C2 00 00 01 C3 00 00 01 C4 00 00 01 
R05:26:01   C5 00 00 00 C6 00 00 00 
S05:26:01   68 04 01 00 04 64 
R05:26:02   68 EA 04 64 F0 06 0D 1C 14 00 3F 06 01 40 00 00 00 65 43 00 02 40 00 1F 85 54 42 00 03 40 00 A8 
R05:26:02   C6 27 41 00 04 40 00 00 00 00 00 00 05 40 00 93 18 28 41 00 06 40 00 00 00 00 00 00 07 40 00 73 
R05:26:02   E8 47 42 00 08 40 00 00 00 00 00 00 09 40 00 00 00 00 00 00 0A 40 00 00 00 00 00 00 0B 40 00 00 
R05:26:02   00 00 00 00 0C 40 00 00 00 00 00 00 0D 40 00 6E 12 73 41 00 0E 40 00 20 B0 72 41 00 0F 40 00 91 
R05:26:02   ED 80 41 00 10 40 00 00 00 00 00 00 11 40 00 E1 7A 8A 43 00 12 40 00 A4 70 4D C2 00 13 40 00 E3 
R05:26:02   A5 7B 3F 00 14 40 00 00 00 00 00 00 15 40 00 00 00 00 00 00 16 40 00 00 00 00 00 00 17 40 00 00 
R05:26:02   00 00 00 00 18 40 00 00 00 00 00 00 19 40 00 00 00 00 00 00 1A 40 00 00 00 00 00 00 1B 40 00 00 
R05:26:02   00 00 00 00 1C 40 00 00 00 00 00 00 
R05:26:02   68 6A 06 64 F0 06 0D 0C 14 00 3F 06 1D 40 00 00 00 00 00 00 1E 40 00 00 00 00 00 00 1F 40 00 00 
R05:26:02   00 00 00 00 20 40 00 00 00 00 00 00 21 40 00 00 00 00 00 00 22 40 00 00 00 00 00 00 23 40 00 00 
R05:26:02   00 00 00 00 24 40 00 00 00 00 00 00 25 40 00 00 00 00 00 00 26 40 00 00 00 00 00 00 27 40 00 00 
R05:26:02   00 00 00 00 28 40 00 00 00 00 00 00 
R05:26:03   68 EA 08 64 F0 06 0D 1C 14 00 3F 06 29 40 00 00 00 00 00 00 2A 40 00 00 00 00 00 00 2B 40 00 00 
R05:26:03   00 00 00 00 2C 40 00 00 00 00 00 00 2D 40 00 00 00 00 00 00 2E 40 00 00 00 00 00 00 2F 40 00 00 
R05:26:03   00 00 00 00 30 40 00 00 00 00 00 00 31 40 00 00 00 00 00 00 32 40 00 00 00 00 00 00 33 40 00 00 
R05:26:03   00 00 00 00 34 40 00 00 00 00 00 00 35 40 00 00 00 00 00 00 36 40 00 00 00 00 00 00 37 40 00 00 
R05:26:03   00 00 00 00 38 40 00 00 00 00 00 00 39 40 00 27 31 E4 41 00 3A 40 00 F6 28 E0 41 00 3B 40 00 3D 
R05:26:03   0A E3 41 00 3C 40 00 00 00 00 00 00 3D 40 00 0A D7 FF 43 00 3E 40 00 B8 1E A5 C1 00 3F 40 00 77 
R05:26:03   BE 7F 3F 00 40 40 00 00 00 00 00 00 41 40 00 00 00 00 00 00 42 40 00 00 00 00 00 00 43 40 00 00 
R05:26:03   00 00 00 00 44 40 00 29 5C 37 42 00 
R05:26:03   68 3A 0A 64 F0 06 0D 06 14 00 3F 06 45 40 00 DF 4F 31 42 00 46 40 00 87 16 39 42 00 47 40 00 00 
R05:26:03   00 00 00 00 48 40 00 0A 97 4D C4 00 49 40 00 3E 0A 83 42 00 4A 40 00 DB F9 7E BF 00 
S05:26:03   68 04 01 00 0C 64 
R05:26:04   68 0E 0C 64 F0 06 64 01 0A 00 3F 06 00 00 00 14 
S05:26:04   68 0E F0 06 0E 64 65 01 06 00 3F 06 00 00 00 05 
R05:26:08   68 0E 0E 64 F2 06 65 01 07 00 3F 06 00 00 00 05 
R05:26:08   68 4A 10 64 F2 06 CE 08 25 00 3F 06 01 64 00 70 1D 1C 49 00 02 64 00 66 66 03 44 00 03 64 00 67 
R05:26:08   66 FE 43 00 04 64 00 99 BF F4 47 00 05 64 00 00 00 AE 42 00 06 64 00 1A E2 F4 47 00 07 64 00 66 
R05:26:08   66 86 41 00 08 64 00 00 00 8A 42 00 
R05:26:08   68 82 12 64 F2 06 CF 08 25 00 3F 06 09 64 00 36 1A 1C 49 00 00 00 0F 05 AC 06 1A 0A 64 00 66 66 
R05:26:08   03 44 00 00 00 0F 05 AC 06 1A 0B 64 00 67 66 FE 43 00 00 00 0F 05 AC 06 1A 0C 64 00 CD BA F4 47 
R05:26:08   00 00 00 0F 05 AC 06 1A 0D 64 00 00 00 AE 42 00 00 00 0F 05 AC 06 1A 0E 64 00 4D DD F4 47 00 00 
R05:26:08   00 0F 05 AC 06 1A 0F 64 00 66 66 86 41 00 00 00 0F 05 AC 06 1A 10 64 00 00 00 8A 42 00 00 00 0F 
R05:26:08   05 AC 06 1A 
R05:26:08   68 82 14 64 F2 06 CF 08 25 00 3F 06 11 64 00 39 D0 1B 49 00 00 00 00 00 AC 06 1A 12 64 00 66 66 
R05:26:08   03 44 00 00 00 00 00 AC 06 1A 13 64 00 67 66 FE 43 00 00 00 00 00 AC 06 1A 14 64 00 66 55 F4 47 
R05:26:08   00 00 00 00 00 AC 06 1A 15 64 00 00 00 AE 42 00 00 00 00 00 AC 06 1A 16 64 00 E7 77 F4 47 00 00 
R05:26:08   00 00 00 AC 06 1A 17 64 00 66 66 86 41 00 00 00 00 00 AC 06 1A 18 64 00 00 00 8A 42 00 00 00 00 
R05:26:08   00 AC 06 1A 
R05:26:08   68 82 16 64 F2 06 CF 08 25 00 3F 06 19 64 00 00 00 00 00 00 00 00 00 00 AC 06 1A 1A 64 00 00 00 
R05:26:08   00 00 00 00 00 00 00 AC 06 1A 1B 64 00 00 00 00 00 00 00 00 00 00 AC 06 1A 1C 64 00 00 00 00 00 
R05:26:08   00 00 00 00 00 AC 06 1A 1D 64 00 00 00 00 00 00 00 00 00 00 AC 06 1A 1E 64 00 00 00 00 00 00 00 
R05:26:08   00 00 00 AC 06 1A 1F 64 00 00 00 00 00 00 00 00 00 00 AC 06 1A 20 64 00 00 00 00 00 00 00 00 00 
R05:26:08   00 AC 06 1A 
R05:26:08   68 4A 18 64 F2 06 CE 08 25 00 3F 06 21 64 00 CC CC 41 43 00 22 64 00 34 33 0B 43 00 23 64 00 66 
R05:26:08   66 AA 42 00 24 64 00 CD CC EE 42 00 25 64 00 CD CC C4 42 00 26 64 00 CC CC 29 43 00 27 64 00 FF 
R05:26:08   FF 57 42 00 28 64 00 99 99 49 42 00 
S05:26:08   68 04 01 00 1A 64 
R05:26:08   68 82 1A 64 F2 06 CF 08 25 00 3F 06 29 64 00 CC CC 41 43 00 00 00 0F 05 AC 06 1A 2A 64 00 34 33 
R05:26:08   0B 43 00 00 00 0F 05 AC 06 1A 2B 64 00 66 66 AA 42 00 00 00 0F 05 AC 06 1A 2C 64 00 CD CC EE 42 
R05:26:08   00 00 00 0F 05 AC 06 1A 2D 64 00 CD CC C4 42 00 00 00 0F 05 AC 06 1A 2E 64 00 CC CC 29 43 00 00 
R05:26:08   00 0F 05 AC 06 1A 2F 64 00 FF FF 57 42 00 00 00 0F 05 AC 06 1A 30 64 00 99 99 49 42 00 00 00 0F 
R05:26:08   05 AC 06 1A 
R05:26:08   68 82 1C 64 F2 06 CF 08 25 00 3F 06 31 64 00 CC CC 41 43 00 00 00 00 00 AC 06 1A 32 64 00 34 33 
R05:26:08   0B 43 00 00 00 00 00 AC 06 1A 33 64 00 66 66 AA 42 00 00 00 00 00 AC 06 1A 34 64 00 CD CC EE 42 
R05:26:08   00 00 00 00 00 AC 06 1A 35 64 00 CD CC C4 42 00 00 00 00 00 AC 06 1A 36 64 00 CC CC 29 43 00 00 
R05:26:08   00 00 00 AC 06 1A 37 64 00 FF FF 57 42 00 00 00 00 00 AC 06 1A 38 64 00 99 99 49 42 00 00 00 00 
R05:26:08   00 AC 06 1A 
R05:26:09   68 82 1E 64 F2 06 CF 08 25 00 3F 06 39 64 00 00 00 00 00 00 00 00 00 00 AC 06 1A 3A 64 00 00 00 
R05:26:09   00 00 00 00 00 00 00 AC 06 1A 3B 64 00 00 00 00 00 00 00 00 00 00 AC 06 1A 3C 64 00 00 00 00 00 
R05:26:09   00 00 00 00 00 AC 06 1A 3D 64 00 00 00 00 00 00 00 00 00 00 AC 06 1A 3E 64 00 00 00 00 00 00 00 
R05:26:09   00 00 00 AC 06 1A 3F 64 00 00 00 00 00 00 00 00 00 00 AC 06 1A 40 64 00 00 00 00 00 00 00 00 00 
R05:26:09   00 AC 06 1A 
R05:26:09   68 4A 20 64 F2 06 CE 08 25 00 3F 06 41 64 00 CC CC 5F 43 00 42 64 00 33 33 47 43 00 43 64 00 9A 
R05:26:09   99 22 43 00 44 64 00 CC CC 74 42 00 45 64 00 00 00 A8 42 00 46 64 00 00 00 F6 42 00 47 64 00 66 
R05:26:09   66 12 42 00 48 64 00 34 33 77 42 00 
R05:26:09   68 82 22 64 F2 06 CF 08 25 00 3F 06 49 64 00 CC CC 5F 43 00 00 00 0F 05 AC 06 1A 4A 64 00 33 33 
R05:26:09   47 43 00 00 00 0F 05 AC 06 1A 4B 64 00 9A 99 22 43 00 00 00 0F 05 AC 06 1A 4C 64 00 CC CC 74 42 
R05:26:09   00 00 00 0F 05 AC 06 1A 4D 64 00 00 00 A8 42 00 00 00 0F 05 AC 06 1A 4E 64 00 00 00 F6 42 00 00 
R05:26:09   00 0F 05 AC 06 1A 4F 64 00 66 66 12 42 00 00 00 0F 05 AC 06 1A 50 64 00 34 33 77 42 00 00 00 0F 
R05:26:09   05 AC 06 1A 
S05:26:09   68 04 01 00 24 64 
R05:26:12   68 82 24 64 F2 06 CF 08 25 00 3F 06 51 64 00 CC CC 5F 43 00 00 00 00 00 AC 06 1A 52 64 00 33 33 
R05:26:12   47 43 00 00 00 00 00 AC 06 1A 53 64 00 9A 99 22 43 00 00 00 00 00 AC 06 1A 54 64 00 CC CC 74 42 
R05:26:12   00 00 00 00 00 AC 06 1A 55 64 00 00 00 A8 42 00 00 00 00 00 AC 06 1A 56 64 00 00 00 F6 42 00 00 
R05:26:12   00 00 00 AC 06 1A 57 64 00 66 66 12 42 00 00 00 00 00 AC 06 1A 58 64 00 34 33 77 42 00 00 00 00 
R05:26:12   00 AC 06 1A 
R05:26:12   68 82 26 64 F2 06 CF 08 25 00 3F 06 59 64 00 00 00 00 00 00 00 00 00 00 AC 06 1A 5A 64 00 00 00 
R05:26:12   00 00 00 00 00 00 00 AC 06 1A 5B 64 00 00 00 00 00 00 00 00 00 00 AC 06 1A 5C 64 00 00 00 00 00 
R05:26:12   00 00 00 00 00 AC 06 1A 5D 64 00 00 00 00 00 00 00 00 00 00 AC 06 1A 5E 64 00 00 00 00 00 00 00 
R05:26:12   00 00 00 AC 06 1A 5F 64 00 00 00 00 00 00 00 00 00 00 AC 06 1A 60 64 00 00 00 00 00 00 00 00 00 
R05:26:12   00 AC 06 1A 
R05:26:12   68 4A 28 64 F2 06 CE 08 25 00 3F 06 61 64 00 A6 C0 0B 48 00 62 64 00 66 66 18 43 00 63 64 00 99 
R05:26:12   99 C9 42 00 64 64 00 33 EF 6F 46 00 65 64 00 34 33 8B 42 00 66 64 00 66 B6 70 46 00 67 64 00 67 
R05:26:12   66 4E 42 00 68 64 00 33 33 47 42 00 
S05:26:12   68 04 01 00 2A 64 
R05:26:13   68 82 2A 64 F2 06 CF 08 25 00 3F 06 69 64 00 9A BF 0B 48 00 00 00 0F 05 AC 06 1A 6A 64 00 66 66 
R05:26:13   18 43 00 00 00 0F 05 AC 06 1A 6B 64 00 99 99 C9 42 00 00 00 0F 05 AC 06 1A 6C 64 00 CD EC 6F 46 
R05:26:13   00 00 00 0F 05 AC 06 1A 6D 64 00 34 33 8B 42 00 00 00 0F 05 AC 06 1A 6E 64 00 01 B4 70 46 00 00 
R05:26:13   00 0F 05 AC 06 1A 6F 64 00 67 66 4E 42 00 00 00 0F 05 AC 06 1A 70 64 00 33 33 47 42 00 00 00 0F 
R05:26:13   05 AC 06 1A 
R05:26:13   68 82 2C 64 F2 06 CF 08 25 00 3F 06 71 64 00 8C 9A 0B 48 00 00 00 00 00 AC 06 1A 72 64 00 66 66 
R05:26:13   18 43 00 00 00 00 00 AC 06 1A 73 64 00 99 99 C9 42 00 00 00 00 00 AC 06 1A 74 64 00 00 A0 6F 46 
R05:26:13   00 00 00 00 00 AC 06 1A 75 64 00 34 33 8B 42 00 00 00 00 00 AC 06 1A 76 64 00 34 67 70 46 00 00 
R05:26:13   00 00 00 AC 06 1A 77 64 00 67 66 4E 42 00 00 00 00 00 AC 06 1A 78 64 00 33 33 47 42 00 00 00 00 
R05:26:13   00 AC 06 1A 
R05:26:13   68 82 2E 64 F2 06 CF 08 25 00 3F 06 79 64 00 FF 44 DE 47 00 3A AE 25 0D F1 05 1A 7A 64 00 66 66 
R05:26:13   18 43 00 3A AE 25 0D F1 05 1A 7B 64 00 99 99 C9 42 00 3A AE 25 0D F1 05 1A 7C 64 00 67 46 50 46 
R05:26:13   00 3A AE 25 0D F1 05 1A 7D 64 00 34 33 8B 42 00 3A AE 25 0D F1 05 1A 7E 64 00 33 0B 51 46 00 3A 
R05:26:13   AE 25 0D F1 05 1A 7F 64 00 67 66 4E 42 00 3A AE 25 0D F1 05 1A 80 64 00 CD CC 44 42 00 3A AE 25 
R05:26:13   0D F1 05 1A 
S05:26:13   68 04 01 00 30 64 
R05:26:13   68 4A 30 64 F2 06 CE 08 25 00 3F 06 81 64 00 1D 9C 48 4A 00 82 64 00 CC 6C 38 46 00 83 64 00 9A 
R05:26:13   31 2A 46 00 84 64 00 99 63 F0 47 00 85 64 00 CC 4C 8A 43 00 86 64 00 E7 96 F0 47 00 87 64 00 34 
R05:26:13   B3 63 44 00 88 64 00 34 33 CD 42 00 
R05:26:13   68 82 32 64 F2 06 CF 08 25 00 3F 06 89 64 00 B9 9A 48 4A 00 00 00 0F 05 AC 06 1A 8A 64 00 CC 6C 
R05:26:13   38 46 00 00 00 0F 05 AC 06 1A 8B 64 00 9A 31 2A 46 00 00 00 0F 05 AC 06 1A 8C 64 00 CD 61 F0 47 
R05:26:13   00 00 00 0F 05 AC 06 1A 8D 64 00 CC 4C 8A 43 00 00 00 0F 05 AC 06 1A 8E 64 00 19 95 F0 47 00 00 
R05:26:13   00 0F 05 AC 06 1A 8F 64 00 34 B3 63 44 00 00 00 0F 05 AC 06 1A 90 64 00 34 33 CD 42 00 00 00 0F 
R05:26:13   05 AC 06 1A 
R05:26:13   68 82 34 64 F2 06 CF 08 25 00 3F 06 91 64 00 AE 6C 48 4A 00 00 00 00 00 AC 06 1A 92 64 00 CC 6C 
R05:26:13   38 46 00 00 00 00 00 AC 06 1A 93 64 00 9A 31 2A 46 00 00 00 00 00 AC 06 1A 94 64 00 B3 3E F0 47 
R05:26:13   00 00 00 00 00 AC 06 1A 95 64 00 CC 4C 8A 43 00 00 00 00 00 AC 06 1A 96 64 00 00 72 F0 47 00 00 
R05:26:13   00 00 00 AC 06 1A 97 64 00 34 B3 63 44 00 00 00 00 00 AC 06 1A 98 64 00 34 33 CD 42 00 00 00 00 
R05:26:13   00 AC 06 1A 
S05:26:13   68 04 01 00 36 64 
R05:26:14   68 82 36 64 F2 06 CF 08 25 00 3F 06 99 64 00 2B C0 DB 49 00 BB 6F 25 0B 6F 04 1A 9A 64 00 00 00 
R05:26:14   99 44 00 BB 6F 25 0B 6F 04 1A 9B 64 00 9A 99 9C 43 00 BB 6F 25 0B 6F 04 1A 9C 64 00 CC 8A AC 47 
R05:26:14   00 BB 6F 25 0B 6F 04 1A 9D 64 00 66 66 89 43 00 BB 6F 25 0B 6F 04 1A 9E 64 00 19 BE AC 47 00 BB 
R05:26:14   6F 25 0B 6F 04 1A 9F 64 00 34 B3 63 44 00 BB 6F 25 0B 6F 04 1A A0 64 00 34 33 CD 42 00 BB 6F 25 
R05:26:14   0B 6F 04 1A 
R05:26:14   68 4A 38 64 F2 06 CE 08 25 00 3F 06 A1 64 00 33 73 4C 44 00 A2 64 00 27 D0 69 48 00 A3 64 00 98 
R05:26:14   99 CF 42 00 A4 64 00 66 26 AE 44 00 A5 64 00 4A 7D 79 4A 00 A6 64 00 34 5B F9 45 00 A7 64 00 34 
R05:26:14   B6 69 48 00 A8 64 00 9A D1 CD 45 00 
R05:26:14   68 82 3A 64 F2 06 CF 08 25 00 3F 06 A9 64 00 33 73 4C 44 00 00 00 0F 05 AC 06 1A AA 64 00 00 CD 
R05:26:14   69 48 00 00 00 0F 05 AC 06 1A AB 64 00 98 99 CF 42 00 00 00 0F 05 AC 06 1A AC 64 00 66 26 AE 44 
R05:26:14   00 00 00 0F 05 AC 06 1A AD 64 00 04 7B 79 4A 00 00 00 0F 05 AC 06 1A AE 64 00 34 5B F9 45 00 00 
R05:26:14   00 0F 05 AC 06 1A AF 64 00 0D B3 69 48 00 00 00 0F 05 AC 06 1A B0 64 00 9A D1 CD 45 00 00 00 0F 
R05:26:14   05 AC 06 1A 
S05:26:14   68 04 01 00 3C 64 
R05:26:18   68 82 3C 64 F2 06 CF 08 25 00 3F 06 B1 64 00 33 73 4C 44 00 00 00 00 00 AC 06 1A B2 64 00 27 8B 
R05:26:18   69 48 00 00 00 00 00 AC 06 1A B3 64 00 98 99 CF 42 00 00 00 00 00 AC 06 1A B4 64 00 66 26 AE 44 
R05:26:18   00 00 00 00 00 AC 06 1A B5 64 00 CB 37 79 4A 00 00 00 00 00 AC 06 1A B6 64 00 34 5B F9 45 00 00 
R05:26:18   00 00 00 AC 06 1A B7 64 00 34 71 69 48 00 00 00 00 00 AC 06 1A B8 64 00 9A D1 CD 45 00 00 00 00 
R05:26:18   00 AC 06 1A 
R05:26:18   68 82 3E 64 F2 06 CF 08 25 00 3F 06 B9 64 00 33 73 4C 44 00 7A 6D 25 0B 6F 04 1A BA 64 00 00 A3 
R05:26:18   1E 48 00 7A 6D 25 0B 6F 04 1A BB 64 00 98 99 CF 42 00 7A 6D 25 0B 6F 04 1A BC 64 00 66 26 AE 44 
R05:26:18   00 7A 6D 25 0B 6F 04 1A BD 64 00 7A F6 0A 4A 00 7A 6D 25 0B 6F 04 1A BE 64 00 CC 0C BB 44 00 7A 
R05:26:18   6D 25 0B 6F 04 1A BF 64 00 0D 89 1E 48 00 7A 6D 25 0B 6F 04 1A C0 64 00 67 66 CE 42 00 7A 6D 25 
R05:26:18   0B 6F 04 1A 
R05:26:18   68 0E 40 64 F2 06 65 01 0A 00 3F 06 00 00 00 05 
S05:26:19   68 14 F2 06 42 64 67 01 06 00 3F 06 00 00 00 CB 4A 1A 05 AC 06 1A 
R05:26:20   68 14 42 64 F4 06 67 01 07 00 3F 06 00 00 00 CB 4A 1A 05 AC 06 1A 
S05:26:25   68 04 01 00 44 64 
S05:26:41   68 04 43 00 00 00 
R05:26:41   68 04 83 00 00 00 
S05:26:57   68 04 43 00 00 00 
R05:26:57   68 04 83 00 00 00 
S05:27:13   68 04 43 00 00 00 
R05:27:13   68 04 83 00 00 00 
R05:27:14   68 1A 44 64 F4 06 0D 02 03 00 3F 06 3B 40 00 70 3D 0A 42 00 46 40 00 88 16 51 42 00 
S05:27:14   68 04 01 00 46 64 
S05:27:30   68 04 43 00 00 00 
R05:27:30   68 04 83 00 00 00 
S05:27:46   68 04 43 00 00 00 
R05:27:46   68 04 83 00 00 00 
R05:27:51   68 12 46 64 F4 06 0D 01 03 00 3F 06 39 40 00 97 6E 0A 42 00 
S05:27:51   68 04 01 00 48 64 
S05:28:07   68 04 43 00 00 00 
R05:28:07   68 04 83 00 00 00 
R05:28:08   68 12 48 64 F4 06 0D 01 03 00 3F 06 3A 40 00 7F 6A 08 42 00 
S05:28:08   68 04 01 00 4A 64 
S05:28:24   68 04 43 00 00 00 
R05:28:24   68 04 83 00 00 00 
R05:28:27   68 12 4A 64 F4 06 0D 01 03 00 3F 06 44 40 00 2D B2 4F 42 00 
S05:28:27   68 04 01 00 4C 64 
S05:28:43   68 04 43 00 00 00 
R05:28:43   68 04 83 00 00 00 
S05:28:59   68 04 43 00 00 00 
R05:28:59   68 04 83 00 00 00 
R05:29:02   68 12 4C 64 F4 06 0D 01 03 00 3F 06 45 40 00 2D B2 49 42 00 
S05:29:02   68 04 01 00 4E 64 
S05:29:18   68 04 43 00 00 00 
R05:29:18   68 04 83 00 00 00 
S05:29:34   68 04 43 00 00 00 
R05:29:34   68 04 83 00 00 00 
S05:29:50   68 04 43 00 00 00 
R05:29:50   68 04 83 00 00 00 
S05:30:06   68 04 43 00 00 00 
R05:30:06   68 04 83 00 00 00 
S05:30:22   68 04 43 00 00 00 
R05:30:22   68 04 83 00 00 00 
S05:30:38   68 04 43 00 00 00 
R05:30:38   68 04 83 00 00 00 
S05:30:54   68 04 43 00 00 00 
R05:30:54   68 04 83 00 00 00 
R05:30:56   68 12 4E 64 F4 06 0D 01 03 00 3F 06 3B 40 00 75 93 22 42 00 
S05:30:56   68 04 01 00 50 64 
S05:31:12   68 04 43 00 00 00 
R05:31:12   68 04 83 00 00 00 
S05:31:28   68 04 43 00 00 00 
R05:31:28   68 04 83 00 00 00 
S05:31:44   68 04 43 00 00 00 
R05:31:44   68 04 83 00 00 00 
S05:32:00   68 04 43 00 00 00 
R05:32:01   68 04 83 00 00 00 
S05:32:17   68 04 43 00 00 00 
R05:32:17   68 04 83 00 00 00 
S05:32:33   68 04 43 00 00 00 
R05:32:33   68 04 83 00 00 00 
S05:32:49   68 04 43 00 00 00 
R05:32:49   68 04 83 00 00 00 
S05:33:05   68 04 43 00 00 00 
R05:33:05   68 04 83 00 00 00 
S05:33:21   68 04 43 00 00 00 
R05:33:21   68 04 83 00 00 00 
S05:33:37   68 04 43 00 00 00 
R05:33:37   68 04 83 00 00 00 
S05:33:53   68 04 43 00 00 00 
R05:33:54   68 04 83 00 00 00 
S05:34:10   68 04 43 00 00 00 
R05:34:10   68 04 83 00 00 00 
S05:34:26   68 04 43 00 00 00 
R05:34:26   68 04 83 00 00 00 
S05:34:42   68 04 43 00 00 00 
R05:34:42   68 04 83 00 00 00 
S05:34:58   68 04 43 00 00 00 
R05:34:58   68 04 83 00 00 00 
S05:35:14   68 04 43 00 00 00 
R05:35:15   68 04 83 00 00 00 
S05:35:31   68 04 43 00 00 00 
R05:35:31   68 04 83 00 00 00 
S05:35:47   68 04 43 00 00 00 
R05:35:48   68 04 83 00 00 00 
S05:36:04   68 04 43 00 00 00 
R05:36:04   68 04 83 00 00 00 
S05:36:20   68 04 43 00 00 00 
R05:36:20   68 04 83 00 00 00 
S05:36:36   68 04 43 00 00 00 
R05:36:37   68 04 83 00 00 00 
S05:36:53   68 04 43 00 00 00 
R05:36:54   68 04 83 00 00 00 
S05:37:10   68 04 43 00 00 00 
R05:37:11   68 04 83 00 00 00 
S05:37:27   68 04 43 00 00 00 
R05:37:28   68 04 83 00 00 00 
S05:37:44   68 04 43 00 00 00 
R05:37:45   68 04 83 00 00 00 
S05:38:01   68 04 43 00 00 00 
R05:38:02   68 04 83 00 00 00 
S05:38:18   68 04 43 00 00 00 
R05:38:19   68 04 83 00 00 00 
S05:38:35   68 04 43 00 00 00 
R05:38:36   68 04 83 00 00 00 
S05:38:52   68 04 43 00 00 00 
R05:38:53   68 04 83 00 00 00 
S05:39:09   68 04 43 00 00 00 
R05:39:09   68 04 83 00 00 00 
S05:39:25   68 04 43 00 00 00 
R05:39:26   68 04 83 00 00 00 
S05:39:42   68 04 43 00 00 00 
R05:39:42   68 04 83 00 00 00 
S05:39:58   68 04 43 00 00 00 
R05:39:58   68 04 83 00 00 00 
S05:40:14   68 04 43 00 00 00 
R05:40:14   68 04 83 00 00 00 
S05:40:30   68 04 43 00 00 00 
R05:40:30   68 04 83 00 00 00 
S05:40:46   68 04 43 00 00 00 
R05:40:46   68 04 83 00 00 00 
S05:40:59   68 0E F4 06 50 64 64 01 06 00 3F 06 00 00 00 14 
R05:40:59   68 0E 50 64 F6 06 64 01 07 00 3F 06 00 00 00 14 
S05:40:59   68 04 01 00 52 64 
R05:41:00   68 E6 52 64 F6 06 01 37 14 00 3F 06 01 00 00 00 02 00 00 00 03 00 00 00 04 00 00 00 05 00 00 00 
R05:41:00   06 00 00 00 07 00 00 01 08 00 00 00 09 00 00 00 0A 00 00 00 0B 00 00 00 0C 00 00 00 0D 00 00 00 
R05:41:00   0E 00 00 00 0F 00 00 00 10 00 00 00 11 00 00 00 12 00 00 00 13 00 00 00 14 00 00 00 15 00 00 00 
R05:41:00   16 00 00 00 17 00 00 00 18 00 00 00 19 00 00 00 1A 00 00 01 1B 00 00 01 1C 00 00 00 1D 00 00 01 
R05:41:00   1E 00 00 01 1F 00 00 01 20 00 00 00 21 00 00 00 22 00 00 00 23 00 00 00 24 00 00 00 25 00 00 00 
R05:41:00   26 00 00 00 27 00 00 00 28 00 00 00 29 00 00 01 2A 00 00 00 2B 00 00 00 2C 00 00 00 2D 00 00 00 
R05:41:00   2E 00 00 00 2F 00 00 00 30 00 00 00 31 00 00 00 32 00 00 00 33 00 00 00 34 00 00 00 35 00 00 00 
R05:41:00   36 00 00 00 37 00 00 00 
R05:41:00   68 D2 54 64 F6 06 01 32 14 00 3F 06 38 00 00 00 39 00 00 00 3A 00 00 00 3B 00 00 01 3C 00 00 00 
R05:41:00   3D 00 00 00 3E 00 00 01 3F 00 00 01 40 00 00 00 41 00 00 00 42 00 00 01 43 00 00 00 44 00 00 00 
R05:41:00   45 00 00 00 46 00 00 00 47 00 00 00 48 00 00 00 49 00 00 00 4A 00 00 01 4B 00 00 00 4C 00 00 00 
R05:41:00   4D 00 00 00 4E 00 00 00 4F 00 00 00 50 00 00 00 51 00 00 00 52 00 00 00 53 00 00 00 54 00 00 00 
R05:41:00   55 00 00 00 56 00 00 00 57 00 00 00 58 00 00 00 59 00 00 00 5A 00 00 00 5B 00 00 00 5C 00 00 01 
R05:41:00   5D 00 00 00 5E 00 00 00 5F 00 00 01 60 00 00 01 61 00 00 00 62 00 00 00 63 00 00 01 64 00 00 00 
R05:41:00   65 00 00 00 66 00 00 00 67 00 00 00 68 00 00 00 69 00 00 00 
R05:41:00   68 E6 56 64 F6 06 01 37 14 00 3F 06 69 00 00 00 6A 00 00 01 6B 00 00 00 6C 00 00 00 6D 00 00 00 
R05:41:00   6E 00 00 00 6F 00 00 00 70 00 00 00 71 00 00 00 72 00 00 00 73 00 00 00 74 00 00 00 75 00 00 00 
R05:41:00   76 00 00 00 77 00 00 00 78 00 00 00 79 00 00 00 7A 00 00 00 7B 00 00 00 7C 00 00 00 7D 00 00 01 
R05:41:00   7E 00 00 01 7F 00 00 00 80 00 00 01 81 00 00 01 82 00 00 01 83 00 00 00 84 00 00 00 85 00 00 00 
R05:41:00   86 00 00 00 87 00 00 00 88 00 00 00 89 00 00 00 8A 00 00 00 8B 00 00 01 8C 00 00 00 8D 00 00 00 
R05:41:00   8E 00 00 00 8F 00 00 00 90 00 00 00 91 00 00 00 92 00 00 00 93 00 00 00 94 00 00 00 95 00 00 00 
R05:41:00   96 00 00 00 97 00 00 00 98 00 00 00 99 00 00 00 9A 00 00 00 9B 00 00 00 9C 00 00 00 9D 00 00 00 
R05:41:00   9E 00 00 01 9F 00 00 00 
S05:41:00   68 04 01 00 58 64 
R05:41:01   68 A6 58 64 F6 06 01 27 14 00 3F 06 A0 00 00 00 A1 00 00 01 A2 00 00 01 A3 00 00 01 A4 00 00 00 
R05:41:01   A5 00 00 00 A6 00 00 00 A7 00 00 00 A8 00 00 00 A9 00 00 00 AA 00 00 00 AB 00 00 00 AC 00 00 01 
R05:41:01   AD 00 00 00 AE 00 00 00 AF 00 00 00 B0 00 00 00 B1 00 00 00 B2 00 00 00 B3 00 00 00 B4 00 00 00 
R05:41:01   B5 00 00 00 B6 00 00 00 B7 00 00 00 B8 00 00 00 B9 00 00 00 BA 00 00 00 BB 00 00 00 BC 00 00 00 
R05:41:01   BD 00 00 00 BE 00 00 00 BF 00 00 01 C0 00 00 00 C1 00 00 00 C2 00 00 01 C3 00 00 01 C4 00 00 01 
R05:41:01   C5 00 00 00 C6 00 00 00 
R05:41:01   68 EA 5A 64 F6 06 0D 1C 14 00 3F 06 01 40 00 00 00 65 43 00 02 40 00 D7 A3 54 42 00 03 40 00 23 
R05:41:01   DB 27 41 00 04 40 00 00 00 00 00 00 05 40 00 AC 1C 28 41 00 06 40 00 00 00 00 00 00 07 40 00 D1 
R05:41:01   22 48 42 00 08 40 00 00 00 00 00 00 09 40 00 00 00 00 00 00 0A 40 00 00 00 00 00 00 0B 40 00 00 
R05:41:01   00 00 00 00 0C 40 00 00 00 00 00 00 0D 40 00 5A 64 53 41 00 0E 40 00 33 33 53 41 00 0F 40 00 14 
R05:41:01   AE 5F 41 00 10 40 00 00 00 00 00 00 11 40 00 B8 1E 70 43 00 12 40 00 C2 F5 40 C2 00 13 40 00 48 
R05:41:01   E1 7A 3F 00 14 40 00 00 00 00 00 00 15 40 00 00 00 00 00 00 16 40 00 00 00 00 00 00 17 40 00 00 
R05:41:01   00 00 00 00 18 40 00 00 00 00 00 00 19 40 00 00 00 00 00 00 1A 40 00 00 00 00 00 00 1B 40 00 00 
R05:41:01   00 00 00 00 1C 40 00 00 00 00 00 00 
R05:41:02   68 6A 5C 64 F6 06 0D 0C 14 00 3F 06 1D 40 00 00 00 00 00 00 1E 40 00 00 00 00 00 00 1F 40 00 00 
R05:41:02   00 00 00 00 20 40 00 00 00 00 00 00 21 40 00 00 00 00 00 00 22 40 00 00 00 00 00 00 23 40 00 00 
R05:41:02   00 00 00 00 24 40 00 00 00 00 00 00 25 40 00 00 00 00 00 00 26 40 00 00 00 00 00 00 27 40 00 00 
R05:41:02   00 00 00 00 28 40 00 00 00 00 00 00 
R05:41:02   68 EA 5E 64 F6 06 0D 1C 14 00 3F 06 29 40 00 00 00 00 00 00 2A 40 00 00 00 00 00 00 2B 40 00 00 
R05:41:02   00 00 00 00 2C 40 00 00 00 00 00 00 2D 40 00 00 00 00 00 00 2E 40 00 00 00 00 00 00 2F 40 00 00 
R05:41:02   00 00 00 00 30 40 00 00 00 00 00 00 31 40 00 00 00 00 00 00 32 40 00 00 00 00 00 00 33 40 00 00 
R05:41:02   00 00 00 00 34 40 00 00 00 00 00 00 35 40 00 00 00 00 00 00 36 40 00 00 00 00 00 00 37 40 00 00 
R05:41:02   00 00 00 00 38 40 00 00 00 00 00 00 39 40 00 75 93 1C 42 00 3A 40 00 43 8B 18 42 00 3B 40 00 CF 
R05:41:02   F7 17 42 00 3C 40 00 00 00 00 00 00 3D 40 00 C2 35 2E 44 00 3E 40 00 29 5C 1F C2 00 3F 40 00 EE 
R05:41:02   7C 7F 3F 00 40 40 00 00 00 00 00 00 41 40 00 00 00 00 00 00 42 40 00 00 00 00 00 00 43 40 00 00 
R05:41:02   00 00 00 00 44 40 00 71 3D 58 42 00 
S05:41:02   68 04 01 00 60 64 
R05:41:03   68 3A 60 64 F6 06 0D 06 14 00 3F 06 45 40 00 BB 49 52 42 00 46 40 00 50 8D 55 42 00 47 40 00 00 
R05:41:03   00 00 00 00 48 40 00 5C 4F 72 C4 00 49 40 00 F6 28 AA 42 00 4A 40 00 DB F9 7E BF 00 
R05:41:03   68 0E 62 64 F6 06 64 01 0A 00 3F 06 00 00 00 14 
S05:41:03   68 0E F6 06 64 64 65 01 06 00 3F 06 00 00 00 05 
R05:41:04   68 0E 64 64 F8 06 65 01 07 00 3F 06 00 00 00 05 
R05:41:04   68 4A 66 64 F8 06 CE 08 25 00 3F 06 01 64 00 60 21 1C 49 00 02 64 00 66 66 03 44 00 03 64 00 67 
R05:41:04   66 FE 43 00 04 64 00 99 C5 F4 47 00 05 64 00 00 00 AE 42 00 06 64 00 19 E8 F4 47 00 07 64 00 66 
R05:41:04   66 86 41 00 08 64 00 00 00 8A 42 00 
R05:41:05   68 82 68 64 F8 06 CF 08 25 00 3F 06 09 64 00 A4 1E 1C 49 00 00 00 1E 05 AC 06 1A 0A 64 00 66 66 
R05:41:05   03 44 00 00 00 1E 05 AC 06 1A 0B 64 00 67 66 FE 43 00 00 00 1E 05 AC 06 1A 0C 64 00 67 C1 F4 47 
R05:41:05   00 00 00 1E 05 AC 06 1A 0D 64 00 00 00 AE 42 00 00 00 1E 05 AC 06 1A 0E 64 00 E7 E3 F4 47 00 00 
R05:41:05   00 1E 05 AC 06 1A 0F 64 00 66 66 86 41 00 00 00 1E 05 AC 06 1A 10 64 00 00 00 8A 42 00 00 00 1E 
R05:41:05   05 AC 06 1A 
S05:41:05   68 04 01 00 6A 64 
R05:41:05   68 82 6A 64 F8 06 CF 08 25 00 3F 06 11 64 00 39 D0 1B 49 00 00 00 00 00 AC 06 1A 12 64 00 66 66 
R05:41:05   03 44 00 00 00 00 00 AC 06 1A 13 64 00 67 66 FE 43 00 00 00 00 00 AC 06 1A 14 64 00 66 55 F4 47 
R05:41:05   00 00 00 00 00 AC 06 1A 15 64 00 00 00 AE 42 00 00 00 00 00 AC 06 1A 16 64 00 E7 77 F4 47 00 00 
R05:41:05   00 00 00 AC 06 1A 17 64 00 66 66 86 41 00 00 00 00 00 AC 06 1A 18 64 00 00 00 8A 42 00 00 00 00 
R05:41:05   00 AC 06 1A 
R05:41:06   68 82 6C 64 F8 06 CF 08 25 00 3F 06 19 64 00 00 00 00 00 00 00 00 00 00 AC 06 1A 1A 64 00 00 00 
R05:41:06   00 00 00 00 00 00 00 AC 06 1A 1B 64 00 00 00 00 00 00 00 00 00 00 AC 06 1A 1C 64 00 00 00 00 00 
R05:41:06   00 00 00 00 00 AC 06 1A 1D 64 00 00 00 00 00 00 00 00 00 00 AC 06 1A 1E 64 00 00 00 00 00 00 00 
R05:41:06   00 00 00 AC 06 1A 1F 64 00 00 00 00 00 00 00 00 00 00 AC 06 1A 20 64 00 00 00 00 00 00 00 00 00 
R05:41:06   00 AC 06 1A 
R05:41:06   68 4A 6E 64 F8 06 CE 08 25 00 3F 06 21 64 00 CC CC 41 43 00 22 64 00 34 33 0B 43 00 23 64 00 66 
R05:41:06   66 AA 42 00 24 64 00 CD CC EE 42 00 25 64 00 CD CC C4 42 00 26 64 00 CC CC 29 43 00 27 64 00 FF 
R05:41:06   FF 57 42 00 28 64 00 99 99 49 42 00 
S05:41:06   68 04 01 00 70 64 
R05:41:07   68 82 70 64 F8 06 CF 08 25 00 3F 06 29 64 00 CC CC 41 43 00 00 00 1E 05 AC 06 1A 2A 64 00 34 33 
R05:41:07   0B 43 00 00 00 1E 05 AC 06 1A 2B 64 00 66 66 AA 42 00 00 00 1E 05 AC 06 1A 2C 64 00 CD CC EE 42 
R05:41:07   00 00 00 1E 05 AC 06 1A 2D 64 00 CD CC C4 42 00 00 00 1E 05 AC 06 1A 2E 64 00 CC CC 29 43 00 00 
R05:41:07   00 1E 05 AC 06 1A 2F 64 00 FF FF 57 42 00 00 00 1E 05 AC 06 1A 30 64 00 99 99 49 42 00 00 00 1E 
R05:41:07   05 AC 06 1A 
R05:41:07   68 82 72 64 F8 06 CF 08 25 00 3F 06 31 64 00 CC CC 41 43 00 00 00 00 00 AC 06 1A 32 64 00 34 33 
R05:41:07   0B 43 00 00 00 00 00 AC 06 1A 33 64 00 66 66 AA 42 00 00 00 00 00 AC 06 1A 34 64 00 CD CC EE 42 
R05:41:07   00 00 00 00 00 AC 06 1A 35 64 00 CD CC C4 42 00 00 00 00 00 AC 06 1A 36 64 00 CC CC 29 43 00 00 
R05:41:07   00 00 00 AC 06 1A 37 64 00 FF FF 57 42 00 00 00 00 00 AC 06 1A 38 64 00 99 99 49 42 00 00 00 00 
R05:41:07   00 AC 06 1A 
R05:41:08   68 82 74 64 F8 06 CF 08 25 00 3F 06 39 64 00 00 00 00 00 00 00 00 00 00 AC 06 1A 3A 64 00 00 00 
R05:41:08   00 00 00 00 00 00 00 AC 06 1A 3B 64 00 00 00 00 00 00 00 00 00 00 AC 06 1A 3C 64 00 00 00 00 00 
R05:41:08   00 00 00 00 00 AC 06 1A 3D 64 00 00 00 00 00 00 00 00 00 00 AC 06 1A 3E 64 00 00 00 00 00 00 00 
R05:41:08   00 00 00 AC 06 1A 3F 64 00 00 00 00 00 00 00 00 00 00 AC 06 1A 40 64 00 00 00 00 00 00 00 00 00 
R05:41:08   00 AC 06 1A 
S05:41:08   68 04 01 00 76 64 
R05:41:08   68 4A 76 64 F8 06 CE 08 25 00 3F 06 41 64 00 CC CC 5F 43 00 42 64 00 33 33 47 43 00 43 64 00 9A 
R05:41:08   99 22 43 00 44 64 00 CC CC 74 42 00 45 64 00 00 00 A8 42 00 46 64 00 00 00 F6 42 00 47 64 00 66 
R05:41:08   66 12 42 00 48 64 00 34 33 77 42 00 
R05:41:09   68 82 78 64 F8 06 CF 08 25 00 3F 06 49 64 00 CC CC 5F 43 00 00 00 1E 05 AC 06 1A 4A 64 00 33 33 
R05:41:09   47 43 00 00 00 1E 05 AC 06 1A 4B 64 00 9A 99 22 43 00 00 00 1E 05 AC 06 1A 4C 64 00 CC CC 74 42 
R05:41:09   00 00 00 1E 05 AC 06 1A 4D 64 00 00 00 A8 42 00 00 00 1E 05 AC 06 1A 4E 64 00 00 00 F6 42 00 00 
R05:41:09   00 1E 05 AC 06 1A 4F 64 00 66 66 12 42 00 00 00 1E 05 AC 06 1A 50 64 00 34 33 77 42 00 00 00 1E 
R05:41:09   05 AC 06 1A 
R05:41:09   68 82 7A 64 F8 06 CF 08 25 00 3F 06 51 64 00 CC CC 5F 43 00 00 00 00 00 AC 06 1A 52 64 00 33 33 
R05:41:09   47 43 00 00 00 00 00 AC 06 1A 53 64 00 9A 99 22 43 00 00 00 00 00 AC 06 1A 54 64 00 CC CC 74 42 
R05:41:09   00 00 00 00 00 AC 06 1A 55 64 00 00 00 A8 42 00 00 00 00 00 AC 06 1A 56 64 00 00 00 F6 42 00 00 
R05:41:09   00 00 00 AC 06 1A 57 64 00 66 66 12 42 00 00 00 00 00 AC 06 1A 58 64 00 34 33 77 42 00 00 00 00 
R05:41:09   00 AC 06 1A 
S05:41:09   68 04 01 00 7C 64 
R05:41:10   68 82 7C 64 F8 06 CF 08 25 00 3F 06 59 64 00 00 00 00 00 00 00 00 00 00 AC 06 1A 5A 64 00 00 00 
R05:41:10   00 00 00 00 00 00 00 AC 06 1A 5B 64 00 00 00 00 00 00 00 00 00 00 AC 06 1A 5C 64 00 00 00 00 00 
R05:41:10   00 00 00 00 00 AC 06 1A 5D 64 00 00 00 00 00 00 00 00 00 00 AC 06 1A 5E 64 00 00 00 00 00 00 00 
R05:41:10   00 00 00 AC 06 1A 5F 64 00 00 00 00 00 00 00 00 00 00 AC 06 1A 60 64 00 00 00 00 00 00 00 00 00 
R05:41:10   00 AC 06 1A 
R05:41:10   68 4A 7E 64 F8 06 CE 08 25 00 3F 06 61 64 00 27 C2 0B 48 00 62 64 00 66 66 18 43 00 63 64 00 99 
R05:41:10   99 C9 42 00 64 64 00 99 F1 6F 46 00 65 64 00 34 33 8B 42 00 66 64 00 CC B8 70 46 00 67 64 00 67 
R05:41:10   66 4E 42 00 68 64 00 33 33 47 42 00 
R05:41:10   68 82 80 64 F8 06 CF 08 25 00 3F 06 69 64 00 1A C1 0B 48 00 00 00 1E 05 AC 06 1A 6A 64 00 66 66 
R05:41:10   18 43 00 00 00 1E 05 AC 06 1A 6B 64 00 99 99 C9 42 00 00 00 1E 05 AC 06 1A 6C 64 00 33 EF 6F 46 
R05:41:10   00 00 00 1E 05 AC 06 1A 6D 64 00 34 33 8B 42 00 00 00 1E 05 AC 06 1A 6E 64 00 66 B6 70 46 00 00 
R05:41:10   00 1E 05 AC 06 1A 6F 64 00 67 66 4E 42 00 00 00 1E 05 AC 06 1A 70 64 00 33 33 47 42 00 00 00 1E 
R05:41:10   05 AC 06 1A 
S05:41:10   68 04 01 00 82 64 
R05:41:11   68 82 82 64 F8 06 CF 08 25 00 3F 06 71 64 00 8C 9A 0B 48 00 00 00 00 00 AC 06 1A 72 64 00 66 66 
R05:41:11   18 43 00 00 00 00 00 AC 06 1A 73 64 00 99 99 C9 42 00 00 00 00 00 AC 06 1A 74 64 00 00 A0 6F 46 
R05:41:11   00 00 00 00 00 AC 06 1A 75 64 00 34 33 8B 42 00 00 00 00 00 AC 06 1A 76 64 00 34 67 70 46 00 00 
R05:41:11   00 00 00 AC 06 1A 77 64 00 67 66 4E 42 00 00 00 00 00 AC 06 1A 78 64 00 33 33 47 42 00 00 00 00 
R05:41:11   00 AC 06 1A 
R05:41:11   68 82 84 64 F8 06 CF 08 25 00 3F 06 79 64 00 FF 44 DE 47 00 3A AE 25 0D F1 05 1A 7A 64 00 66 66 
R05:41:11   18 43 00 3A AE 25 0D F1 05 1A 7B 64 00 99 99 C9 42 00 3A AE 25 0D F1 05 1A 7C 64 00 67 46 50 46 
R05:41:11   00 3A AE 25 0D F1 05 1A 7D 64 00 34 33 8B 42 00 3A AE 25 0D F1 05 1A 7E 64 00 33 0B 51 46 00 3A 
R05:41:11   AE 25 0D F1 05 1A 7F 64 00 67 66 4E 42 00 3A AE 25 0D F1 05 1A 80 64 00 CD CC 44 42 00 3A AE 25 
R05:41:11   0D F1 05 1A 
R05:41:12   68 4A 86 64 F8 06 CE 08 25 00 3F 06 81 64 00 CC 9E 48 4A 00 82 64 00 CC 6C 38 46 00 83 64 00 9A 
R05:41:12   31 2A 46 00 84 64 00 34 67 F0 47 00 85 64 00 CC 4C 8A 43 00 86 64 00 80 9A F0 47 00 87 64 00 34 
R05:41:12   B3 63 44 00 88 64 00 34 33 CD 42 00 
S05:41:12   68 04 01 00 88 64 
R05:41:12   68 82 88 64 F8 06 CF 08 25 00 3F 06 89 64 00 C8 9C 48 4A 00 00 00 1E 05 AC 06 1A 8A 64 00 CC 6C 
R05:41:12   38 46 00 00 00 1E 05 AC 06 1A 8B 64 00 9A 31 2A 46 00 00 00 1E 05 AC 06 1A 8C 64 00 34 64 F0 47 
R05:41:12   00 00 00 1E 05 AC 06 1A 8D 64 00 CC 4C 8A 43 00 00 00 1E 05 AC 06 1A 8E 64 00 80 97 F0 47 00 00 
R05:41:12   00 1E 05 AC 06 1A 8F 64 00 34 B3 63 44 00 00 00 1E 05 AC 06 1A 90 64 00 34 33 CD 42 00 00 00 1E 
R05:41:12   05 AC 06 1A 
R05:41:13   68 82 8A 64 F8 06 CF 08 25 00 3F 06 91 64 00 AE 6C 48 4A 00 00 00 00 00 AC 06 1A 92 64 00 CC 6C 
R05:41:13   38 46 00 00 00 00 00 AC 06 1A 93 64 00 9A 31 2A 46 00 00 00 00 00 AC 06 1A 94 64 00 B3 3E F0 47 
R05:41:13   00 00 00 00 00 AC 06 1A 95 64 00 CC 4C 8A 43 00 00 00 00 00 AC 06 1A 96 64 00 00 72 F0 47 00 00 
R05:41:13   00 00 00 AC 06 1A 97 64 00 34 B3 63 44 00 00 00 00 00 AC 06 1A 98 64 00 34 33 CD 42 00 00 00 00 
R05:41:13   00 AC 06 1A 
R05:41:13   68 82 8C 64 F8 06 CF 08 25 00 3F 06 99 64 00 2B C0 DB 49 00 BB 6F 25 0B 6F 04 1A 9A 64 00 00 00 
R05:41:13   99 44 00 BB 6F 25 0B 6F 04 1A 9B 64 00 9A 99 9C 43 00 BB 6F 25 0B 6F 04 1A 9C 64 00 CC 8A AC 47 
R05:41:13   00 BB 6F 25 0B 6F 04 1A 9D 64 00 66 66 89 43 00 BB 6F 25 0B 6F 04 1A 9E 64 00 19 BE AC 47 00 BB 
R05:41:13   6F 25 0B 6F 04 1A 9F 64 00 34 B3 63 44 00 BB 6F 25 0B 6F 04 1A A0 64 00 34 33 CD 42 00 BB 6F 25 
R05:41:13   0B 6F 04 1A 
R05:41:13   68 4A 8E 64 F8 06 CE 08 25 00 3F 06 A1 64 00 33 73 4C 44 00 A2 64 00 CD D4 69 48 00 A3 64 00 98 
R05:41:13   99 CF 42 00 A4 64 00 66 26 AE 44 00 A5 64 00 10 81 79 4A 00 A6 64 00 34 5B F9 45 00 A7 64 00 DA 
R05:41:13   BA 69 48 00 A8 64 00 9A D1 CD 45 00 
S05:41:13   68 04 01 00 90 64 
R05:41:14   68 82 90 64 F8 06 CF 08 25 00 3F 06 A9 64 00 33 73 4C 44 00 00 00 1E 05 AC 06 1A AA 64 00 59 D1 
R05:41:14   69 48 00 00 00 1E 05 AC 06 1A AB 64 00 98 99 CF 42 00 00 00 1E 05 AC 06 1A AC 64 00 66 26 AE 44 
R05:41:14   00 00 00 1E 05 AC 06 1A AD 64 00 4B 7E 79 4A 00 00 00 1E 05 AC 06 1A AE 64 00 34 5B F9 45 00 00 
R05:41:14   00 1E 05 AC 06 1A AF 64 00 66 B7 69 48 00 00 00 1E 05 AC 06 1A B0 64 00 9A D1 CD 45 00 00 00 1E 
R05:41:14   05 AC 06 1A 
R05:41:14   68 82 92 64 F8 06 CF 08 25 00 3F 06 B1 64 00 33 73 4C 44 00 00 00 00 00 AC 06 1A B2 64 00 27 8B 
R05:41:14   69 48 00 00 00 00 00 AC 06 1A B3 64 00 98 99 CF 42 00 00 00 00 00 AC 06 1A B4 64 00 66 26 AE 44 
R05:41:14   00 00 00 00 00 AC 06 1A B5 64 00 CB 37 79 4A 00 00 00 00 00 AC 06 1A B6 64 00 34 5B F9 45 00 00 
R05:41:14   00 00 00 AC 06 1A B7 64 00 34 71 69 48 00 00 00 00 00 AC 06 1A B8 64 00 9A D1 CD 45 00 00 00 00 
R05:41:14   00 AC 06 1A 
R05:41:15   68 82 94 64 F8 06 CF 08 25 00 3F 06 B9 64 00 33 73 4C 44 00 7A 6D 25 0B 6F 04 1A BA 64 00 00 A3 
R05:41:15   1E 48 00 7A 6D 25 0B 6F 04 1A BB 64 00 98 99 CF 42 00 7A 6D 25 0B 6F 04 1A BC 64 00 66 26 AE 44 
R05:41:15   00 7A 6D 25 0B 6F 04 1A BD 64 00 7A F6 0A 4A 00 7A 6D 25 0B 6F 04 1A BE 64 00 CC 0C BB 44 00 7A 
R05:41:15   6D 25 0B 6F 04 1A BF 64 00 0D 89 1E 48 00 7A 6D 25 0B 6F 04 1A C0 64 00 67 66 CE 42 00 7A 6D 25 
R05:41:15   0B 6F 04 1A 
R05:41:15   68 0E 96 64 F8 06 65 01 0A 00 3F 06 00 00 00 05 
S05:41:15   68 14 F8 06 98 64 67 01 06 00 3F 06 00 00 00 34 3C 29 05 AC 06 1A 
R05:41:16   68 14 98 64 FA 06 67 01 07 00 3F 06 00 00 00 34 3C 29 05 AC 06 1A 
S05:41:24   68 04 01 00 9A 64 
S05:41:40   68 04 43 00 00 00 
R05:41:40   68 04 83 00 00 00 
S05:41:56   68 04 43 00 00 00 
R05:41:56   68 04 83 00 00 00 
S05:42:12   68 04 43 00 00 00 
R05:42:12   68 04 83 00 00 00 
S05:42:28   68 04 43 00 00 00 
R05:42:28   68 04 83 00 00 00 
S05:42:44   68 04 43 00 00 00 
R05:42:44   68 04 83 00 00 00 
S05:43:00   68 04 43 00 00 00 
R05:43:00   68 04 83 00 00 00 
S05:43:16   68 04 43 00 00 00 
R05:43:17   68 04 83 00 00 00 
S05:43:33   68 04 43 00 00 00 
R05:43:33   68 04 83 00 00 00 
S05:43:49   68 04 43 00 00 00 
R05:43:49   68 04 83 00 00 00 
S05:44:05   68 04 43 00 00 00 
R05:44:05   68 04 83 00 00 00 
S05:44:21   68 04 43 00 00 00 
R05:44:21   68 04 83 00 00 00 
S05:44:37   68 04 43 00 00 00 
R05:44:37   68 04 83 00 00 00 
S05:44:53   68 04 43 00 00 00 
R05:44:53   68 04 83 00 00 00 
S05:45:09   68 04 43 00 00 00 
R05:45:09   68 04 83 00 00 00 
S05:45:25   68 04 43 00 00 00 
R05:45:25   68 04 83 00 00 00 
S05:45:41   68 04 43 00 00 00 
R05:45:41   68 04 83 00 00 00 
S05:45:57   68 04 43 00 00 00 
R05:45:57   68 04 83 00 00 00 
S05:46:13   68 04 43 00 00 00 
R05:46:13   68 04 83 00 00 00 
S05:46:29   68 04 43 00 00 00 
R05:46:29   68 04 83 00 00 00 
S05:46:45   68 04 43 00 00 00 
R05:46:45   68 04 83 00 00 00 
S05:47:01   68 04 43 00 00 00 
R05:47:02   68 04 83 00 00 00 
S05:47:18   68 04 43 00 00 00 
R05:47:18   68 04 83 00 00 00 
S05:47:34   68 04 43 00 00 00 
R05:47:34   68 04 83 00 00 00 
S05:47:50   68 04 43 00 00 00 
R05:47:50   68 04 83 00 00 00 
S05:48:06   68 04 43 00 00 00 
R05:48:06   68 04 83 00 00 00 
S05:48:22   68 04 43 00 00 00 
R05:48:22   68 04 83 00 00 00 
S05:48:38   68 04 43 00 00 00 
R05:48:39   68 04 83 00 00 00 
S05:48:55   68 04 43 00 00 00 
R05:48:56   68 04 83 00 00 00 
S05:49:12   68 04 43 00 00 00 
R05:49:13   68 04 83 00 00 00 
S05:49:29   68 04 43 00 00 00 
R05:49:30   68 04 83 00 00 00 
S05:49:46   68 04 43 00 00 00 
R05:49:47   68 04 83 00 00 00 
S05:50:03   68 04 43 00 00 00 
R05:50:04   68 04 83 00 00 00 
S05:50:20   68 04 43 00 00 00 
R05:50:21   68 04 83 00 00 00 
S05:50:37   68 04 43 00 00 00 
R05:50:38   68 04 83 00 00 00 
S05:50:54   68 04 43 00 00 00 
R05:50:55   68 04 83 00 00 00 
S05:51:11   68 04 43 00 00 00 
R05:51:12   68 04 83 00 00 00 
S05:51:28   68 04 43 00 00 00 
R05:51:29   68 04 83 00 00 00 
S05:51:45   68 04 43 00 00 00 
R05:51:46   68 04 83 00 00 00 
S05:52:02   68 04 43 00 00 00 
R05:52:03   68 04 83 00 00 00 
S05:52:19   68 04 43 00 00 00 
R05:52:20   68 04 83 00 00 00 
S05:52:36   68 04 43 00 00 00 
R05:52:37   68 04 83 00 00 00 
S05:52:53   68 04 43 00 00 00 
R05:52:53   68 04 83 00 00 00 
S05:53:09   68 04 43 00 00 00 
R05:53:09   68 04 83 00 00 00 
S05:53:25   68 04 43 00 00 00 
R05:53:25   68 04 83 00 00 00 
S05:53:41   68 04 43 00 00 00 
R05:53:41   68 04 83 00 00 00 
S05:53:57   68 04 43 00 00 00 
R05:53:57   68 04 83 00 00 00 
S05:54:13   68 04 43 00 00 00 
R05:54:13   68 04 83 00 00 00 
S05:54:29   68 04 43 00 00 00 
R05:54:29   68 04 83 00 00 00 
S05:54:45   68 04 43 00 00 00 
R05:54:45   68 04 83 00 00 00 
S05:55:01   68 04 43 00 00 00 
R05:55:01   68 04 83 00 00 00 
S05:55:17   68 04 43 00 00 00 
R05:55:17   68 04 83 00 00 00 
S05:55:33   68 04 43 00 00 00 
R05:55:33   68 04 83 00 00 00 
S05:55:49   68 04 43 00 00 00 
R05:55:49   68 04 83 00 00 00 
S05:55:59   68 0E FA 06 9A 64 64 01 06 00 3F 06 00 00 00 14 
R05:55:59   68 0E 9A 64 FC 06 64 01 07 00 3F 06 00 00 00 14 
S05:55:59   68 04 01 00 9C 64 
R05:56:00   68 E6 9C 64 FC 06 01 37 14 00 3F 06 01 00 00 00 02 00 00 00 03 00 00 00 04 00 00 00 05 00 00 00 
R05:56:00   06 00 00 00 07 00 00 01 08 00 00 00 09 00 00 00 0A 00 00 00 0B 00 00 00 0C 00 00 00 0D 00 00 00 
R05:56:00   0E 00 00 00 0F 00 00 00 10 00 00 00 11 00 00 00 12 00 00 00 13 00 00 00 14 00 00 00 15 00 00 00 
R05:56:00   16 00 00 00 17 00 00 00 18 00 00 00 19 00 00 00 1A 00 00 01 1B 00 00 01 1C 00 00 00 1D 00 00 01 
R05:56:00   1E 00 00 01 1F 00 00 01 20 00 00 00 21 00 00 00 22 00 00 00 23 00 00 00 24 00 00 00 25 00 00 00 
R05:56:00   26 00 00 00 27 00 00 00 28 00 00 00 29 00 00 01 2A 00 00 00 2B 00 00 00 2C 00 00 00 2D 00 00 00 
R05:56:00   2E 00 00 00 2F 00 00 00 30 00 00 00 31 00 00 00 32 00 00 00 33 00 00 00 34 00 00 00 35 00 00 00 
R05:56:00   36 00 00 00 37 00 00 00 
R05:56:00   68 D2 9E 64 FC 06 01 32 14 00 3F 06 38 00 00 00 39 00 00 00 3A 00 00 00 3B 00 00 01 3C 00 00 00 
R05:56:00   3D 00 00 00 3E 00 00 01 3F 00 00 01 40 00 00 00 41 00 00 00 42 00 00 01 43 00 00 00 44 00 00 00 
R05:56:00   45 00 00 00 46 00 00 00 47 00 00 00 48 00 00 00 49 00 00 00 4A 00 00 01 4B 00 00 00 4C 00 00 00 
R05:56:00   4D 00 00 00 4E 00 00 00 4F 00 00 00 50 00 00 00 51 00 00 00 52 00 00 00 53 00 00 00 54 00 00 00 
R05:56:00   55 00 00 00 56 00 00 00 57 00 00 00 58 00 00 00 59 00 00 00 5A 00 00 00 5B 00 00 00 5C 00 00 01 
R05:56:00   5D 00 00 00 5E 00 00 00 5F 00 00 01 60 00 00 01 61 00 00 00 62 00 00 00 63 00 00 01 64 00 00 00 
R05:56:00   65 00 00 00 66 00 00 00 67 00 00 00 68 00 00 00 69 00 00 00 
R05:56:01   68 E6 A0 64 FC 06 01 37 14 00 3F 06 69 00 00 00 6A 00 00 01 6B 00 00 00 6C 00 00 00 6D 00 00 00 
R05:56:01   6E 00 00 00 6F 00 00 00 70 00 00 00 71 00 00 00 72 00 00 00 73 00 00 00 74 00 00 00 75 00 00 00 
R05:56:01   76 00 00 00 77 00 00 00 78 00 00 00 79 00 00 00 7A 00 00 00 7B 00 00 00 7C 00 00 00 7D 00 00 01 
R05:56:01   7E 00 00 01 7F 00 00 00 80 00 00 01 81 00 00 01 82 00 00 01 83 00 00 00 84 00 00 00 85 00 00 00 
R05:56:01   86 00 00 00 87 00 00 00 88 00 00 00 89 00 00 00 8A 00 00 00 8B 00 00 01 8C 00 00 00 8D 00 00 00 
R05:56:01   8E 00 00 00 8F 00 00 00 90 00 00 00 91 00 00 00 92 00 00 00 93 00 00 00 94 00 00 00 95 00 00 00 
R05:56:01   96 00 00 00 97 00 00 00 98 00 00 00 99 00 00 00 9A 00 00 00 9B 00 00 00 9C 00 00 00 9D 00 00 00 
R05:56:01   9E 00 00 01 9F 00 00 00 
S05:56:01   68 04 01 00 A2 64 
R05:56:01   68 A6 A2 64 FC 06 01 27 14 00 3F 06 A0 00 00 00 A1 00 00 01 A2 00 00 01 A3 00 00 01 A4 00 00 00 
R05:56:01   A5 00 00 00 A6 00 00 00 A7 00 00 00 A8 00 00 00 A9 00 00 00 AA 00 00 00 AB 00 00 00 AC 00 00 01 
R05:56:01   AD 00 00 00 AE 00 00 00 AF 00 00 00 B0 00 00 00 B1 00 00 00 B2 00 00 00 B3 00 00 00 B4 00 00 00 
R05:56:01   B5 00 00 00 B6 00 00 00 B7 00 00 00 B8 00 00 00 B9 00 00 00 BA 00 00 00 BB 00 00 00 BC 00 00 00 
R05:56:01   BD 00 00 00 BE 00 00 00 BF 00 00 01 C0 00 00 00 C1 00 00 00 C2 00 00 01 C3 00 00 01 C4 00 00 01 
R05:56:01   C5 00 00 00 C6 00 00 00 
R05:56:02   68 EA A4 64 FC 06 0D 1C 14 00 3F 06 01 40 00 00 00 65 43 00 02 40 00 66 66 54 42 00 03 40 00 06 
R05:56:02   81 27 41 00 04 40 00 00 00 00 00 00 05 40 00 CF F7 27 41 00 06 40 00 00 00 00 00 00 07 40 00 E7 
R05:56:02   FB 47 42 00 08 40 00 00 00 00 00 00 09 40 00 00 00 00 00 00 0A 40 00 00 00 00 00 00 0B 40 00 00 
R05:56:02   00 00 00 00 0C 40 00 00 00 00 00 00 0D 40 00 58 39 44 41 00 0E 40 00 21 B0 42 41 00 0F 40 00 33 
R05:56:02   33 53 41 00 10 40 00 00 00 00 00 00 11 40 00 EC 51 5F 43 00 12 40 00 00 00 34 C2 00 13 40 00 48 
R05:56:02   E1 7A 3F 00 14 40 00 00 00 00 00 00 15 40 00 00 00 00 00 00 16 40 00 00 00 00 00 00 17 40 00 00 
R05:56:02   00 00 00 00 18 40 00 00 00 00 00 00 19 40 00 00 00 00 00 00 1A 40 00 00 00 00 00 00 1B 40 00 00 
R05:56:02   00 00 00 00 1C 40 00 00 00 00 00 00 
R05:56:02   68 6A A6 64 FC 06 0D 0C 14 00 3F 06 1D 40 00 00 00 00 00 00 1E 40 00 00 00 00 00 00 1F 40 00 00 
R05:56:02   00 00 00 00 20 40 00 00 00 00 00 00 21 40 00 00 00 00 00 00 22 40 00 00 00 00 00 00 23 40 00 00 
R05:56:02   00 00 00 00 24 40 00 00 00 00 00 00 25 40 00 00 00 00 00 00 26 40 00 00 00 00 00 00 27 40 00 00 
R05:56:02   00 00 00 00 28 40 00 00 00 00 00 00 
R05:56:02   68 EA A8 64 FC 06 0D 1C 14 00 3F 06 29 40 00 00 00 00 00 00 2A 40 00 00 00 00 00 00 2B 40 00 00 
R05:56:02   00 00 00 00 2C 40 00 00 00 00 00 00 2D 40 00 00 00 00 00 00 2E 40 00 00 00 00 00 00 2F 40 00 00 
R05:56:02   00 00 00 00 30 40 00 00 00 00 00 00 31 40 00 00 00 00 00 00 32 40 00 00 00 00 00 00 33 40 00 00 
R05:56:02   00 00 00 00 34 40 00 00 00 00 00 00 35 40 00 00 00 00 00 00 36 40 00 00 00 00 00 00 37 40 00 00 
R05:56:02   00 00 00 00 38 40 00 00 00 00 00 00 39 40 00 DB F9 12 42 00 3A 40 00 7F 6A 08 42 00 3B 40 00 17 
R05:56:02   D9 08 42 00 3C 40 00 00 00 00 00 00 3D 40 00 B8 5E 1E 44 00 3E 40 00 5C 8F CA C1 00 3F 40 00 77 
R05:56:02   BE 7F 3F 00 40 40 00 00 00 00 00 00 41 40 00 00 00 00 00 00 42 40 00 00 00 00 00 00 43 40 00 00 
R05:56:02   00 00 00 00 44 40 00 65 3B 4B 42 00 
S05:56:02   68 04 01 00 AA 64 
R05:56:03   68 3A AA 64 FC 06 0D 06 14 00 3F 06 45 40 00 D3 4D 3C 42 00 46 40 00 7A 14 44 42 00 47 40 00 00 
R05:56:03   00 00 00 00 48 40 00 99 19 5D C4 00 49 40 00 B8 1E 87 42 00 4A 40 00 64 3B 7F BF 00 
R05:56:03   68 0E AC 64 FC 06 64 01 0A 00 3F 06 00 00 00 14 
S05:56:03   68 0E FC 06 AE 64 65 01 06 00 3F 06 00 00 00 05 
R05:56:04   68 0E AE 64 FE 06 65 01 07 00 3F 06 00 00 00 05 
R05:56:04   68 4A B0 64 FE 06 CE 08 25 00 3F 06 01 64 00 FA 24 1C 49 00 02 64 00 66 66 03 44 00 03 64 00 67 
R05:56:04   66 FE 43 00 04 64 00 B4 CA F4 47 00 05 64 00 00 00 AE 42 00 06 64 00 33 ED F4 47 00 07 64 00 66 
R05:56:04   66 86 41 00 08 64 00 00 00 8A 42 00 
R05:56:05   68 82 B2 64 FE 06 CF 08 25 00 3F 06 09 64 00 50 22 1C 49 00 00 00 2D 05 AC 06 1A 0A 64 00 66 66 
R05:56:05   03 44 00 00 00 2D 05 AC 06 1A 0B 64 00 67 66 FE 43 00 00 00 2D 05 AC 06 1A 0C 64 00 19 C7 F4 47 
R05:56:05   00 00 00 2D 05 AC 06 1A 0D 64 00 00 00 AE 42 00 00 00 2D 05 AC 06 1A 0E 64 00 98 E9 F4 47 00 00 
R05:56:05   00 2D 05 AC 06 1A 0F 64 00 66 66 86 41 00 00 00 2D 05 AC 06 1A 10 64 00 00 00 8A 42 00 00 00 2D 
R05:56:05   05 AC 06 1A 
R05:56:05   68 82 B4 64 FE 06 CF 08 25 00 3F 06 11 64 00 39 D0 1B 49 00 00 00 00 00 AC 06 1A 12 64 00 66 66 
R05:56:05   03 44 00 00 00 00 00 AC 06 1A 13 64 00 67 66 FE 43 00 00 00 00 00 AC 06 1A 14 64 00 66 55 F4 47 
R05:56:05   00 00 00 00 00 AC 06 1A 15 64 00 00 00 AE 42 00 00 00 00 00 AC 06 1A 16 64 00 E7 77 F4 47 00 00 
R05:56:05   00 00 00 AC 06 1A 17 64 00 66 66 86 41 00 00 00 00 00 AC 06 1A 18 64 00 00 00 8A 42 00 00 00 00 
R05:56:05   00 AC 06 1A 
S05:56:05   68 04 01 00 B6 64 
R05:56:06   68 82 B6 64 FE 06 CF 08 25 00 3F 06 19 64 00 00 00 00 00 00 00 00 00 00 AC 06 1A 1A 64 00 00 00 
R05:56:06   00 00 00 00 00 00 00 AC 06 1A 1B 64 00 00 00 00 00 00 00 00 00 00 AC 06 1A 1C 64 00 00 00 00 00 
R05:56:06   00 00 00 00 00 AC 06 1A 1D 64 00 00 00 00 00 00 00 00 00 00 AC 06 1A 1E 64 00 00 00 00 00 00 00 
R05:56:06   00 00 00 AC 06 1A 1F 64 00 00 00 00 00 00 00 00 00 00 AC 06 1A 20 64 00 00 00 00 00 00 00 00 00 
R05:56:06   00 AC 06 1A 
R05:56:06   68 4A B8 64 FE 06 CE 08 25 00 3F 06 21 64 00 CC CC 41 43 00 22 64 00 34 33 0B 43 00 23 64 00 66 
R05:56:06   66 AA 42 00 24 64 00 CD CC EE 42 00 25 64 00 CD CC C4 42 00 26 64 00 CC CC 29 43 00 27 64 00 FF 
R05:56:06   FF 57 42 00 28 64 00 99 99 49 42 00 
R05:56:06   68 82 BA 64 FE 06 CF 08 25 00 3F 06 29 64 00 CC CC 41 43 00 00 00 2D 05 AC 06 1A 2A 64 00 34 33 
R05:56:06   0B 43 00 00 00 2D 05 AC 06 1A 2B 64 00 66 66 AA 42 00 00 00 2D 05 AC 06 1A 2C 64 00 CD CC EE 42 
R05:56:06   00 00 00 2D 05 AC 06 1A 2D 64 00 CD CC C4 42 00 00 00 2D 05 AC 06 1A 2E 64 00 CC CC 29 43 00 00 
R05:56:06   00 2D 05 AC 06 1A 2F 64 00 FF FF 57 42 00 00 00 2D 05 AC 06 1A 30 64 00 99 99 49 42 00 00 00 2D 
R05:56:06   05 AC 06 1A 
S05:56:06   68 04 01 00 BC 64 
R05:56:08   68 82 BC 64 FE 06 CF 08 25 00 3F 06 31 64 00 CC CC 41 43 00 00 00 00 00 AC 06 1A 32 64 00 34 33 
R05:56:08   0B 43 00 00 00 00 00 AC 06 1A 33 64 00 66 66 AA 42 00 00 00 00 00 AC 06 1A 34 64 00 CD CC EE 42 
R05:56:08   00 00 00 00 00 AC 06 1A 35 64 00 CD CC C4 42 00 00 00 00 00 AC 06 1A 36 64 00 CC CC 29 43 00 00 
R05:56:08   00 00 00 AC 06 1A 37 64 00 FF FF 57 42 00 00 00 00 00 AC 06 1A 38 64 00 99 99 49 42 00 00 00 00 
R05:56:08   00 AC 06 1A 
R05:56:08   68 82 BE 64 FE 06 CF 08 25 00 3F 06 39 64 00 00 00 00 00 00 00 00 00 00 AC 06 1A 3A 64 00 00 00 
R05:56:08   00 00 00 00 00 00 00 AC 06 1A 3B 64 00 00 00 00 00 00 00 00 00 00 AC 06 1A 3C 64 00 00 00 00 00 
R05:56:08   00 00 00 00 00 AC 06 1A 3D 64 00 00 00 00 00 00 00 00 00 00 AC 06 1A 3E 64 00 00 00 00 00 00 00 
R05:56:08   00 00 00 AC 06 1A 3F 64 00 00 00 00 00 00 00 00 00 00 AC 06 1A 40 64 00 00 00 00 00 00 00 00 00 
R05:56:08   00 AC 06 1A 
R05:56:08   68 4A C0 64 FE 06 CE 08 25 00 3F 06 41 64 00 CC CC 5F 43 00 42 64 00 33 33 47 43 00 43 64 00 9A 
R05:56:08   99 22 43 00 44 64 00 CC CC 74 42 00 45 64 00 00 00 A8 42 00 46 64 00 00 00 F6 42 00 47 64 00 66 
R05:56:08   66 12 42 00 48 64 00 34 33 77 42 00 
S05:56:08   68 04 01 00 C2 64 
R05:56:08   68 82 C2 64 FE 06 CF 08 25 00 3F 06 49 64 00 CC CC 5F 43 00 00 00 2D 05 AC 06 1A 4A 64 00 33 33 
R05:56:08   47 43 00 00 00 2D 05 AC 06 1A 4B 64 00 9A 99 22 43 00 00 00 2D 05 AC 06 1A 4C 64 00 CC CC 74 42 
R05:56:08   00 00 00 2D 05 AC 06 1A 4D 64 00 00 00 A8 42 00 00 00 2D 05 AC 06 1A 4E 64 00 00 00 F6 42 00 00 
R05:56:08   00 2D 05 AC 06 1A 4F 64 00 66 66 12 42 00 00 00 2D 05 AC 06 1A 50 64 00 34 33 77 42 00 00 00 2D 
R05:56:08   05 AC 06 1A 
R05:56:09   68 82 C4 64 FE 06 CF 08 25 00 3F 06 51 64 00 CC CC 5F 43 00 00 00 00 00 AC 06 1A 52 64 00 33 33 
R05:56:09   47 43 00 00 00 00 00 AC 06 1A 53 64 00 9A 99 22 43 00 00 00 00 00 AC 06 1A 54 64 00 CC CC 74 42 
R05:56:09   00 00 00 00 00 AC 06 1A 55 64 00 00 00 A8 42 00 00 00 00 00 AC 06 1A 56 64 00 00 00 F6 42 00 00 
R05:56:09   00 00 00 AC 06 1A 57 64 00 66 66 12 42 00 00 00 00 00 AC 06 1A 58 64 00 34 33 77 42 00 00 00 00 
R05:56:09   00 AC 06 1A 
R05:56:09   68 82 C6 64 FE 06 CF 08 25 00 3F 06 59 64 00 00 00 00 00 00 00 00 00 00 AC 06 1A 5A 64 00 00 00 
R05:56:09   00 00 00 00 00 00 00 AC 06 1A 5B 64 00 00 00 00 00 00 00 00 00 00 AC 06 1A 5C 64 00 00 00 00 00 
R05:56:09   00 00 00 00 00 AC 06 1A 5D 64 00 00 00 00 00 00 00 00 00 00 AC 06 1A 5E 64 00 00 00 00 00 00 00 
R05:56:09   00 00 00 AC 06 1A 5F 64 00 00 00 00 00 00 00 00 00 00 AC 06 1A 60 64 00 00 00 00 00 00 00 00 00 
R05:56:09   00 AC 06 1A 
R05:56:09   68 4A C8 64 FE 06 CE 08 25 00 3F 06 61 64 00 80 C3 0B 48 00 62 64 00 66 66 18 43 00 63 64 00 99 
R05:56:09   99 C9 42 00 64 64 00 67 F6 6F 46 00 65 64 00 34 33 8B 42 00 66 64 00 99 BD 70 46 00 67 64 00 67 
R05:56:09   66 4E 42 00 68 64 00 33 33 47 42 00 
S05:56:09   68 04 01 00 CA 64 
R05:56:10   68 82 CA 64 FE 06 CF 08 25 00 3F 06 69 64 00 9A C2 0B 48 00 00 00 2D 05 AC 06 1A 6A 64 00 66 66 
R05:56:10   18 43 00 00 00 2D 05 AC 06 1A 6B 64 00 99 99 C9 42 00 00 00 2D 05 AC 06 1A 6C 64 00 00 F4 6F 46 
R05:56:10   00 00 00 2D 05 AC 06 1A 6D 64 00 34 33 8B 42 00 00 00 2D 05 AC 06 1A 6E 64 00 33 BB 70 46 00 00 
R05:56:10   00 2D 05 AC 06 1A 6F 64 00 67 66 4E 42 00 00 00 2D 05 AC 06 1A 70 64 00 33 33 47 42 00 00 00 2D 
R05:56:10   05 AC 06 1A 
R05:56:10   68 82 CC 64 FE 06 CF 08 25 00 3F 06 71 64 00 8C 9A 0B 48 00 00 00 00 00 AC 06 1A 72 64 00 66 66 
R05:56:10   18 43 00 00 00 00 00 AC 06 1A 73 64 00 99 99 C9 42 00 00 00 00 00 AC 06 1A 74 64 00 00 A0 6F 46 
R05:56:10   00 00 00 00 00 AC 06 1A 75 64 00 34 33 8B 42 00 00 00 00 00 AC 06 1A 76 64 00 34 67 70 46 00 00 
R05:56:10   00 00 00 AC 06 1A 77 64 00 67 66 4E 42 00 00 00 00 00 AC 06 1A 78 64 00 33 33 47 42 00 00 00 00 
R05:56:10   00 AC 06 1A 
R05:56:11   68 82 CE 64 FE 06 CF 08 25 00 3F 06 79 64 00 FF 44 DE 47 00 3A AE 25 0D F1 05 1A 7A 64 00 66 66 
R05:56:11   18 43 00 3A AE 25 0D F1 05 1A 7B 64 00 99 99 C9 42 00 3A AE 25 0D F1 05 1A 7C 64 00 67 46 50 46 
R05:56:11   00 3A AE 25 0D F1 05 1A 7D 64 00 34 33 8B 42 00 3A AE 25 0D F1 05 1A 7E 64 00 33 0B 51 46 00 3A 
R05:56:11   AE 25 0D F1 05 1A 7F 64 00 67 66 4E 42 00 3A AE 25 0D F1 05 1A 80 64 00 CD CC 44 42 00 3A AE 25 
R05:56:11   0D F1 05 1A 
S05:56:11   68 04 01 00 D0 64 
R05:56:11   68 4A D0 64 FE 06 CE 08 25 00 3F 06 81 64 00 49 A1 48 4A 00 82 64 00 CC 6C 38 46 00 83 64 00 9A 
R05:56:11   31 2A 46 00 84 64 00 CD 6A F0 47 00 85 64 00 CC 4C 8A 43 00 86 64 00 19 9E F0 47 00 87 64 00 34 
R05:56:11   B3 63 44 00 88 64 00 34 33 CD 42 00 
R05:56:12   68 82 D2 64 FE 06 CF 08 25 00 3F 06 89 64 00 7E 9F 48 4A 00 00 00 2D 05 AC 06 1A 8A 64 00 CC 6C 
R05:56:12   38 46 00 00 00 2D 05 AC 06 1A 8B 64 00 9A 31 2A 46 00 00 00 2D 05 AC 06 1A 8C 64 00 67 68 F0 47 
R05:56:12   00 00 00 2D 05 AC 06 1A 8D 64 00 CC 4C 8A 43 00 00 00 2D 05 AC 06 1A 8E 64 00 B4 9B F0 47 00 00 
R05:56:12   00 2D 05 AC 06 1A 8F 64 00 34 B3 63 44 00 00 00 2D 05 AC 06 1A 90 64 00 34 33 CD 42 00 00 00 2D 
R05:56:12   05 AC 06 1A 
R05:56:12   68 82 D4 64 FE 06 CF 08 25 00 3F 06 91 64 00 AE 6C 48 4A 00 00 00 00 00 AC 06 1A 92 64 00 CC 6C 
R05:56:12   38 46 00 00 00 00 00 AC 06 1A 93 64 00 9A 31 2A 46 00 00 00 00 00 AC 06 1A 94 64 00 B3 3E F0 47 
R05:56:12   00 00 00 00 00 AC 06 1A 95 64 00 CC 4C 8A 43 00 00 00 00 00 AC 06 1A 96 64 00 00 72 F0 47 00 00 
R05:56:12   00 00 00 AC 06 1A 97 64 00 34 B3 63 44 00 00 00 00 00 AC 06 1A 98 64 00 34 33 CD 42 00 00 00 00 
R05:56:12   00 AC 06 1A 
S05:56:12   68 04 01 00 D6 64 
R05:56:12   68 82 D6 64 FE 06 CF 08 25 00 3F 06 99 64 00 2B C0 DB 49 00 BB 6F 25 0B 6F 04 1A 9A 64 00 00 00 
R05:56:12   99 44 00 BB 6F 25 0B 6F 04 1A 9B 64 00 9A 99 9C 43 00 BB 6F 25 0B 6F 04 1A 9C 64 00 CC 8A AC 47 
R05:56:12   00 BB 6F 25 0B 6F 04 1A 9D 64 00 66 66 89 43 00 BB 6F 25 0B 6F 04 1A 9E 64 00 19 BE AC 47 00 BB 
R05:56:12   6F 25 0B 6F 04 1A 9F 64 00 34 B3 63 44 00 BB 6F 25 0B 6F 04 1A A0 64 00 34 33 CD 42 00 BB 6F 25 
R05:56:12   0B 6F 04 1A 
R05:56:13   68 4A D8 64 FE 06 CE 08 25 00 3F 06 A1 64 00 33 73 4C 44 00 A2 64 00 27 D9 69 48 00 A3 64 00 98 
R05:56:13   99 CF 42 00 A4 64 00 66 26 AE 44 00 A5 64 00 8F 84 79 4A 00 A6 64 00 34 5B F9 45 00 A7 64 00 33 
R05:56:13   BF 69 48 00 A8 64 00 9A D1 CD 45 00 
R05:56:13   68 82 DA 64 FE 06 CF 08 25 00 3F 06 A9 64 00 33 73 4C 44 00 00 00 2D 05 AC 06 1A AA 64 00 26 D6 
R05:56:13   69 48 00 00 00 2D 05 AC 06 1A AB 64 00 98 99 CF 42 00 00 00 2D 05 AC 06 1A AC 64 00 66 26 AE 44 
R05:56:13   00 00 00 2D 05 AC 06 1A AD 64 00 0B 82 79 4A 00 00 00 2D 05 AC 06 1A AE 64 00 34 5B F9 45 00 00 
R05:56:13   00 2D 05 AC 06 1A AF 64 00 33 BC 69 48 00 00 00 2D 05 AC 06 1A B0 64 00 9A D1 CD 45 00 00 00 2D 
R05:56:13   05 AC 06 1A 
S05:56:13   68 04 01 00 DC 64 
R05:56:14   68 82 DC 64 FE 06 CF 08 25 00 3F 06 B1 64 00 33 73 4C 44 00 00 00 00 00 AC 06 1A B2 64 00 27 8B 
R05:56:14   69 48 00 00 00 00 00 AC 06 1A B3 64 00 98 99 CF 42 00 00 00 00 00 AC 06 1A B4 64 00 66 26 AE 44 
R05:56:14   00 00 00 00 00 AC 06 1A B5 64 00 CB 37 79 4A 00 00 00 00 00 AC 06 1A B6 64 00 34 5B F9 45 00 00 
R05:56:14   00 00 00 AC 06 1A B7 64 00 34 71 69 48 00 00 00 00 00 AC 06 1A B8 64 00 9A D1 CD 45 00 00 00 00 
R05:56:14   00 AC 06 1A 
R05:56:14   68 82 DE 64 FE 06 CF 08 25 00 3F 06 B9 64 00 33 73 4C 44 00 7A 6D 25 0B 6F 04 1A BA 64 00 00 A3 
R05:56:14   1E 48 00 7A 6D 25 0B 6F 04 1A BB 64 00 98 99 CF 42 00 7A 6D 25 0B 6F 04 1A BC 64 00 66 26 AE 44 
R05:56:14   00 7A 6D 25 0B 6F 04 1A BD 64 00 7A F6 0A 4A 00 7A 6D 25 0B 6F 04 1A BE 64 00 CC 0C BB 44 00 7A 
R05:56:14   6D 25 0B 6F 04 1A BF 64 00 0D 89 1E 48 00 7A 6D 25 0B 6F 04 1A C0 64 00 67 66 CE 42 00 7A 6D 25 
R05:56:14   0B 6F 04 1A 
R05:56:14   68 0E E0 64 FE 06 65 01 0A 00 3F 06 00 00 00 05 
S05:56:14   68 14 FE 06 E2 64 67 01 06 00 3F 06 00 00 00 5E 39 38 05 AC 06 1A 
R05:56:15   68 14 E2 64 00 07 67 01 07 00 3F 06 00 00 00 5E 39 38 05 AC 06 1A 
S05:56:24   68 04 01 00 E4 64 
S05:56:40   68 04 43 00 00 00 
R05:56:40   68 04 83 00 00 00 
S05:56:56   68 04 43 00 00 00 
R05:56:56   68 04 83 00 00 00 
S05:57:12   68 04 43 00 00 00 
R05:57:12   68 04 83 00 00 00 
S05:57:28   68 04 43 00 00 00 
R05:57:28   68 04 83 00 00 00 
S05:57:44   68 04 43 00 00 00 
R05:57:44   68 04 83 00 00 00 
S05:58:00   68 04 43 00 00 00 
R05:58:00   68 04 83 00 00 00 
S05:58:16   68 04 43 00 00 00 
R05:58:16   68 04 83 00 00 00 
S05:58:32   68 04 43 00 00 00 
R05:58:32   68 04 83 00 00 00 
S05:58:48   68 04 43 00 00 00 
R05:58:48   68 04 83 00 00 00 
S05:59:04   68 04 43 00 00 00 
R05:59:04   68 04 83 00 00 00 
S05:59:20   68 04 43 00 00 00 
R05:59:20   68 04 83 00 00 00 
S05:59:36   68 04 43 00 00 00 
R05:59:36   68 04 83 00 00 00 
S05:59:52   68 04 43 00 00 00 
R05:59:52   68 04 83 00 00 00 
S06:00:08   68 04 43 00 00 00 
R06:00:08   68 04 83 00 00 00 
S06:00:24   68 04 43 00 00 00 
R06:00:25   68 04 83 00 00 00 
S06:00:41   68 04 43 00 00 00 
R06:00:41   68 04 83 00 00 00 
S06:00:57   68 04 43 00 00 00 
R06:00:57   68 04 83 00 00 00 
S06:01:13   68 04 43 00 00 00 
R06:01:13   68 04 83 00 00 00 
S06:01:29   68 04 43 00 00 00 
R06:01:29   68 04 83 00 00 00 
S06:01:45   68 04 43 00 00 00 
R06:01:46   68 04 83 00 00 00 
S06:02:02   68 04 43 00 00 00 
R06:02:03   68 04 83 00 00 00 
S06:02:19   68 04 43 00 00 00 
R06:02:19   68 04 83 00 00 00 
S06:02:35   68 04 43 00 00 00 
R06:02:36   68 04 83 00 00 00 
S06:02:52   68 04 43 00 00 00 
R06:02:53   68 04 83 00 00 00 
S06:03:09   68 04 43 00 00 00 
R06:03:10   68 04 83 00 00 00 
S06:03:26   68 04 43 00 00 00 
R06:03:27   68 04 83 00 00 00 
S06:03:43   68 04 43 00 00 00 
R06:03:44   68 04 83 00 00 00 
S06:04:00   68 04 43 00 00 00 
R06:04:01   68 04 83 00 00 00 
S06:04:17   68 04 43 00 00 00 
R06:04:18   68 04 83 00 00 00 
S06:04:34   68 04 43 00 00 00 
R06:04:35   68 04 83 00 00 00 
S06:04:51   68 04 43 00 00 00 
R06:04:52   68 04 83 00 00 00 
S06:05:08   68 04 43 00 00 00 
R06:05:08   68 04 83 00 00 00 
S06:05:24   68 04 43 00 00 00 
R06:05:24   68 04 83 00 00 00 
S06:05:40   68 04 43 00 00 00 
R06:05:40   68 04 83 00 00 00 
S06:05:56   68 04 43 00 00 00 
R06:05:56   68 04 83 00 00 00 
S06:06:12   68 04 43 00 00 00 
R06:06:12   68 04 83 00 00 00 
S06:06:28   68 04 43 00 00 00 
R06:06:28   68 04 83 00 00 00 
S06:06:44   68 04 43 00 00 00 
R06:06:44   68 04 83 00 00 00 
R06:06:45   68 1A E4 64 00 07 0D 02 03 00 3F 06 44 40 00 DB F9 66 42 00 46 40 00 E9 26 5F 42 00 
S06:06:45   68 04 01 00 E6 64 
R06:06:58   68 12 E6 64 00 07 0D 01 03 00 3F 06 45 40 00 C3 F5 5E 42 00 
S06:06:58   68 04 01 00 E8 64 
R06:06:59   68 22 E8 64 00 07 0D 03 03 00 3F 06 0D 40 00 F4 FD 94 41 00 0E 40 00 D5 78 95 41 00 0F 40 00 56 
R06:06:59   0E 9D 41 00 
S06:07:09   68 04 01 00 EA 64 
S06:07:25   68 04 43 00 00 00 
R06:07:25   68 04 83 00 00 00 
S06:07:41   68 04 43 00 00 00 
R06:07:41   68 04 83 00 00 00 
S06:07:57   68 04 43 00 00 00 
R06:07:57   68 04 83 00 00 00 
S06:08:13   68 04 43 00 00 00 
R06:08:13   68 04 83 00 00 00 
S06:08:29   68 04 43 00 00 00 
R06:08:29   68 04 83 00 00 00 
S06:08:45   68 04 43 00 00 00 
R06:08:45   68 04 83 00 00 00 
S06:09:01   68 04 43 00 00 00 
R06:09:01   68 04 83 00 00 00 
S06:09:17   68 04 43 00 00 00 
R06:09:17   68 04 83 00 00 00 
S06:09:33   68 04 43 00 00 00 
R06:09:33   68 04 83 00 00 00 
S06:09:49   68 04 43 00 00 00 
R06:09:49   68 04 83 00 00 00 
R06:10:03   68 12 EA 64 00 07 0D 01 03 00 3F 06 44 40 00 DB F9 7E 42 00 
S06:10:03   68 04 01 00 EC 64 
R06:10:04   68 12 EC 64 00 07 0D 01 03 00 3F 06 46 40 00 FE D4 78 42 00 
S06:10:14   68 04 01 00 EE 64 
R06:10:24   68 2A EE 64 00 07 0D 04 03 00 3F 06 0D 40 00 29 5C CF 41 00 0E 40 00 6F 12 CF 41 00 0F 40 00 9B 
R06:10:24   C4 D8 41 00 45 40 00 8C 6C 7B 42 00 
S06:10:25   68 04 01 00 F0 64 
S06:10:41   68 04 43 00 00 00 
R06:10:41   68 04 83 00 00 00 
S06:10:57   68 04 43 00 00 00 
R06:10:57   68 04 83 00 00 00 
S06:10:59   68 0E 00 07 F0 64 64 01 06 00 3F 06 00 00 00 14 
R06:10:59   68 0E F0 64 02 07 64 01 07 00 3F 06 00 00 00 14 
R06:10:59   68 E6 F2 64 02 07 01 37 14 00 3F 06 01 00 00 00 02 00 00 00 03 00 00 00 04 00 00 00 05 00 00 00 
R06:10:59   06 00 00 00 07 00 00 01 08 00 00 00 09 00 00 00 0A 00 00 00 0B 00 00 00 0C 00 00 00 0D 00 00 00 
R06:10:59   0E 00 00 00 0F 00 00 00 10 00 00 00 11 00 00 00 12 00 00 00 13 00 00 00 14 00 00 00 15 00 00 00 
R06:10:59   16 00 00 00 17 00 00 00 18 00 00 00 19 00 00 00 1A 00 00 01 1B 00 00 01 1C 00 00 00 1D 00 00 01 
R06:10:59   1E 00 00 01 1F 00 00 01 20 00 00 00 21 00 00 00 22 00 00 00 23 00 00 00 24 00 00 00 25 00 00 00 
R06:10:59   26 00 00 00 27 00 00 00 28 00 00 00 29 00 00 01 2A 00 00 00 2B 00 00 00 2C 00 00 00 2D 00 00 00 
R06:10:59   2E 00 00 00 2F 00 00 00 30 00 00 00 31 00 00 00 32 00 00 00 33 00 00 00 34 00 00 00 35 00 00 00 
R06:10:59   36 00 00 00 37 00 00 00 
S06:11:00   68 04 01 00 F4 64 
R06:11:00   68 D2 F4 64 02 07 01 32 14 00 3F 06 38 00 00 00 39 00 00 00 3A 00 00 00 3B 00 00 01 3C 00 00 00 
R06:11:00   3D 00 00 00 3E 00 00 01 3F 00 00 01 40 00 00 00 41 00 00 00 42 00 00 01 43 00 00 00 44 00 00 00 
R06:11:00   45 00 00 00 46 00 00 00 47 00 00 00 48 00 00 00 49 00 00 00 4A 00 00 01 4B 00 00 00 4C 00 00 00 
R06:11:00   4D 00 00 00 4E 00 00 00 4F 00 00 00 50 00 00 00 51 00 00 00 52 00 00 00 53 00 00 00 54 00 00 00 
R06:11:00   55 00 00 00 56 00 00 00 57 00 00 00 58 00 00 00 59 00 00 00 5A 00 00 00 5B 00 00 00 5C 00 00 01 
R06:11:00   5D 00 00 00 5E 00 00 00 5F 00 00 01 60 00 00 01 61 00 00 00 62 00 00 00 63 00 00 01 64 00 00 00 
R06:11:00   65 00 00 00 66 00 00 00 67 00 00 00 68 00 00 00 69 00 00 00 
R06:11:01   68 E6 F6 64 02 07 01 37 14 00 3F 06 69 00 00 00 6A 00 00 01 6B 00 00 00 6C 00 00 00 6D 00 00 00 
R06:11:01   6E 00 00 00 6F 00 00 00 70 00 00 00 71 00 00 00 72 00 00 00 73 00 00 00 74 00 00 00 75 00 00 00 
R06:11:01   76 00 00 00 77 00 00 00 78 00 00 00 79 00 00 00 7A 00 00 00 7B 00 00 00 7C 00 00 00 7D 00 00 01 
R06:11:01   7E 00 00 01 7F 00 00 00 80 00 00 01 81 00 00 01 82 00 00 01 83 00 00 00 84 00 00 00 85 00 00 00 
R06:11:01   86 00 00 00 87 00 00 00 88 00 00 00 89 00 00 00 8A 00 00 00 8B 00 00 01 8C 00 00 00 8D 00 00 00 
R06:11:01   8E 00 00 00 8F 00 00 00 90 00 00 00 91 00 00 00 92 00 00 00 93 00 00 00 94 00 00 00 95 00 00 00 
R06:11:01   96 00 00 00 97 00 00 00 98 00 00 00 99 00 00 00 9A 00 00 00 9B 00 00 00 9C 00 00 00 9D 00 00 00 
R06:11:01   9E 00 00 01 9F 00 00 00 
R06:11:01   68 A6 F8 64 02 07 01 27 14 00 3F 06 A0 00 00 00 A1 00 00 01 A2 00 00 01 A3 00 00 01 A4 00 00 00 
R06:11:01   A5 00 00 00 A6 00 00 00 A7 00 00 00 A8 00 00 00 A9 00 00 00 AA 00 00 00 AB 00 00 00 AC 00 00 01 
R06:11:01   AD 00 00 00 AE 00 00 00 AF 00 00 00 B0 00 00 00 B1 00 00 00 B2 00 00 00 B3 00 00 00 B4 00 00 00 
R06:11:01   B5 00 00 00 B6 00 00 00 B7 00 00 00 B8 00 00 00 B9 00 00 00 BA 00 00 00 BB 00 00 00 BC 00 00 00 
R06:11:01   BD 00 00 00 BE 00 00 00 BF 00 00 01 C0 00 00 00 C1 00 00 00 C2 00 00 01 C3 00 00 01 C4 00 00 01 
R06:11:01   C5 00 00 00 C6 00 00 00 
R06:11:01   68 EA FA 64 02 07 0D 1C 14 00 3F 06 01 40 00 00 00 65 43 00 02 40 00 5C 8F 54 42 00 03 40 00 8B 
R06:11:01   6C 27 41 00 04 40 00 00 00 00 00 00 05 40 00 54 E3 27 41 00 06 40 00 00 00 00 00 00 07 40 00 29 
R06:11:01   DC 47 42 00 08 40 00 00 00 00 00 00 09 40 00 00 00 00 00 00 0A 40 00 00 00 00 00 00 0B 40 00 00 
R06:11:01   00 00 00 00 0C 40 00 00 00 00 00 00 0D 40 00 31 08 D0 41 00 0E 40 00 12 83 D0 41 00 0F 40 00 9B 
R06:11:01   C4 D8 41 00 10 40 00 00 00 00 00 00 11 40 00 71 BD EB 43 00 12 40 00 0A D7 8D C2 00 13 40 00 91 
R06:11:01   ED 7C 3F 00 14 40 00 00 00 00 00 00 15 40 00 00 00 00 00 00 16 40 00 00 00 00 00 00 17 40 00 00 
R06:11:01   00 00 00 00 18 40 00 00 00 00 00 00 19 40 00 00 00 00 00 00 1A 40 00 00 00 00 00 00 1B 40 00 00 
R06:11:01   00 00 00 00 1C 40 00 00 00 00 00 00 
S06:11:01   68 04 01 00 FC 64 
R06:11:02   68 6A FC 64 02 07 0D 0C 14 00 3F 06 1D 40 00 00 00 00 00 00 1E 40 00 00 00 00 00 00 1F 40 00 00 
R06:11:02   00 00 00 00 20 40 00 00 00 00 00 00 21 40 00 00 00 00 00 00 22 40 00 00 00 00 00 00 23 40 00 00 
R06:11:02   00 00 00 00 24 40 00 00 00 00 00 00 25 40 00 00 00 00 00 00 26 40 00 00 00 00 00 00 27 40 00 00 
R06:11:02   00 00 00 00 28 40 00 00 00 00 00 00 
R06:11:02   68 EA FE 64 02 07 0D 1C 14 00 3F 06 29 40 00 00 00 00 00 00 2A 40 00 00 00 00 00 00 2B 40 00 00 
R06:11:02   00 00 00 00 2C 40 00 00 00 00 00 00 2D 40 00 00 00 00 00 00 2E 40 00 00 00 00 00 00 2F 40 00 00 
R06:11:02   00 00 00 00 30 40 00 00 00 00 00 00 31 40 00 00 00 00 00 00 32 40 00 00 00 00 00 00 33 40 00 00 
R06:11:02   00 00 00 00 34 40 00 00 00 00 00 00 35 40 00 00 00 00 00 00 36 40 00 00 00 00 00 00 37 40 00 00 
R06:11:02   00 00 00 00 38 40 00 00 00 00 00 00 39 40 00 79 E9 1C 42 00 3A 40 00 67 66 12 42 00 3B 40 00 4E 
R06:11:02   62 10 42 00 3C 40 00 00 00 00 00 00 3D 40 00 F6 A8 28 44 00 3E 40 00 67 66 CE C1 00 3F 40 00 77 
R06:11:02   BE 7F 3F 00 40 40 00 00 00 00 00 00 41 40 00 00 00 00 00 00 42 40 00 00 00 00 00 00 43 40 00 00 
R06:11:02   00 00 00 00 44 40 00 23 DB 86 42 00 
R06:11:03   68 3A 00 65 02 07 0D 06 14 00 3F 06 45 40 00 44 8B 7E 42 00 46 40 00 79 E9 81 42 00 47 40 00 00 
R06:11:03   00 00 00 00 48 40 00 E1 DA 93 C4 00 49 40 00 9A 99 BD 42 00 4A 40 00 DB F9 7E BF 00 
R06:11:03   68 0E 02 65 02 07 64 01 0A 00 3F 06 00 00 00 14 
S06:11:03   68 0E 02 07 04 65 65 01 06 00 3F 06 00 00 00 05 
R06:11:04   68 0E 04 65 04 07 65 01 07 00 3F 06 00 00 00 05 
R06:11:04   68 4A 06 65 04 07 CE 08 25 00 3F 06 01 64 00 D6 28 1C 49 00 02 64 00 66 66 03 44 00 03 64 00 67 
R06:11:04   66 FE 43 00 04 64 00 B3 D0 F4 47 00 05 64 00 00 00 AE 42 00 06 64 00 34 F3 F4 47 00 07 64 00 66 
R06:11:04   66 86 41 00 08 64 00 00 00 8A 42 00 
R06:11:05   68 82 08 65 04 07 CF 08 25 00 3F 06 09 64 00 EA 25 1C 49 00 00 00 00 06 AC 06 1A 0A 64 00 66 66 
R06:11:05   03 44 00 00 00 00 06 AC 06 1A 0B 64 00 67 66 FE 43 00 00 00 00 06 AC 06 1A 0C 64 00 34 CC F4 47 
R06:11:05   00 00 00 00 06 AC 06 1A 0D 64 00 00 00 AE 42 00 00 00 00 06 AC 06 1A 0E 64 00 B3 EE F4 47 00 00 
R06:11:05   00 00 06 AC 06 1A 0F 64 00 66 66 86 41 00 00 00 00 06 AC 06 1A 10 64 00 00 00 8A 42 00 00 00 00 
R06:11:05   06 AC 06 1A 
R06:11:05   68 82 0A 65 04 07 CF 08 25 00 3F 06 11 64 00 39 D0 1B 49 00 00 00 00 00 AC 06 1A 12 64 00 66 66 
R06:11:05   03 44 00 00 00 00 00 AC 06 1A 13 64 00 67 66 FE 43 00 00 00 00 00 AC 06 1A 14 64 00 66 55 F4 47 
R06:11:05   00 00 00 00 00 AC 06 1A 15 64 00 00 00 AE 42 00 00 00 00 00 AC 06 1A 16 64 00 E7 77 F4 47 00 00 
R06:11:05   00 00 00 AC 06 1A 17 64 00 66 66 86 41 00 00 00 00 00 AC 06 1A 18 64 00 00 00 8A 42 00 00 00 00 
R06:11:05   00 AC 06 1A 
S06:11:05   68 04 01 00 0C 65 
R06:11:06   68 82 0C 65 04 07 CF 08 25 00 3F 06 19 64 00 00 00 00 00 00 00 00 00 00 AC 06 1A 1A 64 00 00 00 
R06:11:06   00 00 00 00 00 00 00 AC 06 1A 1B 64 00 00 00 00 00 00 00 00 00 00 AC 06 1A 1C 64 00 00 00 00 00 
R06:11:06   00 00 00 00 00 AC 06 1A 1D 64 00 00 00 00 00 00 00 00 00 00 AC 06 1A 1E 64 00 00 00 00 00 00 00 
R06:11:06   00 00 00 AC 06 1A 1F 64 00 00 00 00 00 00 00 00 00 00 AC 06 1A 20 64 00 00 00 00 00 00 00 00 00 
R06:11:06   00 AC 06 1A 
R06:11:06   68 4A 0E 65 04 07 CE 08 25 00 3F 06 21 64 00 CC CC 41 43 00 22 64 00 34 33 0B 43 00 23 64 00 66 
R06:11:06   66 AA 42 00 24 64 00 CD CC EE 42 00 25 64 00 CD CC C4 42 00 26 64 00 CC CC 29 43 00 27 64 00 FF 
R06:11:06   FF 57 42 00 28 64 00 99 99 49 42 00 
R06:11:07   68 82 10 65 04 07 CF 08 25 00 3F 06 29 64 00 CC CC 41 43 00 00 00 00 06 AC 06 1A 2A 64 00 34 33 
R06:11:07   0B 43 00 00 00 00 06 AC 06 1A 2B 64 00 66 66 AA 42 00 00 00 00 06 AC 06 1A 2C 64 00 CD CC EE 42 
R06:11:07   00 00 00 00 06 AC 06 1A 2D 64 00 CD CC C4 42 00 00 00 00 06 AC 06 1A 2E 64 00 CC CC 29 43 00 00 
R06:11:07   00 00 06 AC 06 1A 2F 64 00 FF FF 57 42 00 00 00 00 06 AC 06 1A 30 64 00 99 99 49 42 00 00 00 00 
R06:11:07   06 AC 06 1A 
S06:11:07   68 04 01 00 12 65 
R06:11:07   68 82 12 65 04 07 CF 08 25 00 3F 06 31 64 00 CC CC 41 43 00 00 00 00 00 AC 06 1A 32 64 00 34 33 
R06:11:07   0B 43 00 00 00 00 00 AC 06 1A 33 64 00 66 66 AA 42 00 00 00 00 00 AC 06 1A 34 64 00 CD CC EE 42 
R06:11:07   00 00 00 00 00 AC 06 1A 35 64 00 CD CC C4 42 00 00 00 00 00 AC 06 1A 36 64 00 CC CC 29 43 00 00 
R06:11:07   00 00 00 AC 06 1A 37 64 00 FF FF 57 42 00 00 00 00 00 AC 06 1A 38 64 00 99 99 49 42 00 00 00 00 
R06:11:07   00 AC 06 1A 
R06:11:07   68 82 14 65 04 07 CF 08 25 00 3F 06 39 64 00 00 00 00 00 00 00 00 00 00 AC 06 1A 3A 64 00 00 00 
R06:11:07   00 00 00 00 00 00 00 AC 06 1A 3B 64 00 00 00 00 00 00 00 00 00 00 AC 06 1A 3C 64 00 00 00 00 00 
R06:11:07   00 00 00 00 00 AC 06 1A 3D 64 00 00 00 00 00 00 00 00 00 00 AC 06 1A 3E 64 00 00 00 00 00 00 00 
R06:11:07   00 00 00 AC 06 1A 3F 64 00 00 00 00 00 00 00 00 00 00 AC 06 1A 40 64 00 00 00 00 00 00 00 00 00 
R06:11:07   00 AC 06 1A 
R06:11:08   68 4A 16 65 04 07 CE 08 25 00 3F 06 41 64 00 CC CC 5F 43 00 42 64 00 33 33 47 43 00 43 64 00 9A 
R06:11:08   99 22 43 00 44 64 00 CC CC 74 42 00 45 64 00 00 00 A8 42 00 46 64 00 00 00 F6 42 00 47 64 00 66 
R06:11:08   66 12 42 00 48 64 00 34 33 77 42 00 
R06:11:08   68 82 18 65 04 07 CF 08 25 00 3F 06 49 64 00 CC CC 5F 43 00 00 00 00 06 AC 06 1A 4A 64 00 33 33 
R06:11:08   47 43 00 00 00 00 06 AC 06 1A 4B 64 00 9A 99 22 43 00 00 00 00 06 AC 06 1A 4C 64 00 CC CC 74 42 
R06:11:08   00 00 00 00 06 AC 06 1A 4D 64 00 00 00 A8 42 00 00 00 00 06 AC 06 1A 4E 64 00 00 00 F6 42 00 00 
R06:11:08   00 00 06 AC 06 1A 4F 64 00 66 66 12 42 00 00 00 00 06 AC 06 1A 50 64 00 34 33 77 42 00 00 00 00 
R06:11:08   06 AC 06 1A 
S06:11:09   68 04 01 00 1A 65 
R06:11:09   68 82 1A 65 04 07 CF 08 25 00 3F 06 51 64 00 CC CC 5F 43 00 00 00 00 00 AC 06 1A 52 64 00 33 33 
R06:11:09   47 43 00 00 00 00 00 AC 06 1A 53 64 00 9A 99 22 43 00 00 00 00 00 AC 06 1A 54 64 00 CC CC 74 42 
R06:11:09   00 00 00 00 00 AC 06 1A 55 64 00 00 00 A8 42 00 00 00 00 00 AC 06 1A 56 64 00 00 00 F6 42 00 00 
R06:11:09   00 00 00 AC 06 1A 57 64 00 66 66 12 42 00 00 00 00 00 AC 06 1A 58 64 00 34 33 77 42 00 00 00 00 
R06:11:09   00 AC 06 1A 
R06:11:09   68 82 1C 65 04 07 CF 08 25 00 3F 06 59 64 00 00 00 00 00 00 00 00 00 00 AC 06 1A 5A 64 00 00 00 
R06:11:09   00 00 00 00 00 00 00 AC 06 1A 5B 64 00 00 00 00 00 00 00 00 00 00 AC 06 1A 5C 64 00 00 00 00 00 
R06:11:09   00 00 00 00 00 AC 06 1A 5D 64 00 00 00 00 00 00 00 00 00 00 AC 06 1A 5E 64 00 00 00 00 00 00 00 
R06:11:09   00 00 00 AC 06 1A 5F 64 00 00 00 00 00 00 00 00 00 00 AC 06 1A 60 64 00 00 00 00 00 00 00 00 00 
R06:11:09   00 AC 06 1A 
R06:11:10   68 4A 1E 65 04 07 CE 08 25 00 3F 06 61 64 00 26 C5 0B 48 00 62 64 00 66 66 18 43 00 63 64 00 99 
R06:11:10   99 C9 42 00 64 64 00 CD F8 6F 46 00 65 64 00 34 33 8B 42 00 66 64 00 00 C0 70 46 00 67 64 00 67 
R06:11:10   66 4E 42 00 68 64 00 33 33 47 42 00 
R06:11:10   68 82 20 65 04 07 CF 08 25 00 3F 06 69 64 00 1A C4 0B 48 00 00 00 00 06 AC 06 1A 6A 64 00 66 66 
R06:11:10   18 43 00 00 00 00 06 AC 06 1A 6B 64 00 99 99 C9 42 00 00 00 00 06 AC 06 1A 6C 64 00 67 F6 6F 46 
R06:11:10   00 00 00 00 06 AC 06 1A 6D 64 00 34 33 8B 42 00 00 00 00 06 AC 06 1A 6E 64 00 99 BD 70 46 00 00 
R06:11:10   00 00 06 AC 06 1A 6F 64 00 67 66 4E 42 00 00 00 00 06 AC 06 1A 70 64 00 33 33 47 42 00 00 00 00 
R06:11:10   06 AC 06 1A 
S06:11:10   68 04 01 00 22 65 
R06:11:11   68 82 22 65 04 07 CF 08 25 00 3F 06 71 64 00 8C 9A 0B 48 00 00 00 00 00 AC 06 1A 72 64 00 66 66 
R06:11:11   18 43 00 00 00 00 00 AC 06 1A 73 64 00 99 99 C9 42 00 00 00 00 00 AC 06 1A 74 64 00 00 A0 6F 46 
R06:11:11   00 00 00 00 00 AC 06 1A 75 64 00 34 33 8B 42 00 00 00 00 00 AC 06 1A 76 64 00 34 67 70 46 00 00 
R06:11:11   00 00 00 AC 06 1A 77 64 00 67 66 4E 42 00 00 00 00 00 AC 06 1A 78 64 00 33 33 47 42 00 00 00 00 
R06:11:11   00 AC 06 1A 
R06:11:12   68 82 24 65 04 07 CF 08 25 00 3F 06 79 64 00 FF 44 DE 47 00 3A AE 25 0D F1 05 1A 7A 64 00 66 66 
R06:11:12   18 43 00 3A AE 25 0D F1 05 1A 7B 64 00 99 99 C9 42 00 3A AE 25 0D F1 05 1A 7C 64 00 67 46 50 46 
R06:11:12   00 3A AE 25 0D F1 05 1A 7D 64 00 34 33 8B 42 00 3A AE 25 0D F1 05 1A 7E 64 00 33 0B 51 46 00 3A 
R06:11:12   AE 25 0D F1 05 1A 7F 64 00 67 66 4E 42 00 3A AE 25 0D F1 05 1A 80 64 00 CD CC 44 42 00 3A AE 25 
R06:11:12   0D F1 05 1A 
R06:11:12   68 4A 26 65 04 07 CE 08 25 00 3F 06 81 64 00 DC A3 48 4A 00 82 64 00 CC 6C 38 46 00 83 64 00 9A 
R06:11:12   31 2A 46 00 84 64 00 B4 6E F0 47 00 85 64 00 CC 4C 8A 43 00 86 64 00 00 A2 F0 47 00 87 64 00 34 
R06:11:12   B3 63 44 00 88 64 00 34 33 CD 42 00 
S06:11:12   68 04 01 00 28 65 
R06:11:12   68 82 28 65 04 07 CF 08 25 00 3F 06 89 64 00 13 A2 48 4A 00 00 00 00 06 AC 06 1A 8A 64 00 CC 6C 
R06:11:12   38 46 00 00 00 00 06 AC 06 1A 8B 64 00 9A 31 2A 46 00 00 00 00 06 AC 06 1A 8C 64 00 01 6C F0 47 
R06:11:12   00 00 00 00 06 AC 06 1A 8D 64 00 CC 4C 8A 43 00 00 00 00 06 AC 06 1A 8E 64 00 4D 9F F0 47 00 00 
R06:11:12   00 00 06 AC 06 1A 8F 64 00 34 B3 63 44 00 00 00 00 06 AC 06 1A 90 64 00 34 33 CD 42 00 00 00 00 
R06:11:12   06 AC 06 1A 
R06:11:12   68 82 2A 65 04 07 CF 08 25 00 3F 06 91 64 00 AE 6C 48 4A 00 00 00 00 00 AC 06 1A 92 64 00 CC 6C 
R06:11:12   38 46 00 00 00 00 00 AC 06 1A 93 64 00 9A 31 2A 46 00 00 00 00 00 AC 06 1A 94 64 00 B3 3E F0 47 
R06:11:12   00 00 00 00 00 AC 06 1A 95 64 00 CC 4C 8A 43 00 00 00 00 00 AC 06 1A 96 64 00 00 72 F0 47 00 00 
R06:11:12   00 00 00 AC 06 1A 97 64 00 34 B3 63 44 00 00 00 00 00 AC 06 1A 98 64 00 34 33 CD 42 00 00 00 00 
R06:11:12   00 AC 06 1A 
R06:11:12   68 82 2C 65 04 07 CF 08 25 00 3F 06 99 64 00 2B C0 DB 49 00 BB 6F 25 0B 6F 04 1A 9A 64 00 00 00 
R06:11:12   99 44 00 BB 6F 25 0B 6F 04 1A 9B 64 00 9A 99 9C 43 00 BB 6F 25 0B 6F 04 1A 9C 64 00 CC 8A AC 47 
R06:11:12   00 BB 6F 25 0B 6F 04 1A 9D 64 00 66 66 89 43 00 BB 6F 25 0B 6F 04 1A 9E 64 00 19 BE AC 47 00 BB 
R06:11:12   6F 25 0B 6F 04 1A 9F 64 00 34 B3 63 44 00 BB 6F 25 0B 6F 04 1A A0 64 00 34 33 CD 42 00 BB 6F 25 
R06:11:12   0B 6F 04 1A 
S06:11:12   68 04 01 00 2E 65 
R06:11:13   68 4A 2E 65 04 07 CE 08 25 00 3F 06 A1 64 00 33 73 4C 44 00 A2 64 00 CD DD 69 48 00 A3 64 00 98 
R06:11:13   99 CF 42 00 A4 64 00 66 26 AE 44 00 A5 64 00 3A 88 79 4A 00 A6 64 00 34 5B F9 45 00 A7 64 00 D8 
R06:11:13   C3 69 48 00 A8 64 00 9A D1 CD 45 00 
R06:11:13   68 82 30 65 04 07 CF 08 25 00 3F 06 A9 64 00 33 73 4C 44 00 00 00 00 06 AC 06 1A AA 64 00 80 DA 
R06:11:13   69 48 00 00 00 00 06 AC 06 1A AB 64 00 98 99 CF 42 00 00 00 00 06 AC 06 1A AC 64 00 66 26 AE 44 
R06:11:13   00 00 00 00 06 AC 06 1A AD 64 00 9D 85 79 4A 00 00 00 00 06 AC 06 1A AE 64 00 34 5B F9 45 00 00 
R06:11:13   00 00 06 AC 06 1A AF 64 00 8D C0 69 48 00 00 00 00 06 AC 06 1A B0 64 00 9A D1 CD 45 00 00 00 00 
R06:11:13   06 AC 06 1A 
R06:11:14   68 82 32 65 04 07 CF 08 25 00 3F 06 B1 64 00 33 73 4C 44 00 00 00 00 00 AC 06 1A B2 64 00 27 8B 
R06:11:14   69 48 00 00 00 00 00 AC 06 1A B3 64 00 98 99 CF 42 00 00 00 00 00 AC 06 1A B4 64 00 66 26 AE 44 
R06:11:14   00 00 00 00 00 AC 06 1A B5 64 00 CB 37 79 4A 00 00 00 00 00 AC 06 1A B6 64 00 34 5B F9 45 00 00 
R06:11:14   00 00 00 AC 06 1A B7 64 00 34 71 69 48 00 00 00 00 00 AC 06 1A B8 64 00 9A D1 CD 45 00 00 00 00 
R06:11:14   00 AC 06 1A 
S06:11:14   68 04 01 00 34 65 
R06:11:14   68 82 34 65 04 07 CF 08 25 00 3F 06 B9 64 00 33 73 4C 44 00 7A 6D 25 0B 6F 04 1A BA 64 00 00 A3 
R06:11:14   1E 48 00 7A 6D 25 0B 6F 04 1A BB 64 00 98 99 CF 42 00 7A 6D 25 0B 6F 04 1A BC 64 00 66 26 AE 44 
R06:11:14   00 7A 6D 25 0B 6F 04 1A BD 64 00 7A F6 0A 4A 00 7A 6D 25 0B 6F 04 1A BE 64 00 CC 0C BB 44 00 7A 
R06:11:14   6D 25 0B 6F 04 1A BF 64 00 0D 89 1E 48 00 7A 6D 25 0B 6F 04 1A C0 64 00 67 66 CE 42 00 7A 6D 25 
R06:11:14   0B 6F 04 1A 
R06:11:15   68 0E 36 65 04 07 65 01 0A 00 3F 06 00 00 00 05 
S06:11:15   68 14 04 07 38 65 67 01 06 00 3F 06 00 00 00 77 3E 0B 06 AC 06 1A 
R06:11:16   68 14 38 65 06 07 67 01 07 00 3F 06 00 00 00 77 3E 0B 06 AC 06 1A 
S06:11:25   68 04 01 00 3A 65 
S06:11:41   68 04 43 00 00 00 
R06:11:41   68 04 83 00 00 00 
S06:11:57   68 04 43 00 00 00 
R06:11:57   68 04 83 00 00 00 
S06:12:13   68 04 43 00 00 00 
R06:12:13   68 04 83 00 00 00 
S06:12:29   68 04 43 00 00 00 
R06:12:30   68 04 83 00 00 00 
S06:12:46   68 04 43 00 00 00 
R06:12:46   68 04 83 00 00 00 
S06:13:02   68 04 43 00 00 00 
R06:13:03   68 04 83 00 00 00 
S06:13:19   68 04 43 00 00 00 
R06:13:20   68 04 83 00 00 00 
S06:13:36   68 04 43 00 00 00 
R06:13:37   68 04 83 00 00 00 
S06:13:53   68 04 43 00 00 00 
R06:13:54   68 04 83 00 00 00 
S06:14:10   68 04 43 00 00 00 
R06:14:11   68 04 83 00 00 00 
S06:14:27   68 04 43 00 00 00 
R06:14:28   68 04 83 00 00 00 
S06:14:44   68 04 43 00 00 00 
R06:14:45   68 04 83 00 00 00 
S06:15:01   68 04 43 00 00 00 
R06:15:02   68 04 83 00 00 00 
S06:15:18   68 04 43 00 00 00 
R06:15:19   68 04 83 00 00 00 
S06:15:35   68 04 43 00 00 00 
R06:15:36   68 04 83 00 00 00 
S06:15:52   68 04 43 00 00 00 
R06:15:53   68 04 83 00 00 00 
S06:16:09   68 04 43 00 00 00 
R06:16:10   68 04 83 00 00 00 
S06:16:26   68 04 43 00 00 00 
R06:16:27   68 04 83 00 00 00 
S06:16:43   68 04 43 00 00 00 
R06:16:44   68 04 83 00 00 00 
S06:17:00   68 04 43 00 00 00 
R06:17:01   68 04 83 00 00 00 
S06:17:17   68 04 43 00 00 00 
R06:17:18   68 04 83 00 00 00 
S06:17:34   68 04 43 00 00 00 
R06:17:35   68 04 83 00 00 00 
S06:17:51   68 04 43 00 00 00 
R06:17:52   68 04 83 00 00 00 
S06:18:08   68 04 43 00 00 00 
R06:18:09   68 04 83 00 00 00 
R06:18:11   68 12 3A 65 06 07 0D 01 03 00 3F 06 44 40 00 25 06 93 42 00 
S06:18:11   68 04 01 00 3C 65 
S06:18:27   68 04 43 00 00 00 
R06:18:28   68 04 83 00 00 00 
R06:18:35   68 12 3C 65 06 07 0D 01 03 00 3F 06 46 40 00 7D 3F 8E 42 00 
S06:18:35   68 04 01 00 3E 65 
S06:18:51   68 04 43 00 00 00 
R06:18:51   68 04 83 00 00 00 
S06:19:07   68 04 43 00 00 00 
R06:19:07   68 04 83 00 00 00 
S06:19:23   68 04 43 00 00 00 
R06:19:23   68 04 83 00 00 00 
S06:19:39   68 04 43 00 00 00 
R06:19:39   68 04 83 00 00 00 
S06:19:55   68 04 43 00 00 00 
R06:19:55   68 04 83 00 00 00 
S06:20:11   68 04 43 00 00 00 
R06:20:11   68 04 83 00 00 00 
S06:20:27   68 04 43 00 00 00 
R06:20:27   68 04 83 00 00 00 
S06:20:43   68 04 43 00 00 00 
R06:20:43   68 04 83 00 00 00 
S06:20:59   68 04 43 00 00 00 
R06:20:59   68 04 83 00 00 00 
S06:21:15   68 04 43 00 00 00 
R06:21:15   68 04 83 00 00 00 
S06:21:31   68 04 43 00 00 00 
R06:21:31   68 04 83 00 00 00 
S06:21:47   68 04 43 00 00 00 
R06:21:48   68 04 83 00 00 00 
S06:22:04   68 04 43 00 00 00 
R06:22:04   68 04 83 00 00 00 
S06:22:20   68 04 43 00 00 00 
R06:22:20   68 04 83 00 00 00 
S06:22:36   68 04 43 00 00 00 
R06:22:36   68 04 83 00 00 00 
S06:22:52   68 04 43 00 00 00 
R06:22:52   68 04 83 00 00 00 
S06:23:08   68 04 43 00 00 00 
R06:23:08   68 04 83 00 00 00 
S06:23:24   68 04 43 00 00 00 
R06:23:24   68 04 83 00 00 00 
S06:23:40   68 04 43 00 00 00 
R06:23:40   68 04 83 00 00 00 
S06:23:56   68 04 43 00 00 00 
R06:23:56   68 04 83 00 00 00 
S06:24:12   68 04 43 00 00 00 
R06:24:12   68 04 83 00 00 00 
S06:24:28   68 04 43 00 00 00 
R06:24:28   68 04 83 00 00 00 
S06:24:44   68 04 43 00 00 00 
R06:24:44   68 04 83 00 00 00 
R06:24:45   68 12 3E 65 06 07 0D 01 03 00 3F 06 3B 40 00 60 E5 2C 42 00 
S06:24:45   68 04 01 00 40 65 
S06:25:01   68 04 43 00 00 00 
R06:25:01   68 04 83 00 00 00 
S06:25:17   68 04 43 00 00 00 
R06:25:17   68 04 83 00 00 00 
R06:25:19   68 12 40 65 06 07 0D 01 03 00 3F 06 39 40 00 85 EB 35 42 00 
S06:25:19   68 04 01 00 42 65 
S06:25:35   68 04 43 00 00 00 
R06:25:35   68 04 83 00 00 00 
S06:25:51   68 04 43 00 00 00 
R06:25:51   68 04 83 00 00 00 
S06:25:59   68 0E 06 07 42 65 64 01 06 00 3F 06 00 00 00 14 
R06:26:00   68 0E 42 65 08 07 64 01 07 00 3F 06 00 00 00 14 
S06:26:00   68 04 01 00 44 65 
R06:26:00   68 E6 44 65 08 07 01 37 14 00 3F 06 01 00 00 00 02 00 00 00 03 00 00 00 04 00 00 00 05 00 00 00 
R06:26:00   06 00 00 00 07 00 00 01 08 00 00 00 09 00 00 00 0A 00 00 00 0B 00 00 00 0C 00 00 00 0D 00 00 00 
R06:26:00   0E 00 00 00 0F 00 00 00 10 00 00 00 11 00 00 00 12 00 00 00 13 00 00 00 14 00 00 00 15 00 00 00 
R06:26:00   16 00 00 00 17 00 00 00 18 00 00 00 19 00 00 00 1A 00 00 01 1B 00 00 01 1C 00 00 00 1D 00 00 01 
R06:26:00   1E 00 00 01 1F 00 00 01 20 00 00 00 21 00 00 00 22 00 00 00 23 00 00 00 24 00 00 00 25 00 00 00 
R06:26:00   26 00 00 00 27 00 00 00 28 00 00 00 29 00 00 01 2A 00 00 00 2B 00 00 00 2C 00 00 00 2D 00 00 00 
R06:26:00   2E 00 00 00 2F 00 00 00 30 00 00 00 31 00 00 00 32 00 00 00 33 00 00 00 34 00 00 00 35 00 00 00 
R06:26:00   36 00 00 00 37 00 00 00 
R06:26:00   68 D2 46 65 08 07 01 32 14 00 3F 06 38 00 00 00 39 00 00 00 3A 00 00 00 3B 00 00 01 3C 00 00 00 
R06:26:00   3D 00 00 00 3E 00 00 01 3F 00 00 01 40 00 00 00 41 00 00 00 42 00 00 01 43 00 00 00 44 00 00 00 
R06:26:00   45 00 00 00 46 00 00 00 47 00 00 00 48 00 00 00 49 00 00 00 4A 00 00 01 4B 00 00 00 4C 00 00 00 
R06:26:00   4D 00 00 00 4E 00 00 00 4F 00 00 00 50 00 00 00 51 00 00 00 52 00 00 00 53 00 00 00 54 00 00 00 
R06:26:00   55 00 00 00 56 00 00 00 57 00 00 00 58 00 00 00 59 00 00 00 5A 00 00 00 5B 00 00 00 5C 00 00 01 
R06:26:00   5D 00 00 00 5E 00 00 00 5F 00 00 01 60 00 00 01 61 00 00 00 62 00 00 00 63 00 00 01 64 00 00 00 
R06:26:00   65 00 00 00 66 00 00 00 67 00 00 00 68 00 00 00 69 00 00 00 
R06:26:02   68 E6 48 65 08 07 01 37 14 00 3F 06 69 00 00 00 6A 00 00 01 6B 00 00 00 6C 00 00 00 6D 00 00 00 
R06:26:02   6E 00 00 00 6F 00 00 00 70 00 00 00 71 00 00 00 72 00 00 00 73 00 00 00 74 00 00 00 75 00 00 00 
R06:26:02   76 00 00 00 77 00 00 00 78 00 00 00 79 00 00 00 7A 00 00 00 7B 00 00 00 7C 00 00 00 7D 00 00 01 
R06:26:02   7E 00 00 01 7F 00 00 00 80 00 00 01 81 00 00 01 82 00 00 01 83 00 00 00 84 00 00 00 85 00 00 00 
R06:26:02   86 00 00 00 87 00 00 00 88 00 00 00 89 00 00 00 8A 00 00 00 8B 00 00 01 8C 00 00 00 8D 00 00 00 
R06:26:02   8E 00 00 00 8F 00 00 00 90 00 00 00 91 00 00 00 92 00 00 00 93 00 00 00 94 00 00 00 95 00 00 00 
R06:26:02   96 00 00 00 97 00 00 00 98 00 00 00 99 00 00 00 9A 00 00 00 9B 00 00 00 9C 00 00 00 9D 00 00 00 
R06:26:02   9E 00 00 01 9F 00 00 00 
R06:26:02   68 A6 4A 65 08 07 01 27 14 00 3F 06 A0 00 00 00 A1 00 00 01 A2 00 00 01 A3 00 00 01 A4 00 00 00 
R06:26:02   A5 00 00 00 A6 00 00 00 A7 00 00 00 A8 00 00 00 A9 00 00 00 AA 00 00 00 AB 00 00 00 AC 00 00 01 
R06:26:02   AD 00 00 00 AE 00 00 00 AF 00 00 00 B0 00 00 00 B1 00 00 00 B2 00 00 00 B3 00 00 00 B4 00 00 00 
R06:26:02   B5 00 00 00 B6 00 00 00 B7 00 00 00 B8 00 00 00 B9 00 00 00 BA 00 00 00 BB 00 00 00 BC 00 00 00 
R06:26:02   BD 00 00 00 BE 00 00 00 BF 00 00 01 C0 00 00 00 C1 00 00 00 C2 00 00 01 C3 00 00 01 C4 00 00 01 
R06:26:02   C5 00 00 00 C6 00 00 00 
S06:26:02   68 04 01 00 4C 65 
R06:26:02   68 EA 4C 65 08 07 0D 1C 14 00 3F 06 01 40 00 00 00 65 43 00 02 40 00 AE 47 54 42 00 03 40 00 25 
R06:26:02   06 27 41 00 04 40 00 00 00 00 00 00 05 40 00 9A 99 27 41 00 06 40 00 00 00 00 00 00 07 40 00 A0 
R06:26:02   1A 48 42 00 08 40 00 00 00 00 00 00 09 40 00 00 00 00 00 00 0A 40 00 00 00 00 00 00 0B 40 00 00 
R06:26:02   00 00 00 00 0C 40 00 00 00 00 00 00 0D 40 00 49 0C D2 41 00 0E 40 00 43 8B D4 41 00 0F 40 00 48 
R06:26:02   E1 DA 41 00 10 40 00 00 00 00 00 00 11 40 00 85 EB EE 43 00 12 40 00 F6 28 92 C2 00 13 40 00 91 
R06:26:02   ED 7C 3F 00 14 40 00 00 00 00 00 00 15 40 00 00 00 00 00 00 16 40 00 00 00 00 00 00 17 40 00 00 
R06:26:02   00 00 00 00 18 40 00 00 00 00 00 00 19 40 00 00 00 00 00 00 1A 40 00 00 00 00 00 00 1B 40 00 00 
R06:26:02   00 00 00 00 1C 40 00 00 00 00 00 00 
R06:26:03   68 6A 4E 65 08 07 0D 0C 14 00 3F 06 1D 40 00 00 00 00 00 00 1E 40 00 00 00 00 00 00 1F 40 00 00 
R06:26:03   00 00 00 00 20 40 00 00 00 00 00 00 21 40 00 00 00 00 00 00 22 40 00 00 00 00 00 00 23 40 00 00 
R06:26:03   00 00 00 00 24 40 00 00 00 00 00 00 25 40 00 00 00 00 00 00 26 40 00 00 00 00 00 00 27 40 00 00 
R06:26:03   00 00 00 00 28 40 00 00 00 00 00 00 
R06:26:03   68 EA 50 65 08 07 0D 1C 14 00 3F 06 29 40 00 00 00 00 00 00 2A 40 00 00 00 00 00 00 2B 40 00 00 
R06:26:03   00 00 00 00 2C 40 00 00 00 00 00 00 2D 40 00 00 00 00 00 00 2E 40 00 00 00 00 00 00 2F 40 00 00 
R06:26:03   00 00 00 00 30 40 00 00 00 00 00 00 31 40 00 00 00 00 00 00 32 40 00 00 00 00 00 00 33 40 00 00 
R06:26:03   00 00 00 00 34 40 00 00 00 00 00 00 35 40 00 00 00 00 00 00 36 40 00 00 00 00 00 00 37 40 00 00 
R06:26:03   00 00 00 00 38 40 00 00 00 00 00 00 39 40 00 89 41 36 42 00 3A 40 00 43 8B 24 42 00 3B 40 00 07 
R06:26:03   81 2B 42 00 3C 40 00 00 00 00 00 00 3D 40 00 8F C2 42 44 00 3E 40 00 99 99 49 C2 00 3F 40 00 64 
R06:26:03   3B 7F 3F 00 40 40 00 00 00 00 00 00 41 40 00 00 00 00 00 00 42 40 00 00 00 00 00 00 43 40 00 00 
R06:26:03   00 00 00 00 44 40 00 54 E3 93 42 00 
S06:26:03   68 04 01 00 52 65 
R06:26:03   68 3A 52 65 08 07 0D 06 14 00 3F 06 45 40 00 72 68 8A 42 00 46 40 00 D9 CE 8F 42 00 47 40 00 00 
R06:26:03   00 00 00 00 48 40 00 F6 E8 A1 C4 00 49 40 00 F6 28 F2 42 00 4A 40 00 52 B8 7E BF 00 
R06:26:03   68 0E 54 65 08 07 64 01 0A 00 3F 06 00 00 00 14 
S06:26:03   68 0E 08 07 56 65 65 01 06 00 3F 06 00 00 00 05 
R06:26:04   68 0E 56 65 0A 07 65 01 07 00 3F 06 00 00 00 05 
R06:26:04   68 4A 58 65 0A 07 CE 08 25 00 3F 06 01 64 00 A3 30 1C 49 00 02 64 00 66 66 03 44 00 03 64 00 67 
R06:26:04   66 FE 43 00 04 64 00 B3 D9 F4 47 00 05 64 00 00 00 AE 42 00 06 64 00 34 FC F4 47 00 07 64 00 66 
R06:26:04   66 86 41 00 08 64 00 00 00 8A 42 00 
R06:26:05   68 82 5A 65 0A 07 CF 08 25 00 3F 06 09 64 00 34 2B 1C 49 00 00 00 0F 06 AC 06 1A 0A 64 00 66 66 
R06:26:05   03 44 00 00 00 0F 06 AC 06 1A 0B 64 00 67 66 FE 43 00 00 00 0F 06 AC 06 1A 0C 64 00 66 D3 F4 47 
R06:26:05   00 00 00 0F 06 AC 06 1A 0D 64 00 00 00 AE 42 00 00 00 0F 06 AC 06 1A 0E 64 00 E7 F5 F4 47 00 00 
R06:26:05   00 0F 06 AC 06 1A 0F 64 00 66 66 86 41 00 00 00 0F 06 AC 06 1A 10 64 00 00 00 8A 42 00 00 00 0F 
R06:26:05   06 AC 06 1A 
S06:26:05   68 04 01 00 5C 65 
R06:26:05   68 82 5C 65 0A 07 CF 08 25 00 3F 06 11 64 00 39 D0 1B 49 00 00 00 00 00 AC 06 1A 12 64 00 66 66 
R06:26:05   03 44 00 00 00 00 00 AC 06 1A 13 64 00 67 66 FE 43 00 00 00 00 00 AC 06 1A 14 64 00 66 55 F4 47 
R06:26:05   00 00 00 00 00 AC 06 1A 15 64 00 00 00 AE 42 00 00 00 00 00 AC 06 1A 16 64 00 E7 77 F4 47 00 00 
R06:26:05   00 00 00 AC 06 1A 17 64 00 66 66 86 41 00 00 00 00 00 AC 06 1A 18 64 00 00 00 8A 42 00 00 00 00 
R06:26:05   00 AC 06 1A 
R06:26:06   68 82 5E 65 0A 07 CF 08 25 00 3F 06 19 64 00 00 00 00 00 00 00 00 00 00 AC 06 1A 1A 64 00 00 00 
R06:26:06   00 00 00 00 00 00 00 AC 06 1A 1B 64 00 00 00 00 00 00 00 00 00 00 AC 06 1A 1C 64 00 00 00 00 00 
R06:26:06   00 00 00 00 00 AC 06 1A 1D 64 00 00 00 00 00 00 00 00 00 00 AC 06 1A 1E 64 00 00 00 00 00 00 00 
R06:26:06   00 00 00 AC 06 1A 1F 64 00 00 00 00 00 00 00 00 00 00 AC 06 1A 20 64 00 00 00 00 00 00 00 00 00 
R06:26:06   00 AC 06 1A 
R06:26:06   68 4A 60 65 0A 07 CE 08 25 00 3F 06 21 64 00 CC CC 41 43 00 22 64 00 34 33 0B 43 00 23 64 00 66 
R06:26:06   66 AA 42 00 24 64 00 CD CC EE 42 00 25 64 00 CD CC C4 42 00 26 64 00 CC CC 29 43 00 27 64 00 FF 
R06:26:06   FF 57 42 00 28 64 00 99 99 49 42 00 
S06:26:07   68 04 01 00 62 65 
R06:26:07   68 82 62 65 0A 07 CF 08 25 00 3F 06 29 64 00 CC CC 41 43 00 00 00 0F 06 AC 06 1A 2A 64 00 34 33 
R06:26:07   0B 43 00 00 00 0F 06 AC 06 1A 2B 64 00 66 66 AA 42 00 00 00 0F 06 AC 06 1A 2C 64 00 CD CC EE 42 
R06:26:07   00 00 00 0F 06 AC 06 1A 2D 64 00 CD CC C4 42 00 00 00 0F 06 AC 06 1A 2E 64 00 CC CC 29 43 00 00 
R06:26:07   00 0F 06 AC 06 1A 2F 64 00 FF FF 57 42 00 00 00 0F 06 AC 06 1A 30 64 00 99 99 49 42 00 00 00 0F 
R06:26:07   06 AC 06 1A 
R06:26:07   68 82 64 65 0A 07 CF 08 25 00 3F 06 31 64 00 CC CC 41 43 00 00 00 00 00 AC 06 1A 32 64 00 34 33 
R06:26:07   0B 43 00 00 00 00 00 AC 06 1A 33 64 00 66 66 AA 42 00 00 00 00 00 AC 06 1A 34 64 00 CD CC EE 42 
R06:26:07   00 00 00 00 00 AC 06 1A 35 64 00 CD CC C4 42 00 00 00 00 00 AC 06 1A 36 64 00 CC CC 29 43 00 00 
R06:26:07   00 00 00 AC 06 1A 37 64 00 FF FF 57 42 00 00 00 00 00 AC 06 1A 38 64 00 99 99 49 42 00 00 00 00 
R06:26:07   00 AC 06 1A 
R06:26:08   68 82 66 65 0A 07 CF 08 25 00 3F 06 39 64 00 00 00 00 00 00 00 00 00 00 AC 06 1A 3A 64 00 00 00 
R06:26:08   00 00 00 00 00 00 00 AC 06 1A 3B 64 00 00 00 00 00 00 00 00 00 00 AC 06 1A 3C 64 00 00 00 00 00 
R06:26:08   00 00 00 00 00 AC 06 1A 3D 64 00 00 00 00 00 00 00 00 00 00 AC 06 1A 3E 64 00 00 00 00 00 00 00 
R06:26:08   00 00 00 AC 06 1A 3F 64 00 00 00 00 00 00 00 00 00 00 AC 06 1A 40 64 00 00 00 00 00 00 00 00 00 
R06:26:08   00 AC 06 1A 
R06:26:08   68 4A 68 65 0A 07 CE 08 25 00 3F 06 41 64 00 CC CC 5F 43 00 42 64 00 33 33 47 43 00 43 64 00 9A 
R06:26:08   99 22 43 00 44 64 00 CC CC 74 42 00 45 64 00 00 00 A8 42 00 46 64 00 00 00 F6 42 00 47 64 00 66 
R06:26:08   66 12 42 00 48 64 00 34 33 77 42 00 
S06:26:09   68 04 01 00 6A 65 
R06:26:09   68 82 6A 65 0A 07 CF 08 25 00 3F 06 49 64 00 CC CC 5F 43 00 00 00 0F 06 AC 06 1A 4A 64 00 33 33 
R06:26:09   47 43 00 00 00 0F 06 AC 06 1A 4B 64 00 9A 99 22 43 00 00 00 0F 06 AC 06 1A 4C 64 00 CC CC 74 42 
R06:26:09   00 00 00 0F 06 AC 06 1A 4D 64 00 00 00 A8 42 00 00 00 0F 06 AC 06 1A 4E 64 00 00 00 F6 42 00 00 
R06:26:09   00 0F 06 AC 06 1A 4F 64 00 66 66 12 42 00 00 00 0F 06 AC 06 1A 50 64 00 34 33 77 42 00 00 00 0F 
R06:26:09   06 AC 06 1A 
R06:26:10   68 82 6C 65 0A 07 CF 08 25 00 3F 06 51 64 00 CC CC 5F 43 00 00 00 00 00 AC 06 1A 52 64 00 33 33 
R06:26:10   47 43 00 00 00 00 00 AC 06 1A 53 64 00 9A 99 22 43 00 00 00 00 00 AC 06 1A 54 64 00 CC CC 74 42 
R06:26:10   00 00 00 00 00 AC 06 1A 55 64 00 00 00 A8 42 00 00 00 00 00 AC 06 1A 56 64 00 00 00 F6 42 00 00 
R06:26:10   00 00 00 AC 06 1A 57 64 00 66 66 12 42 00 00 00 00 00 AC 06 1A 58 64 00 34 33 77 42 00 00 00 00 
R06:26:10   00 AC 06 1A 
R06:26:10   68 82 6E 65 0A 07 CF 08 25 00 3F 06 59 64 00 00 00 00 00 00 00 00 00 00 AC 06 1A 5A 64 00 00 00 
R06:26:10   00 00 00 00 00 00 00 AC 06 1A 5B 64 00 00 00 00 00 00 00 00 00 00 AC 06 1A 5C 64 00 00 00 00 00 
R06:26:10   00 00 00 00 00 AC 06 1A 5D 64 00 00 00 00 00 00 00 00 00 00 AC 06 1A 5E 64 00 00 00 00 00 00 00 
R06:26:10   00 00 00 AC 06 1A 5F 64 00 00 00 00 00 00 00 00 00 00 AC 06 1A 60 64 00 00 00 00 00 00 00 00 00 
R06:26:10   00 AC 06 1A 
R06:26:10   68 4A 70 65 0A 07 CE 08 25 00 3F 06 61 64 00 40 C7 0B 48 00 62 64 00 66 66 18 43 00 63 64 00 99 
R06:26:10   99 C9 42 00 64 64 00 98 FD 6F 46 00 65 64 00 34 33 8B 42 00 66 64 00 CC C4 70 46 00 67 64 00 67 
R06:26:10   66 4E 42 00 68 64 00 33 33 47 42 00 
S06:26:11   68 04 01 00 72 65 
R06:26:11   68 82 72 65 0A 07 CF 08 25 00 3F 06 69 64 00 E6 C5 0B 48 00 00 00 0F 06 AC 06 1A 6A 64 00 66 66 
R06:26:11   18 43 00 00 00 0F 06 AC 06 1A 6B 64 00 99 99 C9 42 00 00 00 0F 06 AC 06 1A 6C 64 00 34 FB 6F 46 
R06:26:11   00 00 00 0F 06 AC 06 1A 6D 64 00 34 33 8B 42 00 00 00 0F 06 AC 06 1A 6E 64 00 68 C2 70 46 00 00 
R06:26:11   00 0F 06 AC 06 1A 6F 64 00 67 66 4E 42 00 00 00 0F 06 AC 06 1A 70 64 00 33 33 47 42 00 00 00 0F 
R06:26:11   06 AC 06 1A 
R06:26:11   68 82 74 65 0A 07 CF 08 25 00 3F 06 71 64 00 8C 9A 0B 48 00 00 00 00 00 AC 06 1A 72 64 00 66 66 
R06:26:11   18 43 00 00 00 00 00 AC 06 1A 73 64 00 99 99 C9 42 00 00 00 00 00 AC 06 1A 74 64 00 00 A0 6F 46 
R06:26:11   00 00 00 00 00 AC 06 1A 75 64 00 34 33 8B 42 00 00 00 00 00 AC 06 1A 76 64 00 34 67 70 46 00 00 
R06:26:11   00 00 00 AC 06 1A 77 64 00 67 66 4E 42 00 00 00 00 00 AC 06 1A 78 64 00 33 33 47 42 00 00 00 00 
R06:26:11   00 AC 06 1A 
R06:26:12   68 82 76 65 0A 07 CF 08 25 00 3F 06 79 64 00 FF 44 DE 47 00 3A AE 25 0D F1 05 1A 7A 64 00 66 66 
R06:26:12   18 43 00 3A AE 25 0D F1 05 1A 7B 64 00 99 99 C9 42 00 3A AE 25 0D F1 05 1A 7C 64 00 67 46 50 46 
R06:26:12   00 3A AE 25 0D F1 05 1A 7D 64 00 34 33 8B 42 00 3A AE 25 0D F1 05 1A 7E 64 00 33 0B 51 46 00 3A 
R06:26:12   AE 25 0D F1 05 1A 7F 64 00 67 66 4E 42 00 3A AE 25 0D F1 05 1A 80 64 00 CD CC 44 42 00 3A AE 25 
R06:26:12   0D F1 05 1A 
R06:26:12   68 4A 78 65 0A 07 CE 08 25 00 3F 06 81 64 00 A1 A6 48 4A 00 82 64 00 CC 6C 38 46 00 83 64 00 9A 
R06:26:12   31 2A 46 00 84 64 00 E7 72 F0 47 00 85 64 00 CC 4C 8A 43 00 86 64 00 34 A6 F0 47 00 87 64 00 34 
R06:26:12   B3 63 44 00 88 64 00 34 33 CD 42 00 
S06:26:13   68 04 01 00 7A 65 
R06:26:13   68 82 7A 65 0A 07 CF 08 25 00 3F 06 89 64 00 A9 A4 48 4A 00 00 00 0F 06 AC 06 1A 8A 64 00 CC 6C 
R06:26:13   38 46 00 00 00 0F 06 AC 06 1A 8B 64 00 9A 31 2A 46 00 00 00 0F 06 AC 06 1A 8C 64 00 E8 6F F0 47 
R06:26:13   00 00 00 0F 06 AC 06 1A 8D 64 00 CC 4C 8A 43 00 00 00 0F 06 AC 06 1A 8E 64 00 34 A3 F0 47 00 00 
R06:26:13   00 0F 06 AC 06 1A 8F 64 00 34 B3 63 44 00 00 00 0F 06 AC 06 1A 90 64 00 34 33 CD 42 00 00 00 0F 
R06:26:13   06 AC 06 1A 
R06:26:14   68 82 7C 65 0A 07 CF 08 25 00 3F 06 91 64 00 AE 6C 48 4A 00 00 00 00 00 AC 06 1A 92 64 00 CC 6C 
R06:26:14   38 46 00 00 00 00 00 AC 06 1A 93 64 00 9A 31 2A 46 00 00 00 00 00 AC 06 1A 94 64 00 B3 3E F0 47 
R06:26:14   00 00 00 00 00 AC 06 1A 95 64 00 CC 4C 8A 43 00 00 00 00 00 AC 06 1A 96 64 00 00 72 F0 47 00 00 
R06:26:14   00 00 00 AC 06 1A 97 64 00 34 B3 63 44 00 00 00 00 00 AC 06 1A 98 64 00 34 33 CD 42 00 00 00 00 
R06:26:14   00 AC 06 1A 
R06:26:14   68 82 7E 65 0A 07 CF 08 25 00 3F 06 99 64 00 2B C0 DB 49 00 BB 6F 25 0B 6F 04 1A 9A 64 00 00 00 
R06:26:14   99 44 00 BB 6F 25 0B 6F 04 1A 9B 64 00 9A 99 9C 43 00 BB 6F 25 0B 6F 04 1A 9C 64 00 CC 8A AC 47 
R06:26:14   00 BB 6F 25 0B 6F 04 1A 9D 64 00 66 66 89 43 00 BB 6F 25 0B 6F 04 1A 9E 64 00 19 BE AC 47 00 BB 
R06:26:14   6F 25 0B 6F 04 1A 9F 64 00 34 B3 63 44 00 BB 6F 25 0B 6F 04 1A A0 64 00 34 33 CD 42 00 BB 6F 25 
R06:26:14   0B 6F 04 1A 
R06:26:14   68 4A 80 65 0A 07 CE 08 25 00 3F 06 A1 64 00 33 73 4C 44 00 A2 64 00 40 E4 69 48 00 A3 64 00 98 
R06:26:14   99 CF 42 00 A4 64 00 66 26 AE 44 00 A5 64 00 17 8D 79 4A 00 A6 64 00 34 5B F9 45 00 A7 64 00 4D 
R06:26:14   CA 69 48 00 A8 64 00 9A D1 CD 45 00 
S06:26:15   68 04 01 00 82 65 
R06:26:15   68 82 82 65 0A 07 CF 08 25 00 3F 06 A9 64 00 33 73 4C 44 00 00 00 0F 06 AC 06 1A AA 64 00 99 DF 
R06:26:15   69 48 00 00 00 0F 06 AC 06 1A AB 64 00 98 99 CF 42 00 00 00 0F 06 AC 06 1A AC 64 00 66 26 AE 44 
R06:26:15   00 00 00 0F 06 AC 06 1A AD 64 00 AC 89 79 4A 00 00 00 0F 06 AC 06 1A AE 64 00 34 5B F9 45 00 00 
R06:26:15   00 0F 06 AC 06 1A AF 64 00 A7 C5 69 48 00 00 00 0F 06 AC 06 1A B0 64 00 9A D1 CD 45 00 00 00 0F 
R06:26:15   06 AC 06 1A 
R06:26:15   68 82 84 65 0A 07 CF 08 25 00 3F 06 B1 64 00 33 73 4C 44 00 00 00 00 00 AC 06 1A B2 64 00 27 8B 
R06:26:15   69 48 00 00 00 00 00 AC 06 1A B3 64 00 98 99 CF 42 00 00 00 00 00 AC 06 1A B4 64 00 66 26 AE 44 
R06:26:15   00 00 00 00 00 AC 06 1A B5 64 00 CB 37 79 4A 00 00 00 00 00 AC 06 1A B6 64 00 34 5B F9 45 00 00 
R06:26:15   00 00 00 AC 06 1A B7 64 00 34 71 69 48 00 00 00 00 00 AC 06 1A B8 64 00 9A D1 CD 45 00 00 00 00 
R06:26:15   00 AC 06 1A 
R06:26:16   68 82 86 65 0A 07 CF 08 25 00 3F 06 B9 64 00 33 73 4C 44 00 7A 6D 25 0B 6F 04 1A BA 64 00 00 A3 
R06:26:16   1E 48 00 7A 6D 25 0B 6F 04 1A BB 64 00 98 99 CF 42 00 7A 6D 25 0B 6F 04 1A BC 64 00 66 26 AE 44 
R06:26:16   00 7A 6D 25 0B 6F 04 1A BD 64 00 7A F6 0A 4A 00 7A 6D 25 0B 6F 04 1A BE 64 00 CC 0C BB 44 00 7A 
R06:26:16   6D 25 0B 6F 04 1A BF 64 00 0D 89 1E 48 00 7A 6D 25 0B 6F 04 1A C0 64 00 67 66 CE 42 00 7A 6D 25 
R06:26:16   0B 6F 04 1A 
S06:26:16   68 04 01 00 88 65 
R06:26:17   68 0E 88 65 0A 07 65 01 0A 00 3F 06 00 00 00 05 
S06:26:17   68 14 0A 07 8A 65 67 01 06 00 3F 06 00 00 00 7E 42 1A 06 AC 06 1A 
R06:26:17   68 14 8A 65 0C 07 67 01 07 00 3F 06 00 00 00 7E 42 1A 06 AC 06 1A 
S06:26:27   68 04 01 00 8C 65 
S06:26:43   68 04 43 00 00 00 
R06:26:44   68 04 83 00 00 00 
S06:26:59   68 04 43 00 00 00 
R06:26:59   68 04 83 00 00 00 
S06:27:15   68 04 43 00 00 00 
R06:27:15   68 04 83 00 00 00 
S06:27:31   68 04 43 00 00 00 
R06:27:31   68 04 83 00 00 00 
S06:27:47   68 04 43 00 00 00 
R06:27:47   68 04 83 00 00 00 
S06:28:03   68 04 43 00 00 00 
R06:28:04   68 04 83 00 00 00 
S06:28:19   68 04 43 00 00 00 
R06:28:20   68 04 83 00 00 00 
S06:28:36   68 04 43 00 00 00 
R06:28:37   68 04 83 00 00 00 
S06:28:53   68 04 43 00 00 00 
R06:28:54   68 04 83 00 00 00 
S06:29:10   68 04 43 00 00 00 
R06:29:11   68 04 83 00 00 00 
S06:29:27   68 04 43 00 00 00 
R06:29:28   68 04 83 00 00 00 
S06:29:44   68 04 43 00 00 00 
R06:29:45   68 04 83 00 00 00 
S06:30:01   68 04 43 00 00 00 
R06:30:02   68 04 83 00 00 00 
S06:30:18   68 04 43 00 00 00 
R06:30:19   68 04 83 00 00 00 
S06:30:35   68 04 43 00 00 00 
R06:30:36   68 04 83 00 00 00 
S06:30:52   68 04 43 00 00 00 
R06:30:53   68 04 83 00 00 00 
S06:31:09   68 04 43 00 00 00 
R06:31:09   68 04 83 00 00 00 
S06:31:25   68 04 43 00 00 00 
R06:31:26   68 04 83 00 00 00 
S06:31:42   68 04 43 00 00 00 
R06:31:42   68 04 83 00 00 00 
S06:31:58   68 04 43 00 00 00 
R06:31:58   68 04 83 00 00 00 
S06:32:14   68 04 43 00 00 00 
R06:32:14   68 04 83 00 00 00 
S06:32:30   68 04 43 00 00 00 
R06:32:30   68 04 83 00 00 00 
S06:32:46   68 04 43 00 00 00 
R06:32:46   68 04 83 00 00 00 
S06:33:02   68 04 43 00 00 00 
R06:33:02   68 04 83 00 00 00 
S06:33:18   68 04 43 00 00 00 
R06:33:18   68 04 83 00 00 00 
S06:33:34   68 04 43 00 00 00 
R06:33:34   68 04 83 00 00 00 
S06:33:50   68 04 43 00 00 00 
R06:33:50   68 04 83 00 00 00 
S06:34:06   68 04 43 00 00 00 
R06:34:06   68 04 83 00 00 00 
S06:34:22   68 04 43 00 00 00 
R06:34:22   68 04 83 00 00 00 
S06:34:38   68 04 43 00 00 00 
R06:34:38   68 04 83 00 00 00 
S06:34:54   68 04 43 00 00 00 
R06:34:54   68 04 83 00 00 00 
S06:35:10   68 04 43 00 00 00 
R06:35:10   68 04 83 00 00 00 
S06:35:26   68 04 43 00 00 00 
R06:35:26   68 04 83 00 00 00 
S06:35:42   68 04 43 00 00 00 
R06:35:44   68 04 83 00 00 00 
S06:36:00   68 04 43 00 00 00 
R06:36:06   68 04 83 00 00 00 
R06:36:20   68 04 43 00 00 00 
S06:36:20   68 04 83 00 00 00 
S06:36:36   68 04 43 00 00 00 
R06:36:36   68 04 83 00 00 00 
S06:36:52   68 04 43 00 00 00 
R06:36:52   68 04 83 00 00 00 
S06:37:08   68 04 43 00 00 00 
R06:37:08   68 04 83 00 00 00 
S06:37:24   68 04 43 00 00 00 
R06:37:24   68 04 83 00 00 00 
S06:37:40   68 04 43 00 00 00 
R06:37:40   68 04 83 00 00 00 
S06:37:56   68 04 43 00 00 00 
R06:37:56   68 04 83 00 00 00 
S06:38:12   68 04 43 00 00 00 
R06:38:15   68 04 83 00 00 00 
S06:38:31   68 04 43 00 00 00 
R06:38:31   68 04 83 00 00 00 
S06:38:47   68 04 43 00 00 00 
R06:38:47   68 04 83 00 00 00 
R06:38:48   68 1A 8C 65 0C 07 0D 02 03 00 3F 06 0D 40 00 77 BE 01 42 00 44 40 00 5A 64 A0 42 00 
S06:38:48   68 04 01 00 8E 65 
S06:39:04   68 04 43 00 00 00 
R06:39:04   68 04 83 00 00 00 
S06:39:20   68 04 43 00 00 00 
R06:39:20   68 04 83 00 00 00 
R06:39:25   68 12 8E 65 0C 07 0D 01 03 00 3F 06 46 40 00 13 83 9D 42 00 
S06:39:25   68 04 01 00 90 65 
R06:39:30   68 12 90 65 0C 07 0D 01 03 00 3F 06 45 40 00 D1 22 98 42 00 
R06:39:31   68 12 92 65 0C 07 0D 01 03 00 3F 06 0E 40 00 EB 51 02 42 00 
S06:39:36   68 04 01 00 94 65 
S06:39:52   68 04 43 00 00 00 
R06:39:52   68 04 83 00 00 00 
S06:40:08   68 04 43 00 00 00 
R06:40:08   68 04 83 00 00 00 
R06:40:11   68 12 94 65 0C 07 0D 01 03 00 3F 06 0F 40 00 60 E5 08 42 00 
S06:40:11   68 04 01 00 96 65 
S06:40:27   68 04 43 00 00 00 
R06:40:27   68 04 83 00 00 00 
S06:40:43   68 04 43 00 00 00 
R06:40:43   68 04 83 00 00 00 
S06:40:59   68 04 43 00 00 00 
S06:40:59   68 0E 0C 07 96 65 64 01 06 00 3F 06 00 00 00 14 
R06:41:00   68 04 83 00 00 00 
R06:41:00   68 0E 96 65 0E 07 64 01 07 00 3F 06 00 00 00 14 
R06:41:00   68 E6 98 65 0E 07 01 37 14 00 3F 06 01 00 00 00 02 00 00 00 03 00 00 00 04 00 00 00 05 00 00 00 
R06:41:00   06 00 00 00 07 00 00 01 08 00 00 00 09 00 00 00 0A 00 00 00 0B 00 00 00 0C 00 00 00 0D 00 00 00 
R06:41:00   0E 00 00 00 0F 00 00 00 10 00 00 00 11 00 00 00 12 00 00 00 13 00 00 00 14 00 00 00 15 00 00 00 
R06:41:00   16 00 00 00 17 00 00 00 18 00 00 00 19 00 00 00 1A 00 00 01 1B 00 00 01 1C 00 00 00 1D 00 00 01 
R06:41:00   1E 00 00 01 1F 00 00 01 20 00 00 00 21 00 00 00 22 00 00 00 23 00 00 00 24 00 00 00 25 00 00 00 
R06:41:00   26 00 00 00 27 00 00 00 28 00 00 00 29 00 00 01 2A 00 00 00 2B 00 00 00 2C 00 00 00 2D 00 00 00 
R06:41:00   2E 00 00 00 2F 00 00 00 30 00 00 00 31 00 00 00 32 00 00 00 33 00 00 00 34 00 00 00 35 00 00 00 
R06:41:00   36 00 00 00 37 00 00 00 
S06:41:00   68 04 01 00 9A 65 
R06:41:01   68 D2 9A 65 0E 07 01 32 14 00 3F 06 38 00 00 00 39 00 00 00 3A 00 00 00 3B 00 00 01 3C 00 00 00 
R06:41:01   3D 00 00 00 3E 00 00 01 3F 00 00 01 40 00 00 00 41 00 00 00 42 00 00 01 43 00 00 00 44 00 00 00 
R06:41:01   45 00 00 00 46 00 00 00 47 00 00 00 48 00 00 00 49 00 00 00 4A 00 00 01 4B 00 00 00 4C 00 00 00 
R06:41:01   4D 00 00 00 4E 00 00 00 4F 00 00 00 50 00 00 00 51 00 00 00 52 00 00 00 53 00 00 00 54 00 00 00 
R06:41:01   55 00 00 00 56 00 00 00 57 00 00 00 58 00 00 00 59 00 00 00 5A 00 00 00 5B 00 00 00 5C 00 00 01 
R06:41:01   5D 00 00 00 5E 00 00 00 5F 00 00 01 60 00 00 01 61 00 00 00 62 00 00 00 63 00 00 01 64 00 00 00 
R06:41:01   65 00 00 00 66 00 00 00 67 00 00 00 68 00 00 00 69 00 00 00 
R06:41:01   68 E6 9C 65 0E 07 01 37 14 00 3F 06 69 00 00 00 6A 00 00 01 6B 00 00 00 6C 00 00 00 6D 00 00 00 
R06:41:01   6E 00 00 00 6F 00 00 00 70 00 00 00 71 00 00 00 72 00 00 00 73 00 00 00 74 00 00 00 75 00 00 00 
R06:41:01   76 00 00 00 77 00 00 00 78 00 00 00 79 00 00 00 7A 00 00 00 7B 00 00 00 7C 00 00 00 7D 00 00 01 
R06:41:01   7E 00 00 01 7F 00 00 00 80 00 00 01 81 00 00 01 82 00 00 01 83 00 00 00 84 00 00 00 85 00 00 00 
R06:41:01   86 00 00 00 87 00 00 00 88 00 00 00 89 00 00 00 8A 00 00 00 8B 00 00 01 8C 00 00 00 8D 00 00 00 
R06:41:01   8E 00 00 00 8F 00 00 00 90 00 00 00 91 00 00 00 92 00 00 00 93 00 00 00 94 00 00 00 95 00 00 00 
R06:41:01   96 00 00 00 97 00 00 00 98 00 00 00 99 00 00 00 9A 00 00 00 9B 00 00 00 9C 00 00 00 9D 00 00 00 
R06:41:01   9E 00 00 01 9F 00 00 00 
R06:41:02   68 A6 9E 65 0E 07 01 27 14 00 3F 06 A0 00 00 00 A1 00 00 01 A2 00 00 01 A3 00 00 01 A4 00 00 00 
R06:41:02   A5 00 00 00 A6 00 00 00 A7 00 00 00 A8 00 00 00 A9 00 00 00 AA 00 00 00 AB 00 00 00 AC 00 00 01 
R06:41:02   AD 00 00 00 AE 00 00 00 AF 00 00 00 B0 00 00 00 B1 00 00 00 B2 00 00 00 B3 00 00 00 B4 00 00 00 
R06:41:02   B5 00 00 00 B6 00 00 00 B7 00 00 00 B8 00 00 00 B9 00 00 00 BA 00 00 00 BB 00 00 00 BC 00 00 00 
R06:41:02   BD 00 00 00 BE 00 00 00 BF 00 00 01 C0 00 00 00 C1 00 00 00 C2 00 00 01 C3 00 00 01 C4 00 00 01 
R06:41:02   C5 00 00 00 C6 00 00 00 
R06:41:02   68 EA A0 65 0E 07 0D 1C 14 00 3F 06 01 40 00 00 00 65 43 00 02 40 00 71 3D 54 42 00 03 40 00 E6 
R06:41:02   D0 26 41 00 04 40 00 00 00 00 00 00 05 40 00 D5 78 27 41 00 06 40 00 00 00 00 00 00 07 40 00 50 
R06:41:02   0D 48 42 00 08 40 00 00 00 00 00 00 09 40 00 00 00 00 00 00 0A 40 00 00 00 00 00 00 0B 40 00 00 
R06:41:02   00 00 00 00 0C 40 00 00 00 00 00 00 0D 40 00 D5 78 03 42 00 0E 40 00 FC A9 03 42 00 0F 40 00 FA 
R06:41:02   7E 06 42 00 10 40 00 00 00 00 00 00 11 40 00 5C 8F 14 44 00 12 40 00 A4 70 9D C2 00 13 40 00 2D 
R06:41:02   B2 7D 3F 00 14 40 00 00 00 00 00 00 15 40 00 00 00 00 00 00 16 40 00 00 00 00 00 00 17 40 00 00 
R06:41:02   00 00 00 00 18 40 00 00 00 00 00 00 19 40 00 00 00 00 00 00 1A 40 00 00 00 00 00 00 1B 40 00 00 
R06:41:02   00 00 00 00 1C 40 00 00 00 00 00 00 
S06:41:02   68 04 01 00 A2 65 
R06:41:02   68 6A A2 65 0E 07 0D 0C 14 00 3F 06 1D 40 00 00 00 00 00 00 1E 40 00 00 00 00 00 00 1F 40 00 00 
R06:41:02   00 00 00 00 20 40 00 00 00 00 00 00 21 40 00 00 00 00 00 00 22 40 00 00 00 00 00 00 23 40 00 00 
R06:41:02   00 00 00 00 24 40 00 00 00 00 00 00 25 40 00 00 00 00 00 00 26 40 00 00 00 00 00 00 27 40 00 00 
R06:41:02   00 00 00 00 28 40 00 00 00 00 00 00 
R06:41:03   68 EA A4 65 0E 07 0D 1C 14 00 3F 06 29 40 00 00 00 00 00 00 2A 40 00 00 00 00 00 00 2B 40 00 00 
R06:41:03   00 00 00 00 2C 40 00 00 00 00 00 00 2D 40 00 00 00 00 00 00 2E 40 00 00 00 00 00 00 2F 40 00 00 
R06:41:03   00 00 00 00 30 40 00 00 00 00 00 00 31 40 00 00 00 00 00 00 32 40 00 00 00 00 00 00 33 40 00 00 
R06:41:03   00 00 00 00 34 40 00 00 00 00 00 00 35 40 00 00 00 00 00 00 36 40 00 00 00 00 00 00 37 40 00 00 
R06:41:03   00 00 00 00 38 40 00 00 00 00 00 00 39 40 00 A8 C6 3B 42 00 3A 40 00 0D 02 29 42 00 3B 40 00 45 
R06:41:03   B6 33 42 00 3C 40 00 00 00 00 00 00 3D 40 00 CC 4C 49 44 00 3E 40 00 F6 28 60 C2 00 3F 40 00 64 
R06:41:03   3B 7F 3F 00 40 40 00 00 00 00 00 00 41 40 00 00 00 00 00 00 42 40 00 00 00 00 00 00 43 40 00 00 
R06:41:03   00 00 00 00 44 40 00 83 C0 A6 42 00 
R06:41:03   68 3A A6 65 0E 07 0D 06 14 00 3F 06 45 40 00 3E 0A 9B 42 00 46 40 00 10 58 A3 42 00 47 40 00 00 
R06:41:03   00 00 00 00 48 40 00 1F 85 B6 C4 00 49 40 00 29 5C 01 43 00 4A 40 00 DB F9 7E BF 00 
R06:41:03   68 0E A8 65 0E 07 64 01 0A 00 3F 06 00 00 00 14 
S06:41:04   68 0E 0E 07 AA 65 65 01 06 00 3F 06 00 00 00 05 
R06:41:05   68 0E AA 65 10 07 65 01 07 00 3F 06 00 00 00 05 
R06:41:05   68 4A AC 65 10 07 CE 08 25 00 3F 06 01 64 00 36 38 1C 49 00 02 64 00 66 66 03 44 00 03 64 00 67 
R06:41:05   66 FE 43 00 04 64 00 4D E3 F4 47 00 05 64 00 00 00 AE 42 00 06 64 00 CD 05 F5 47 00 07 64 00 66 
R06:41:05   66 86 41 00 08 64 00 00 00 8A 42 00 
R06:41:06   68 82 AE 65 10 07 CF 08 25 00 3F 06 09 64 00 C7 32 1C 49 00 00 00 1E 06 AC 06 1A 0A 64 00 66 66 
R06:41:06   03 44 00 00 00 1E 06 AC 06 1A 0B 64 00 67 66 FE 43 00 00 00 1E 06 AC 06 1A 0C 64 00 67 DC F4 47 
R06:41:06   00 00 00 1E 06 AC 06 1A 0D 64 00 00 00 AE 42 00 00 00 1E 06 AC 06 1A 0E 64 00 E8 FE F4 47 00 00 
R06:41:06   00 1E 06 AC 06 1A 0F 64 00 66 66 86 41 00 00 00 1E 06 AC 06 1A 10 64 00 00 00 8A 42 00 00 00 1E 
R06:41:06   06 AC 06 1A 
R06:41:06   68 82 B0 65 10 07 CF 08 25 00 3F 06 11 64 00 39 D0 1B 49 00 00 00 00 00 AC 06 1A 12 64 00 66 66 
R06:41:06   03 44 00 00 00 00 00 AC 06 1A 13 64 00 67 66 FE 43 00 00 00 00 00 AC 06 1A 14 64 00 66 55 F4 47 
R06:41:06   00 00 00 00 00 AC 06 1A 15 64 00 00 00 AE 42 00 00 00 00 00 AC 06 1A 16 64 00 E7 77 F4 47 00 00 
R06:41:06   00 00 00 AC 06 1A 17 64 00 66 66 86 41 00 00 00 00 00 AC 06 1A 18 64 00 00 00 8A 42 00 00 00 00 
R06:41:06   00 AC 06 1A 
S06:41:06   68 04 01 00 B2 65 
R06:41:07   68 82 B2 65 10 07 CF 08 25 00 3F 06 19 64 00 00 00 00 00 00 00 00 00 00 AC 06 1A 1A 64 00 00 00 
R06:41:07   00 00 00 00 00 00 00 AC 06 1A 1B 64 00 00 00 00 00 00 00 00 00 00 AC 06 1A 1C 64 00 00 00 00 00 
R06:41:07   00 00 00 00 00 AC 06 1A 1D 64 00 00 00 00 00 00 00 00 00 00 AC 06 1A 1E 64 00 00 00 00 00 00 00 
R06:41:07   00 00 00 AC 06 1A 1F 64 00 00 00 00 00 00 00 00 00 00 AC 06 1A 20 64 00 00 00 00 00 00 00 00 00 
R06:41:07   00 AC 06 1A 
R06:41:07   68 4A B4 65 10 07 CE 08 25 00 3F 06 21 64 00 CC CC 41 43 00 22 64 00 34 33 0B 43 00 23 64 00 66 
R06:41:07   66 AA 42 00 24 64 00 CD CC EE 42 00 25 64 00 CD CC C4 42 00 26 64 00 CC CC 29 43 00 27 64 00 FF 
R06:41:07   FF 57 42 00 28 64 00 99 99 49 42 00 
R06:41:07   68 82 B6 65 10 07 CF 08 25 00 3F 06 29 64 00 CC CC 41 43 00 00 00 1E 06 AC 06 1A 2A 64 00 34 33 
R06:41:07   0B 43 00 00 00 1E 06 AC 06 1A 2B 64 00 66 66 AA 42 00 00 00 1E 06 AC 06 1A 2C 64 00 CD CC EE 42 
R06:41:07   00 00 00 1E 06 AC 06 1A 2D 64 00 CD CC C4 42 00 00 00 1E 06 AC 06 1A 2E 64 00 CC CC 29 43 00 00 
R06:41:07   00 1E 06 AC 06 1A 2F 64 00 FF FF 57 42 00 00 00 1E 06 AC 06 1A 30 64 00 99 99 49 42 00 00 00 1E 
R06:41:07   06 AC 06 1A 
S06:41:07   68 04 01 00 B8 65 
R06:41:08   68 82 B8 65 10 07 CF 08 25 00 3F 06 31 64 00 CC CC 41 43 00 00 00 00 00 AC 06 1A 32 64 00 34 33 
R06:41:08   0B 43 00 00 00 00 00 AC 06 1A 33 64 00 66 66 AA 42 00 00 00 00 00 AC 06 1A 34 64 00 CD CC EE 42 
R06:41:08   00 00 00 00 00 AC 06 1A 35 64 00 CD CC C4 42 00 00 00 00 00 AC 06 1A 36 64 00 CC CC 29 43 00 00 
R06:41:08   00 00 00 AC 06 1A 37 64 00 FF FF 57 42 00 00 00 00 00 AC 06 1A 38 64 00 99 99 49 42 00 00 00 00 
R06:41:08   00 AC 06 1A 
R06:41:08   68 82 BA 65 10 07 CF 08 25 00 3F 06 39 64 00 00 00 00 00 00 00 00 00 00 AC 06 1A 3A 64 00 00 00 
R06:41:08   00 00 00 00 00 00 00 AC 06 1A 3B 64 00 00 00 00 00 00 00 00 00 00 AC 06 1A 3C 64 00 00 00 00 00 
R06:41:08   00 00 00 00 00 AC 06 1A 3D 64 00 00 00 00 00 00 00 00 00 00 AC 06 1A 3E 64 00 00 00 00 00 00 00 
R06:41:08   00 00 00 AC 06 1A 3F 64 00 00 00 00 00 00 00 00 00 00 AC 06 1A 40 64 00 00 00 00 00 00 00 00 00 
R06:41:08   00 AC 06 1A 
R06:41:09   68 4A BC 65 10 07 CE 08 25 00 3F 06 41 64 00 CC CC 5F 43 00 42 64 00 33 33 47 43 00 43 64 00 9A 
R06:41:09   99 22 43 00 44 64 00 CC CC 74 42 00 45 64 00 00 00 A8 42 00 46 64 00 00 00 F6 42 00 47 64 00 66 
R06:41:09   66 12 42 00 48 64 00 34 33 77 42 00 
R06:41:09   68 82 BE 65 10 07 CF 08 25 00 3F 06 49 64 00 CC CC 5F 43 00 00 00 1E 06 AC 06 1A 4A 64 00 33 33 
R06:41:09   47 43 00 00 00 1E 06 AC 06 1A 4B 64 00 9A 99 22 43 00 00 00 1E 06 AC 06 1A 4C 64 00 CC CC 74 42 
R06:41:09   00 00 00 1E 06 AC 06 1A 4D 64 00 00 00 A8 42 00 00 00 1E 06 AC 06 1A 4E 64 00 00 00 F6 42 00 00 
R06:41:09   00 1E 06 AC 06 1A 4F 64 00 66 66 12 42 00 00 00 1E 06 AC 06 1A 50 64 00 34 33 77 42 00 00 00 1E 
R06:41:09   06 AC 06 1A 
S06:41:09   68 04 01 00 C0 65 
R06:41:10   68 82 C0 65 10 07 CF 08 25 00 3F 06 51 64 00 CC CC 5F 43 00 00 00 00 00 AC 06 1A 52 64 00 33 33 
R06:41:10   47 43 00 00 00 00 00 AC 06 1A 53 64 00 9A 99 22 43 00 00 00 00 00 AC 06 1A 54 64 00 CC CC 74 42 
R06:41:10   00 00 00 00 00 AC 06 1A 55 64 00 00 00 A8 42 00 00 00 00 00 AC 06 1A 56 64 00 00 00 F6 42 00 00 
R06:41:10   00 00 00 AC 06 1A 57 64 00 66 66 12 42 00 00 00 00 00 AC 06 1A 58 64 00 34 33 77 42 00 00 00 00 
R06:41:10   00 AC 06 1A 
R06:41:10   68 82 C2 65 10 07 CF 08 25 00 3F 06 59 64 00 00 00 00 00 00 00 00 00 00 AC 06 1A 5A 64 00 00 00 
R06:41:10   00 00 00 00 00 00 00 AC 06 1A 5B 64 00 00 00 00 00 00 00 00 00 00 AC 06 1A 5C 64 00 00 00 00 00 
R06:41:10   00 00 00 00 00 AC 06 1A 5D 64 00 00 00 00 00 00 00 00 00 00 AC 06 1A 5E 64 00 00 00 00 00 00 00 
R06:41:10   00 00 00 AC 06 1A 5F 64 00 00 00 00 00 00 00 00 00 00 AC 06 1A 60 64 00 00 00 00 00 00 00 00 00 
R06:41:10   00 AC 06 1A 
R06:41:11   68 4A C4 65 10 07 CE 08 25 00 3F 06 61 64 00 A6 C9 0B 48 00 62 64 00 66 66 18 43 00 63 64 00 99 
R06:41:11   99 C9 42 00 64 64 00 CD 04 70 46 00 65 64 00 34 33 8B 42 00 66 64 00 00 CC 70 46 00 67 64 00 67 
R06:41:11   66 4E 42 00 68 64 00 33 33 47 42 00 
R06:41:11   68 82 C6 65 10 07 CF 08 25 00 3F 06 69 64 00 DA C7 0B 48 00 00 00 1E 06 AC 06 1A 6A 64 00 66 66 
R06:41:11   18 43 00 00 00 1E 06 AC 06 1A 6B 64 00 99 99 C9 42 00 00 00 1E 06 AC 06 1A 6C 64 00 00 00 70 46 
R06:41:11   00 00 00 1E 06 AC 06 1A 6D 64 00 34 33 8B 42 00 00 00 1E 06 AC 06 1A 6E 64 00 33 C7 70 46 00 00 
R06:41:11   00 1E 06 AC 06 1A 6F 64 00 67 66 4E 42 00 00 00 1E 06 AC 06 1A 70 64 00 33 33 47 42 00 00 00 1E 
R06:41:11   06 AC 06 1A 
S06:41:11   68 04 01 00 C8 65 
R06:41:12   68 82 C8 65 10 07 CF 08 25 00 3F 06 71 64 00 8C 9A 0B 48 00 00 00 00 00 AC 06 1A 72 64 00 66 66 
R06:41:12   18 43 00 00 00 00 00 AC 06 1A 73 64 00 99 99 C9 42 00 00 00 00 00 AC 06 1A 74 64 00 00 A0 6F 46 
R06:41:12   00 00 00 00 00 AC 06 1A 75 64 00 34 33 8B 42 00 00 00 00 00 AC 06 1A 76 64 00 34 67 70 46 00 00 
R06:41:12   00 00 00 AC 06 1A 77 64 00 67 66 4E 42 00 00 00 00 00 AC 06 1A 78 64 00 33 33 47 42 00 00 00 00 
R06:41:12   00 AC 06 1A 
R06:41:12   68 82 CA 65 10 07 CF 08 25 00 3F 06 79 64 00 FF 44 DE 47 00 3A AE 25 0D F1 05 1A 7A 64 00 66 66 
R06:41:12   18 43 00 3A AE 25 0D F1 05 1A 7B 64 00 99 99 C9 42 00 3A AE 25 0D F1 05 1A 7C 64 00 67 46 50 46 
R06:41:12   00 3A AE 25 0D F1 05 1A 7D 64 00 34 33 8B 42 00 3A AE 25 0D F1 05 1A 7E 64 00 33 0B 51 46 00 3A 
R06:41:12   AE 25 0D F1 05 1A 7F 64 00 67 66 4E 42 00 3A AE 25 0D F1 05 1A 80 64 00 CD CC 44 42 00 3A AE 25 
R06:41:12   0D F1 05 1A 
R06:41:12   68 4A CC 65 10 07 CE 08 25 00 3F 06 81 64 00 BB A9 48 4A 00 82 64 00 CC 6C 38 46 00 83 64 00 9A 
R06:41:12   31 2A 46 00 84 64 00 4D 78 F0 47 00 85 64 00 CC 4C 8A 43 00 86 64 00 99 AB F0 47 00 87 64 00 34 
R06:41:12   B3 63 44 00 88 64 00 34 33 CD 42 00 
S06:41:12   68 04 01 00 CE 65 
R06:41:12   68 82 CE 65 10 07 CF 08 25 00 3F 06 89 64 00 84 A7 48 4A 00 00 00 1E 06 AC 06 1A 8A 64 00 CC 6C 
R06:41:12   38 46 00 00 00 1E 06 AC 06 1A 8B 64 00 9A 31 2A 46 00 00 00 1E 06 AC 06 1A 8C 64 00 67 74 F0 47 
R06:41:12   00 00 00 1E 06 AC 06 1A 8D 64 00 CC 4C 8A 43 00 00 00 1E 06 AC 06 1A 8E 64 00 B3 A7 F0 47 00 00 
R06:41:12   00 1E 06 AC 06 1A 8F 64 00 34 B3 63 44 00 00 00 1E 06 AC 06 1A 90 64 00 34 33 CD 42 00 00 00 1E 
R06:41:12   06 AC 06 1A 
R06:41:12   68 82 D0 65 10 07 CF 08 25 00 3F 06 91 64 00 AE 6C 48 4A 00 00 00 00 00 AC 06 1A 92 64 00 CC 6C 
R06:41:12   38 46 00 00 00 00 00 AC 06 1A 93 64 00 9A 31 2A 46 00 00 00 00 00 AC 06 1A 94 64 00 B3 3E F0 47 
R06:41:12   00 00 00 00 00 AC 06 1A 95 64 00 CC 4C 8A 43 00 00 00 00 00 AC 06 1A 96 64 00 00 72 F0 47 00 00 
R06:41:12   00 00 00 AC 06 1A 97 64 00 34 B3 63 44 00 00 00 00 00 AC 06 1A 98 64 00 34 33 CD 42 00 00 00 00 
R06:41:12   00 AC 06 1A 
R06:41:14   68 82 D2 65 10 07 CF 08 25 00 3F 06 99 64 00 2B C0 DB 49 00 BB 6F 25 0B 6F 04 1A 9A 64 00 00 00 
R06:41:14   99 44 00 BB 6F 25 0B 6F 04 1A 9B 64 00 9A 99 9C 43 00 BB 6F 25 0B 6F 04 1A 9C 64 00 CC 8A AC 47 
R06:41:14   00 BB 6F 25 0B 6F 04 1A 9D 64 00 66 66 89 43 00 BB 6F 25 0B 6F 04 1A 9E 64 00 19 BE AC 47 00 BB 
R06:41:14   6F 25 0B 6F 04 1A 9F 64 00 34 B3 63 44 00 BB 6F 25 0B 6F 04 1A A0 64 00 34 33 CD 42 00 BB 6F 25 
R06:41:14   0B 6F 04 1A 
R06:41:14   68 4A D4 65 10 07 CE 08 25 00 3F 06 A1 64 00 33 73 4C 44 00 A2 64 00 74 EB 69 48 00 A3 64 00 98 
R06:41:14   99 CF 42 00 A4 64 00 66 26 AE 44 00 A5 64 00 48 92 79 4A 00 A6 64 00 34 5B F9 45 00 A7 64 00 80 
R06:41:14   D1 69 48 00 A8 64 00 9A D1 CD 45 00 
S06:41:14   68 04 01 00 D6 65 
R06:41:15   68 82 D6 65 10 07 CF 08 25 00 3F 06 A9 64 00 33 73 4C 44 00 00 00 1E 06 AC 06 1A AA 64 00 33 E6 
R06:41:15   69 48 00 00 00 1E 06 AC 06 1A AB 64 00 98 99 CF 42 00 00 00 1E 06 AC 06 1A AC 64 00 66 26 AE 44 
R06:41:15   00 00 00 1E 06 AC 06 1A AD 64 00 93 8E 79 4A 00 00 00 1E 06 AC 06 1A AE 64 00 34 5B F9 45 00 00 
R06:41:15   00 1E 06 AC 06 1A AF 64 00 40 CC 69 48 00 00 00 1E 06 AC 06 1A B0 64 00 9A D1 CD 45 00 00 00 1E 
R06:41:15   06 AC 06 1A 
R06:41:15   68 82 D8 65 10 07 CF 08 25 00 3F 06 B1 64 00 33 73 4C 44 00 00 00 00 00 AC 06 1A B2 64 00 27 8B 
R06:41:15   69 48 00 00 00 00 00 AC 06 1A B3 64 00 98 99 CF 42 00 00 00 00 00 AC 06 1A B4 64 00 66 26 AE 44 
R06:41:15   00 00 00 00 00 AC 06 1A B5 64 00 CB 37 79 4A 00 00 00 00 00 AC 06 1A B6 64 00 34 5B F9 45 00 00 
R06:41:15   00 00 00 AC 06 1A B7 64 00 34 71 69 48 00 00 00 00 00 AC 06 1A B8 64 00 9A D1 CD 45 00 00 00 00 
R06:41:15   00 AC 06 1A 
R06:41:16   68 82 DA 65 10 07 CF 08 25 00 3F 06 B9 64 00 33 73 4C 44 00 7A 6D 25 0B 6F 04 1A BA 64 00 00 A3 
R06:41:16   1E 48 00 7A 6D 25 0B 6F 04 1A BB 64 00 98 99 CF 42 00 7A 6D 25 0B 6F 04 1A BC 64 00 66 26 AE 44 
R06:41:16   00 7A 6D 25 0B 6F 04 1A BD 64 00 7A F6 0A 4A 00 7A 6D 25 0B 6F 04 1A BE 64 00 CC 0C BB 44 00 7A 
R06:41:16   6D 25 0B 6F 04 1A BF 64 00 0D 89 1E 48 00 7A 6D 25 0B 6F 04 1A C0 64 00 67 66 CE 42 00 7A 6D 25 
R06:41:16   0B 6F 04 1A 
R06:41:16   68 0E DC 65 10 07 65 01 0A 00 3F 06 00 00 00 05 
S06:41:16   68 14 10 07 DE 65 67 01 06 00 3F 06 00 00 00 CF 40 29 06 AC 06 1A 
R06:41:17   68 14 DE 65 12 07 67 01 07 00 3F 06 00 00 00 CF 40 29 06 AC 06 1A 
S06:41:25   68 04 01 00 E0 65 
S06:41:41   68 04 43 00 00 00 
R06:41:42   68 04 83 00 00 00 
S06:41:58   68 04 43 00 00 00 
R06:41:59   68 04 83 00 00 00 
S06:42:15   68 04 43 00 00 00 
R06:42:17   68 04 83 00 00 00 
S06:42:33   68 04 43 00 00 00 
R06:42:35   68 04 83 00 00 00 
S06:42:51   68 04 43 00 00 00 
R06:42:52   68 04 83 00 00 00 
S06:43:08   68 04 43 00 00 00 
R06:43:09   68 04 83 00 00 00 
S06:43:25   68 04 43 00 00 00 
R06:43:26   68 04 83 00 00 00 
S06:43:42   68 04 43 00 00 00 
R06:43:43   68 04 83 00 00 00 
S06:43:59   68 04 43 00 00 00 
R06:43:59   68 04 83 00 00 00 
R06:44:04   68 12 E0 65 12 07 0D 01 03 00 3F 06 45 40 00 09 AC 8D 42 00 
S06:44:04   68 04 01 00 E2 65 
R06:44:09   68 12 E2 65 12 07 0D 01 03 00 3F 06 44 40 00 56 0E 9A 42 00 
S06:44:15   68 04 01 00 E4 65 
S06:44:31   68 04 43 00 00 00 
R06:44:31   68 04 83 00 00 00 
S06:44:47   68 04 43 00 00 00 
R06:44:47   68 04 83 00 00 00 
S06:45:03   68 04 43 00 00 00 
R06:45:03   68 04 83 00 00 00 
S06:45:19   68 04 43 00 00 00 
R06:45:19   68 04 83 00 00 00 
S06:45:35   68 04 43 00 00 00 
R06:45:35   68 04 83 00 00 00 
S06:45:51   68 04 43 00 00 00 
R06:45:51   68 04 83 00 00 00 
S06:46:07   68 04 43 00 00 00 
R06:46:07   68 04 83 00 00 00 
S06:46:23   68 04 43 00 00 00 
R06:46:23   68 04 83 00 00 00 
S06:46:39   68 04 43 00 00 00 
R06:46:39   68 04 83 00 00 00 
S06:46:55   68 04 43 00 00 00 
R06:46:55   68 04 83 00 00 00 
R06:47:04   68 12 E4 65 12 07 0D 01 03 00 3F 06 0F 40 00 61 E5 DC 41 00 
S06:47:04   68 04 01 00 E6 65 
S06:47:20   68 04 43 00 00 00 
R06:47:20   68 04 83 00 00 00 
S06:47:36   68 04 43 00 00 00 
R06:47:36   68 04 83 00 00 00 
S06:47:52   68 04 43 00 00 00 
R06:47:52   68 04 83 00 00 00 
R06:47:57   68 12 E6 65 12 07 0D 01 03 00 3F 06 46 40 00 E6 D0 96 42 00 
S06:47:57   68 04 01 00 E8 65 
S06:48:13   68 04 43 00 00 00 
R06:48:13   68 04 83 00 00 00 
S06:48:29   68 04 43 00 00 00 
R06:48:29   68 04 83 00 00 00 
S06:48:45   68 04 43 00 00 00 
R06:48:45   68 04 83 00 00 00 
S06:49:01   68 04 43 00 00 00 
R06:49:01   68 04 83 00 00 00 
S06:49:17   68 04 43 00 00 00 
R06:49:17   68 04 83 00 00 00 
R06:49:27   68 12 E8 65 12 07 0D 01 03 00 3F 06 0E 40 00 F8 53 D7 41 00 
S06:49:27   68 04 01 00 EA 65 
S06:49:43   68 04 43 00 00 00 
R06:49:43   68 04 83 00 00 00 
S06:49:59   68 04 43 00 00 00 
R06:49:59   68 04 83 00 00 00 
S06:50:15   68 04 43 00 00 00 
R06:50:15   68 04 83 00 00 00 
S06:50:31   68 04 43 00 00 00 
R06:50:31   68 04 83 00 00 00 
S06:50:47   68 04 43 00 00 00 
R06:50:47   68 04 83 00 00 00 
S06:51:03   68 04 43 00 00 00 
R06:51:03   68 04 83 00 00 00 
S06:51:19   68 04 43 00 00 00 
R06:51:19   68 04 83 00 00 00 
S06:51:35   68 04 43 00 00 00 
R06:51:35   68 04 83 00 00 00 
S06:51:51   68 04 43 00 00 00 
R06:51:51   68 04 83 00 00 00 
S06:52:07   68 04 43 00 00 00 
R06:52:07   68 04 83 00 00 00 
R06:52:08   68 12 EA 65 12 07 0D 01 03 00 3F 06 0D 40 00 6D E7 CB 41 00 
S06:52:08   68 04 01 00 EC 65 
S06:52:24   68 04 43 00 00 00 
R06:52:24   68 04 83 00 00 00 
S06:52:40   68 04 43 00 00 00 
R06:52:40   68 04 83 00 00 00 
S06:52:56   68 04 43 00 00 00 
R06:52:56   68 04 83 00 00 00 
S06:53:12   68 04 43 00 00 00 
R06:53:13   68 04 83 00 00 00 
S06:53:29   68 04 43 00 00 00 
R06:53:30   68 04 83 00 00 00 
R06:53:44   68 12 EC 65 12 07 0D 01 03 00 3F 06 44 40 00 54 E3 8D 42 00 
S06:53:44   68 04 01 00 EE 65 
R06:53:50   68 12 EE 65 12 07 0D 01 03 00 3F 06 0F 40 00 B4 C8 AA 41 00 
R06:53:52   68 12 F0 65 12 07 0D 01 03 00 3F 06 0E 40 00 F8 53 A7 41 00 
S06:53:55   68 04 01 00 F2 65 
R06:54:01   68 12 F2 65 12 07 0D 01 03 00 3F 06 46 40 00 E2 7A 8A 42 00 
S06:54:06   68 04 01 00 F4 65 
R06:54:17   68 12 F4 65 12 07 0D 01 03 00 3F 06 45 40 00 08 AC 81 42 00 
S06:54:17   68 04 01 00 F6 65 
S06:54:33   68 04 43 00 00 00 
R06:54:34   68 04 83 00 00 00 
S06:54:50   68 04 43 00 00 00 
R06:54:51   68 04 83 00 00 00 
S06:55:07   68 04 43 00 00 00 
R06:55:08   68 04 83 00 00 00 
S06:55:24   68 04 43 00 00 00 
R06:55:24   68 12 F6 65 12 07 0D 01 03 00 3F 06 0D 40 00 15 AE 97 41 00 
S06:55:24   68 04 01 00 F8 65 
R06:55:25   68 04 83 00 00 00 
R06:55:27   68 2A F8 65 12 07 0D 04 03 00 3F 06 0E 40 00 DF 4F 6D 41 00 0F 40 00 DF 4F 6D 41 00 44 40 00 19 
R06:55:27   04 80 42 00 46 40 00 82 C0 74 42 00 
S06:55:35   68 04 01 00 FA 65 
S06:55:51   68 04 43 00 00 00 
R06:55:52   68 04 83 00 00 00 
S06:55:59   68 0E 12 07 FA 65 64 01 06 00 3F 06 00 00 00 14 
R06:56:00   68 0E FA 65 14 07 64 01 07 00 3F 06 00 00 00 14 
R06:56:00   68 E6 FC 65 14 07 01 37 14 00 3F 06 01 00 00 00 02 00 00 00 03 00 00 00 04 00 00 00 05 00 00 00 
R06:56:00   06 00 00 00 07 00 00 01 08 00 00 00 09 00 00 00 0A 00 00 00 0B 00 00 00 0C 00 00 00 0D 00 00 00 
R06:56:00   0E 00 00 00 0F 00 00 00 10 00 00 00 11 00 00 00 12 00 00 00 13 00 00 00 14 00 00 00 15 00 00 00 
R06:56:00   16 00 00 00 17 00 00 00 18 00 00 00 19 00 00 00 1A 00 00 01 1B 00 00 01 1C 00 00 00 1D 00 00 01 
R06:56:00   1E 00 00 01 1F 00 00 01 20 00 00 00 21 00 00 00 22 00 00 00 23 00 00 00 24 00 00 00 25 00 00 00 
R06:56:00   26 00 00 00 27 00 00 00 28 00 00 00 29 00 00 01 2A 00 00 00 2B 00 00 00 2C 00 00 00 2D 00 00 00 
R06:56:00   2E 00 00 00 2F 00 00 00 30 00 00 00 31 00 00 00 32 00 00 00 33 00 00 00 34 00 00 00 35 00 00 00 
R06:56:00   36 00 00 00 37 00 00 00 
S06:56:00   68 04 01 00 FE 65 
R06:56:01   68 D2 FE 65 14 07 01 32 14 00 3F 06 38 00 00 00 39 00 00 00 3A 00 00 00 3B 00 00 01 3C 00 00 00 
R06:56:01   3D 00 00 00 3E 00 00 01 3F 00 00 01 40 00 00 00 41 00 00 00 42 00 00 01 43 00 00 00 44 00 00 00 
R06:56:01   45 00 00 00 46 00 00 00 47 00 00 00 48 00 00 00 49 00 00 00 4A 00 00 01 4B 00 00 00 4C 00 00 00 
R06:56:01   4D 00 00 00 4E 00 00 00 4F 00 00 00 50 00 00 00 51 00 00 00 52 00 00 00 53 00 00 00 54 00 00 00 
R06:56:01   55 00 00 00 56 00 00 00 57 00 00 00 58 00 00 00 59 00 00 00 5A 00 00 00 5B 00 00 00 5C 00 00 01 
R06:56:01   5D 00 00 00 5E 00 00 00 5F 00 00 01 60 00 00 01 61 00 00 00 62 00 00 00 63 00 00 01 64 00 00 00 
R06:56:01   65 00 00 00 66 00 00 00 67 00 00 00 68 00 00 00 69 00 00 00 
R06:56:01   68 E6 00 66 14 07 01 37 14 00 3F 06 69 00 00 00 6A 00 00 01 6B 00 00 00 6C 00 00 00 6D 00 00 00 
R06:56:01   6E 00 00 00 6F 00 00 00 70 00 00 00 71 00 00 00 72 00 00 00 73 00 00 00 74 00 00 00 75 00 00 00 
R06:56:01   76 00 00 00 77 00 00 00 78 00 00 00 79 00 00 00 7A 00 00 00 7B 00 00 00 7C 00 00 00 7D 00 00 01 
R06:56:01   7E 00 00 01 7F 00 00 00 80 00 00 01 81 00 00 01 82 00 00 01 83 00 00 00 84 00 00 00 85 00 00 00 
R06:56:01   86 00 00 00 87 00 00 00 88 00 00 00 89 00 00 00 8A 00 00 00 8B 00 00 01 8C 00 00 00 8D 00 00 00 
R06:56:01   8E 00 00 00 8F 00 00 00 90 00 00 00 91 00 00 00 92 00 00 00 93 00 00 00 94 00 00 00 95 00 00 00 
R06:56:01   96 00 00 00 97 00 00 00 98 00 00 00 99 00 00 00 9A 00 00 00 9B 00 00 00 9C 00 00 00 9D 00 00 00 
R06:56:01   9E 00 00 01 9F 00 00 00 
R06:56:01   68 A6 02 66 14 07 01 27 14 00 3F 06 A0 00 00 00 A1 00 00 01 A2 00 00 01 A3 00 00 01 A4 00 00 00 
R06:56:01   A5 00 00 00 A6 00 00 00 A7 00 00 00 A8 00 00 00 A9 00 00 00 AA 00 00 00 AB 00 00 00 AC 00 00 01 
R06:56:01   AD 00 00 00 AE 00 00 00 AF 00 00 00 B0 00 00 00 B1 00 00 00 B2 00 00 00 B3 00 00 00 B4 00 00 00 
R06:56:01   B5 00 00 00 B6 00 00 00 B7 00 00 00 B8 00 00 00 B9 00 00 00 BA 00 00 00 BB 00 00 00 BC 00 00 00 
R06:56:01   BD 00 00 00 BE 00 00 00 BF 00 00 01 C0 00 00 00 C1 00 00 00 C2 00 00 01 C3 00 00 01 C4 00 00 01 
R06:56:01   C5 00 00 00 C6 00 00 00 
S06:56:01   68 04 01 00 04 66 
R06:56:02   68 EA 04 66 14 07 0D 1C 14 00 3F 06 01 40 00 00 00 65 43 00 02 40 00 33 33 54 42 00 03 40 00 5A 
R06:56:02   64 27 41 00 04 40 00 00 00 00 00 00 05 40 00 9A 99 27 41 00 06 40 00 00 00 00 00 00 07 40 00 E7 
R06:56:02   FB 47 42 00 08 40 00 00 00 00 00 00 09 40 00 00 00 00 00 00 0A 40 00 00 00 00 00 00 0B 40 00 00 
R06:56:02   00 00 00 00 0C 40 00 00 00 00 00 00 0D 40 00 37 89 71 41 00 0E 40 00 DF 4F 6D 41 00 0F 40 00 DF 
R06:56:02   4F 6D 41 00 10 40 00 00 00 00 00 00 11 40 00 B8 1E 84 43 00 12 40 00 B8 1E 61 C2 00 13 40 00 35 
R06:56:02   5E 7A 3F 00 14 40 00 00 00 00 00 00 15 40 00 00 00 00 00 00 16 40 00 00 00 00 00 00 17 40 00 00 
R06:56:02   00 00 00 00 18 40 00 00 00 00 00 00 19 40 00 00 00 00 00 00 1A 40 00 00 00 00 00 00 1B 40 00 00 
R06:56:02   00 00 00 00 1C 40 00 00 00 00 00 00 
R06:56:02   68 6A 06 66 14 07 0D 0C 14 00 3F 06 1D 40 00 00 00 00 00 00 1E 40 00 00 00 00 00 00 1F 40 00 00 
R06:56:02   00 00 00 00 20 40 00 00 00 00 00 00 21 40 00 00 00 00 00 00 22 40 00 00 00 00 00 00 23 40 00 00 
R06:56:02   00 00 00 00 24 40 00 00 00 00 00 00 25 40 00 00 00 00 00 00 26 40 00 00 00 00 00 00 27 40 00 00 
R06:56:02   00 00 00 00 28 40 00 00 00 00 00 00 
R06:56:03   68 EA 08 66 14 07 0D 1C 14 00 3F 06 29 40 00 00 00 00 00 00 2A 40 00 00 00 00 00 00 2B 40 00 00 
R06:56:03   00 00 00 00 2C 40 00 00 00 00 00 00 2D 40 00 00 00 00 00 00 2E 40 00 00 00 00 00 00 2F 40 00 00 
R06:56:03   00 00 00 00 30 40 00 00 00 00 00 00 31 40 00 00 00 00 00 00 32 40 00 00 00 00 00 00 33 40 00 00 
R06:56:03   00 00 00 00 34 40 00 00 00 00 00 00 35 40 00 00 00 00 00 00 36 40 00 00 00 00 00 00 37 40 00 00 
R06:56:03   00 00 00 00 38 40 00 00 00 00 00 00 39 40 00 78 E9 34 42 00 3A 40 00 66 66 2A 42 00 3B 40 00 65 
R06:56:03   3B 2D 42 00 3C 40 00 00 00 00 00 00 3D 40 00 34 B3 45 44 00 3E 40 00 34 33 47 C2 00 3F 40 00 EE 
R06:56:03   7C 7F 3F 00 40 40 00 00 00 00 00 00 41 40 00 00 00 00 00 00 42 40 00 00 00 00 00 00 43 40 00 00 
R06:56:03   00 00 00 00 44 40 00 12 83 7A 42 00 
R06:56:03   68 3A 0A 66 14 07 0D 06 14 00 3F 06 45 40 00 E1 7A 70 42 00 46 40 00 82 C0 74 42 00 47 40 00 00 
R06:56:03   00 00 00 00 48 40 00 34 D3 8A C4 00 49 40 00 CC CC D0 42 00 4A 40 00 52 B8 7E BF 00 
S06:56:03   68 04 01 00 0C 66 
R06:56:04   68 0E 0C 66 14 07 64 01 0A 00 3F 06 00 00 00 14 
S06:56:04   68 0E 14 07 0E 66 65 01 06 00 3F 06 00 00 00 05 
R06:56:05   68 0E 0E 66 16 07 65 01 07 00 3F 06 00 00 00 05 
R06:56:05   68 4A 10 66 16 07 CE 08 25 00 3F 06 01 64 00 7D 3F 1C 49 00 02 64 00 66 66 03 44 00 03 64 00 67 
R06:56:05   66 FE 43 00 04 64 00 4C EC F4 47 00 05 64 00 00 00 AE 42 00 06 64 00 CD 0E F5 47 00 07 64 00 66 
R06:56:05   66 86 41 00 08 64 00 00 00 8A 42 00 
R06:56:06   68 82 12 66 16 07 CF 08 25 00 3F 06 09 64 00 8A 3A 1C 49 00 00 00 2D 06 AC 06 1A 0A 64 00 66 66 
R06:56:06   03 44 00 00 00 2D 06 AC 06 1A 0B 64 00 67 66 FE 43 00 00 00 2D 06 AC 06 1A 0C 64 00 01 E6 F4 47 
R06:56:06   00 00 00 2D 06 AC 06 1A 0D 64 00 00 00 AE 42 00 00 00 2D 06 AC 06 1A 0E 64 00 80 08 F5 47 00 00 
R06:56:06   00 2D 06 AC 06 1A 0F 64 00 66 66 86 41 00 00 00 2D 06 AC 06 1A 10 64 00 00 00 8A 42 00 00 00 2D 
R06:56:06   06 AC 06 1A 
R06:56:06   68 82 14 66 16 07 CF 08 25 00 3F 06 11 64 00 39 D0 1B 49 00 00 00 00 00 AC 06 1A 12 64 00 66 66 
R06:56:06   03 44 00 00 00 00 00 AC 06 1A 13 64 00 67 66 FE 43 00 00 00 00 00 AC 06 1A 14 64 00 66 55 F4 47 
R06:56:06   00 00 00 00 00 AC 06 1A 15 64 00 00 00 AE 42 00 00 00 00 00 AC 06 1A 16 64 00 E7 77 F4 47 00 00 
R06:56:06   00 00 00 AC 06 1A 17 64 00 66 66 86 41 00 00 00 00 00 AC 06 1A 18 64 00 00 00 8A 42 00 00 00 00 
R06:56:06   00 AC 06 1A 
S06:56:06   68 04 01 00 16 66 
R06:56:07   68 82 16 66 16 07 CF 08 25 00 3F 06 19 64 00 00 00 00 00 00 00 00 00 00 AC 06 1A 1A 64 00 00 00 
R06:56:07   00 00 00 00 00 00 00 AC 06 1A 1B 64 00 00 00 00 00 00 00 00 00 00 AC 06 1A 1C 64 00 00 00 00 00 
R06:56:07   00 00 00 00 00 AC 06 1A 1D 64 00 00 00 00 00 00 00 00 00 00 AC 06 1A 1E 64 00 00 00 00 00 00 00 
R06:56:07   00 00 00 AC 06 1A 1F 64 00 00 00 00 00 00 00 00 00 00 AC 06 1A 20 64 00 00 00 00 00 00 00 00 00 
R06:56:07   00 AC 06 1A 
R06:56:07   68 4A 18 66 16 07 CE 08 25 00 3F 06 21 64 00 CC CC 41 43 00 22 64 00 34 33 0B 43 00 23 64 00 66 
R06:56:07   66 AA 42 00 24 64 00 CD CC EE 42 00 25 64 00 CD CC C4 42 00 26 64 00 CC CC 29 43 00 27 64 00 FF 
R06:56:07   FF 57 42 00 28 64 00 99 99 49 42 00 
R06:56:08   68 82 1A 66 16 07 CF 08 25 00 3F 06 29 64 00 CC CC 41 43 00 00 00 2D 06 AC 06 1A 2A 64 00 34 33 
R06:56:08   0B 43 00 00 00 2D 06 AC 06 1A 2B 64 00 66 66 AA 42 00 00 00 2D 06 AC 06 1A 2C 64 00 CD CC EE 42 
R06:56:08   00 00 00 2D 06 AC 06 1A 2D 64 00 CD CC C4 42 00 00 00 2D 06 AC 06 1A 2E 64 00 CC CC 29 43 00 00 
R06:56:08   00 2D 06 AC 06 1A 2F 64 00 FF FF 57 42 00 00 00 2D 06 AC 06 1A 30 64 00 99 99 49 42 00 00 00 2D 
R06:56:08   06 AC 06 1A 
S06:56:08   68 04 01 00 1C 66 
R06:56:08   68 82 1C 66 16 07 CF 08 25 00 3F 06 31 64 00 CC CC 41 43 00 00 00 00 00 AC 06 1A 32 64 00 34 33 
R06:56:08   0B 43 00 00 00 00 00 AC 06 1A 33 64 00 66 66 AA 42 00 00 00 00 00 AC 06 1A 34 64 00 CD CC EE 42 
R06:56:08   00 00 00 00 00 AC 06 1A 35 64 00 CD CC C4 42 00 00 00 00 00 AC 06 1A 36 64 00 CC CC 29 43 00 00 
R06:56:08   00 00 00 AC 06 1A 37 64 00 FF FF 57 42 00 00 00 00 00 AC 06 1A 38 64 00 99 99 49 42 00 00 00 00 
R06:56:08   00 AC 06 1A 
R06:56:09   68 82 1E 66 16 07 CF 08 25 00 3F 06 39 64 00 00 00 00 00 00 00 00 00 00 AC 06 1A 3A 64 00 00 00 
R06:56:09   00 00 00 00 00 00 00 AC 06 1A 3B 64 00 00 00 00 00 00 00 00 00 00 AC 06 1A 3C 64 00 00 00 00 00 
R06:56:09   00 00 00 00 00 AC 06 1A 3D 64 00 00 00 00 00 00 00 00 00 00 AC 06 1A 3E 64 00 00 00 00 00 00 00 
R06:56:09   00 00 00 AC 06 1A 3F 64 00 00 00 00 00 00 00 00 00 00 AC 06 1A 40 64 00 00 00 00 00 00 00 00 00 
R06:56:09   00 AC 06 1A 
R06:56:09   68 4A 20 66 16 07 CE 08 25 00 3F 06 41 64 00 CC CC 5F 43 00 42 64 00 33 33 47 43 00 43 64 00 9A 
R06:56:09   99 22 43 00 44 64 00 CC CC 74 42 00 45 64 00 00 00 A8 42 00 46 64 00 00 00 F6 42 00 47 64 00 66 
R06:56:09   66 12 42 00 48 64 00 34 33 77 42 00 
S06:56:09   68 04 01 00 22 66 
R06:56:09   68 82 22 66 16 07 CF 08 25 00 3F 06 49 64 00 CC CC 5F 43 00 00 00 2D 06 AC 06 1A 4A 64 00 33 33 
R06:56:09   47 43 00 00 00 2D 06 AC 06 1A 4B 64 00 9A 99 22 43 00 00 00 2D 06 AC 06 1A 4C 64 00 CC CC 74 42 
R06:56:09   00 00 00 2D 06 AC 06 1A 4D 64 00 00 00 A8 42 00 00 00 2D 06 AC 06 1A 4E 64 00 00 00 F6 42 00 00 
R06:56:09   00 2D 06 AC 06 1A 4F 64 00 66 66 12 42 00 00 00 2D 06 AC 06 1A 50 64 00 34 33 77 42 00 00 00 2D 
R06:56:09   06 AC 06 1A 
R06:56:10   68 82 24 66 16 07 CF 08 25 00 3F 06 51 64 00 CC CC 5F 43 00 00 00 00 00 AC 06 1A 52 64 00 33 33 
R06:56:10   47 43 00 00 00 00 00 AC 06 1A 53 64 00 9A 99 22 43 00 00 00 00 00 AC 06 1A 54 64 00 CC CC 74 42 
R06:56:10   00 00 00 00 00 AC 06 1A 55 64 00 00 00 A8 42 00 00 00 00 00 AC 06 1A 56 64 00 00 00 F6 42 00 00 
R06:56:10   00 00 00 AC 06 1A 57 64 00 66 66 12 42 00 00 00 00 00 AC 06 1A 58 64 00 34 33 77 42 00 00 00 00 
R06:56:10   00 AC 06 1A 
R06:56:10   68 82 26 66 16 07 CF 08 25 00 3F 06 59 64 00 00 00 00 00 00 00 00 00 00 AC 06 1A 5A 64 00 00 00 
R06:56:10   00 00 00 00 00 00 00 AC 06 1A 5B 64 00 00 00 00 00 00 00 00 00 00 AC 06 1A 5C 64 00 00 00 00 00 
R06:56:10   00 00 00 00 00 AC 06 1A 5D 64 00 00 00 00 00 00 00 00 00 00 AC 06 1A 5E 64 00 00 00 00 00 00 00 
R06:56:10   00 00 00 AC 06 1A 5F 64 00 00 00 00 00 00 00 00 00 00 AC 06 1A 60 64 00 00 00 00 00 00 00 00 00 
R06:56:10   00 AC 06 1A 
S06:56:10   68 04 01 00 28 66 
R06:56:11   68 4A 28 66 16 07 CE 08 25 00 3F 06 61 64 00 A7 CC 0B 48 00 62 64 00 66 66 18 43 00 63 64 00 99 
R06:56:11   99 C9 42 00 64 64 00 34 07 70 46 00 65 64 00 34 33 8B 42 00 66 64 00 67 CE 70 46 00 67 64 00 67 
R06:56:11   66 4E 42 00 68 64 00 33 33 47 42 00 
R06:56:12   68 82 2A 66 16 07 CF 08 25 00 3F 06 69 64 00 8C CA 0B 48 00 00 00 2D 06 AC 06 1A 6A 64 00 66 66 
R06:56:12   18 43 00 00 00 2D 06 AC 06 1A 6B 64 00 99 99 C9 42 00 00 00 2D 06 AC 06 1A 6C 64 00 CD 04 70 46 
R06:56:12   00 00 00 2D 06 AC 06 1A 6D 64 00 34 33 8B 42 00 00 00 2D 06 AC 06 1A 6E 64 00 00 CC 70 46 00 00 
R06:56:12   00 2D 06 AC 06 1A 6F 64 00 67 66 4E 42 00 00 00 2D 06 AC 06 1A 70 64 00 33 33 47 42 00 00 00 2D 
R06:56:12   06 AC 06 1A 
R06:56:12   68 82 2C 66 16 07 CF 08 25 00 3F 06 71 64 00 8C 9A 0B 48 00 00 00 00 00 AC 06 1A 72 64 00 66 66 
R06:56:12   18 43 00 00 00 00 00 AC 06 1A 73 64 00 99 99 C9 42 00 00 00 00 00 AC 06 1A 74 64 00 00 A0 6F 46 
R06:56:12   00 00 00 00 00 AC 06 1A 75 64 00 34 33 8B 42 00 00 00 00 00 AC 06 1A 76 64 00 34 67 70 46 00 00 
R06:56:12   00 00 00 AC 06 1A 77 64 00 67 66 4E 42 00 00 00 00 00 AC 06 1A 78 64 00 33 33 47 42 00 00 00 00 
R06:56:12   00 AC 06 1A 
S06:56:12   68 04 01 00 2E 66 
R06:56:13   68 82 2E 66 16 07 CF 08 25 00 3F 06 79 64 00 FF 44 DE 47 00 3A AE 25 0D F1 05 1A 7A 64 00 66 66 
R06:56:13   18 43 00 3A AE 25 0D F1 05 1A 7B 64 00 99 99 C9 42 00 3A AE 25 0D F1 05 1A 7C 64 00 67 46 50 46 
R06:56:13   00 3A AE 25 0D F1 05 1A 7D 64 00 34 33 8B 42 00 3A AE 25 0D F1 05 1A 7E 64 00 33 0B 51 46 00 3A 
R06:56:13   AE 25 0D F1 05 1A 7F 64 00 67 66 4E 42 00 3A AE 25 0D F1 05 1A 80 64 00 CD CC 44 42 00 3A AE 25 
R06:56:13   0D F1 05 1A 
R06:56:13   68 4A 30 66 16 07 CE 08 25 00 3F 06 81 64 00 EB AC 48 4A 00 82 64 00 CC 6C 38 46 00 83 64 00 9A 
R06:56:13   31 2A 46 00 84 64 00 4D 7E F0 47 00 85 64 00 CC 4C 8A 43 00 86 64 00 99 B1 F0 47 00 87 64 00 34 
R06:56:13   B3 63 44 00 88 64 00 34 33 CD 42 00 
R06:56:13   68 82 32 66 16 07 CF 08 25 00 3F 06 89 64 00 95 AA 48 4A 00 00 00 2D 06 AC 06 1A 8A 64 00 CC 6C 
R06:56:13   38 46 00 00 00 2D 06 AC 06 1A 8B 64 00 9A 31 2A 46 00 00 00 2D 06 AC 06 1A 8C 64 00 18 7A F0 47 
R06:56:13   00 00 00 2D 06 AC 06 1A 8D 64 00 CC 4C 8A 43 00 00 00 2D 06 AC 06 1A 8E 64 00 66 AD F0 47 00 00 
R06:56:13   00 2D 06 AC 06 1A 8F 64 00 34 B3 63 44 00 00 00 2D 06 AC 06 1A 90 64 00 34 33 CD 42 00 00 00 2D 
R06:56:13   06 AC 06 1A 
S06:56:13   68 04 01 00 34 66 
R06:56:14   68 82 34 66 16 07 CF 08 25 00 3F 06 91 64 00 AE 6C 48 4A 00 00 00 00 00 AC 06 1A 92 64 00 CC 6C 
R06:56:14   38 46 00 00 00 00 00 AC 06 1A 93 64 00 9A 31 2A 46 00 00 00 00 00 AC 06 1A 94 64 00 B3 3E F0 47 
R06:56:14   00 00 00 00 00 AC 06 1A 95 64 00 CC 4C 8A 43 00 00 00 00 00 AC 06 1A 96 64 00 00 72 F0 47 00 00 
R06:56:14   00 00 00 AC 06 1A 97 64 00 34 B3 63 44 00 00 00 00 00 AC 06 1A 98 64 00 34 33 CD 42 00 00 00 00 
R06:56:14   00 AC 06 1A 
R06:56:14   68 82 36 66 16 07 CF 08 25 00 3F 06 99 64 00 2B C0 DB 49 00 BB 6F 25 0B 6F 04 1A 9A 64 00 00 00 
R06:56:14   99 44 00 BB 6F 25 0B 6F 04 1A 9B 64 00 9A 99 9C 43 00 BB 6F 25 0B 6F 04 1A 9C 64 00 CC 8A AC 47 
R06:56:14   00 BB 6F 25 0B 6F 04 1A 9D 64 00 66 66 89 43 00 BB 6F 25 0B 6F 04 1A 9E 64 00 19 BE AC 47 00 BB 
R06:56:14   6F 25 0B 6F 04 1A 9F 64 00 34 B3 63 44 00 BB 6F 25 0B 6F 04 1A A0 64 00 34 33 CD 42 00 BB 6F 25 
R06:56:14   0B 6F 04 1A 
R06:56:14   68 4A 38 66 16 07 CE 08 25 00 3F 06 A1 64 00 33 73 4C 44 00 A2 64 00 CD F2 69 48 00 A3 64 00 98 
R06:56:14   99 CF 42 00 A4 64 00 66 26 AE 44 00 A5 64 00 90 97 79 4A 00 A6 64 00 34 5B F9 45 00 A7 64 00 D8 
R06:56:14   D8 69 48 00 A8 64 00 9A D1 CD 45 00 
S06:56:14   68 04 01 00 3A 66 
R06:56:15   68 82 3A 66 16 07 CF 08 25 00 3F 06 A9 64 00 33 73 4C 44 00 00 00 2D 06 AC 06 1A AA 64 00 8C ED 
R06:56:15   69 48 00 00 00 2D 06 AC 06 1A AB 64 00 98 99 CF 42 00 00 00 2D 06 AC 06 1A AC 64 00 66 26 AE 44 
R06:56:15   00 00 00 2D 06 AC 06 1A AD 64 00 C5 93 79 4A 00 00 00 2D 06 AC 06 1A AE 64 00 34 5B F9 45 00 00 
R06:56:15   00 2D 06 AC 06 1A AF 64 00 99 D3 69 48 00 00 00 2D 06 AC 06 1A B0 64 00 9A D1 CD 45 00 00 00 2D 
R06:56:15   06 AC 06 1A 
R06:56:15   68 82 3C 66 16 07 CF 08 25 00 3F 06 B1 64 00 33 73 4C 44 00 00 00 00 00 AC 06 1A B2 64 00 27 8B 
R06:56:15   69 48 00 00 00 00 00 AC 06 1A B3 64 00 98 99 CF 42 00 00 00 00 00 AC 06 1A B4 64 00 66 26 AE 44 
R06:56:15   00 00 00 00 00 AC 06 1A B5 64 00 CB 37 79 4A 00 00 00 00 00 AC 06 1A B6 64 00 34 5B F9 45 00 00 
R06:56:15   00 00 00 AC 06 1A B7 64 00 34 71 69 48 00 00 00 00 00 AC 06 1A B8 64 00 9A D1 CD 45 00 00 00 00 
R06:56:15   00 AC 06 1A 
R06:56:15   68 82 3E 66 16 07 CF 08 25 00 3F 06 B9 64 00 33 73 4C 44 00 7A 6D 25 0B 6F 04 1A BA 64 00 00 A3 
R06:56:15   1E 48 00 7A 6D 25 0B 6F 04 1A BB 64 00 98 99 CF 42 00 7A 6D 25 0B 6F 04 1A BC 64 00 66 26 AE 44 
R06:56:15   00 7A 6D 25 0B 6F 04 1A BD 64 00 7A F6 0A 4A 00 7A 6D 25 0B 6F 04 1A BE 64 00 CC 0C BB 44 00 7A 
R06:56:15   6D 25 0B 6F 04 1A BF 64 00 0D 89 1E 48 00 7A 6D 25 0B 6F 04 1A C0 64 00 67 66 CE 42 00 7A 6D 25 
R06:56:15   0B 6F 04 1A 
S06:56:15   68 04 01 00 40 66 
R06:56:16   68 0E 40 66 16 07 65 01 0A 00 3F 06 00 00 00 05 
S06:56:16   68 14 16 07 42 66 67 01 06 00 3F 06 00 00 00 51 3F 38 06 AC 06 1A 
R06:56:17   68 14 42 66 18 07 67 01 07 00 3F 06 00 00 00 51 3F 38 06 AC 06 1A 
S06:56:26   68 04 01 00 44 66 
S06:56:42   68 04 43 00 00 00 
R06:56:43   68 04 83 00 00 00 
S06:56:59   68 04 43 00 00 00 
R06:56:59   68 04 83 00 00 00 
S06:57:15   68 04 43 00 00 00 
R06:57:15   68 04 83 00 00 00 
S06:57:31   68 04 43 00 00 00 
R06:57:31   68 04 83 00 00 00 
S06:57:47   68 04 43 00 00 00 
R06:57:47   68 04 83 00 00 00 
S06:58:03   68 04 43 00 00 00 
R06:58:03   68 04 83 00 00 00 
S06:58:19   68 04 43 00 00 00 
R06:58:19   68 04 83 00 00 00 
S06:58:35   68 04 43 00 00 00 
R06:58:35   68 04 83 00 00 00 
S06:58:51   68 04 43 00 00 00 
R06:58:51   68 04 83 00 00 00 
S06:59:07   68 04 43 00 00 00 
R06:59:07   68 04 83 00 00 00 
R06:59:18   68 12 44 66 18 07 0D 01 03 00 3F 06 46 40 00 7B 14 5C 42 00 
S06:59:18   68 04 01 00 46 66 
S06:59:34   68 04 43 00 00 00 
R06:59:34   68 04 83 00 00 00 
S06:59:50   68 04 43 00 00 00 
R06:59:50   68 04 83 00 00 00 
S07:00:06   68 04 43 00 00 00 
R07:00:06   68 04 83 00 00 00 
R07:00:21   68 12 46 66 18 07 0D 01 03 00 3F 06 45 40 00 35 5E 56 42 00 
S07:00:21   68 04 01 00 48 66 
R07:00:35   68 12 48 66 18 07 0D 01 03 00 3F 06 44 40 00 FE D4 60 42 00 
S07:00:35   68 04 01 00 4A 66 
S07:00:51   68 04 43 00 00 00 
R07:00:51   68 04 83 00 00 00 
S07:01:07   68 04 43 00 00 00 
R07:01:07   68 04 83 00 00 00 
S07:01:23   68 04 43 00 00 00 
R07:01:23   68 04 83 00 00 00 
S07:01:39   68 04 43 00 00 00 
R07:01:39   68 04 83 00 00 00 
S07:01:55   68 04 43 00 00 00 
R07:01:55   68 04 83 00 00 00 
S07:02:11   68 04 43 00 00 00 
R07:02:11   68 04 83 00 00 00 
S07:02:27   68 04 43 00 00 00 
R07:02:27   68 04 83 00 00 00 
S07:02:43   68 04 43 00 00 00 
R07:02:43   68 04 83 00 00 00 
R07:02:44   68 1A 4A 66 18 07 0D 02 03 00 3F 06 0E 40 00 A8 C6 0B 41 00 0F 40 00 CE F7 0B 41 00 
S07:02:44   68 04 01 00 4C 66 
R07:02:47   68 1A 4C 66 18 07 0D 02 03 00 3F 06 0D 40 00 EF A7 0E 41 00 13 40 00 6A BC 74 3F 00 
S07:02:55   68 04 01 00 4E 66 
S07:03:11   68 04 43 00 00 00 
R07:03:11   68 04 83 00 00 00 
S07:03:27   68 04 43 00 00 00 
R07:03:27   68 04 83 00 00 00 
R07:03:32   68 12 4E 66 18 07 0D 01 03 00 3F 06 45 40 00 D3 4D 3C 42 00 
S07:03:32   68 04 01 00 50 66 
R07:03:34   68 12 50 66 18 07 0D 01 03 00 3F 06 3A 40 00 18 04 12 42 00 
S07:03:43   68 04 01 00 52 66 
S07:03:59   68 04 43 00 00 00 
R07:03:59   68 04 83 00 00 00 
S07:04:15   68 04 43 00 00 00 
R07:04:15   68 04 83 00 00 00 
S07:04:31   68 04 43 00 00 00 
R07:04:31   68 04 83 00 00 00 
R07:04:38   68 12 52 66 18 07 0D 01 03 00 3F 06 46 40 00 21 B0 42 42 00 
S07:04:38   68 04 01 00 54 66 
S07:04:54   68 04 43 00 00 00 
R07:04:55   68 04 83 00 00 00 
S07:05:11   68 04 43 00 00 00 
R07:05:11   68 04 83 00 00 00 
R07:05:18   68 12 54 66 18 07 0D 01 03 00 3F 06 44 40 00 F6 28 48 42 00 
S07:05:18   68 04 01 00 56 66 
R07:05:19   68 12 56 66 18 07 0D 01 03 00 3F 06 39 40 00 75 93 1C 42 00 
S07:05:29   68 04 01 00 58 66 
S07:05:45   68 04 43 00 00 00 
R07:05:46   68 04 83 00 00 00 
S07:06:02   68 04 43 00 00 00 
R07:06:03   68 04 83 00 00 00 
S07:06:19   68 04 43 00 00 00 
R07:06:20   68 04 83 00 00 00 
S07:06:36   68 04 43 00 00 00 
R07:06:37   68 04 83 00 00 00 
S07:06:53   68 04 43 00 00 00 
R07:06:54   68 04 83 00 00 00 
S07:07:10   68 04 43 00 00 00 
R07:07:11   68 04 83 00 00 00 
S07:07:27   68 04 43 00 00 00 
R07:07:28   68 04 83 00 00 00 
S07:07:44   68 04 43 00 00 00 
R07:07:45   68 04 83 00 00 00 
S07:08:01   68 04 43 00 00 00 
R07:08:02   68 04 83 00 00 00 
S07:08:18   68 04 43 00 00 00 
R07:08:19   68 04 83 00 00 00 
S07:08:35   68 04 43 00 00 00 
R07:08:35   68 04 83 00 00 00 
S07:08:51   68 04 43 00 00 00 
R07:08:51   68 04 83 00 00 00 
S07:09:07   68 04 43 00 00 00 
R07:09:07   68 04 83 00 00 00 
S07:09:23   68 04 43 00 00 00 
R07:09:23   68 04 83 00 00 00 
S07:09:39   68 04 43 00 00 00 
R07:09:39   68 04 83 00 00 00 
S07:09:55   68 04 43 00 00 00 
R07:09:55   68 04 83 00 00 00 
S07:10:11   68 04 43 00 00 00 
R07:10:11   68 04 83 00 00 00 
S07:10:27   68 04 43 00 00 00 
R07:10:27   68 04 83 00 00 00 
S07:10:43   68 04 43 00 00 00 
R07:10:43   68 04 83 00 00 00 
S07:10:59   68 04 43 00 00 00 
S07:10:59   68 0E 18 07 58 66 64 01 06 00 3F 06 00 00 00 14 
R07:10:59   68 04 83 00 00 00 
R07:10:59   68 0E 58 66 1A 07 64 01 07 00 3F 06 00 00 00 14 
S07:10:59   68 04 01 00 5A 66 
R07:11:00   68 E6 5A 66 1A 07 01 37 14 00 3F 06 01 00 00 00 02 00 00 00 03 00 00 00 04 00 00 00 05 00 00 00 
R07:11:00   06 00 00 00 07 00 00 01 08 00 00 00 09 00 00 00 0A 00 00 00 0B 00 00 00 0C 00 00 00 0D 00 00 00 
R07:11:00   0E 00 00 00 0F 00 00 00 10 00 00 00 11 00 00 00 12 00 00 00 13 00 00 00 14 00 00 00 15 00 00 00 
R07:11:00   16 00 00 00 17 00 00 00 18 00 00 00 19 00 00 00 1A 00 00 01 1B 00 00 01 1C 00 00 00 1D 00 00 01 
R07:11:00   1E 00 00 01 1F 00 00 01 20 00 00 00 21 00 00 00 22 00 00 00 23 00 00 00 24 00 00 00 25 00 00 00 
R07:11:00   26 00 00 00 27 00 00 00 28 00 00 00 29 00 00 01 2A 00 00 00 2B 00 00 00 2C 00 00 00 2D 00 00 00 
R07:11:00   2E 00 00 00 2F 00 00 00 30 00 00 00 31 00 00 00 32 00 00 00 33 00 00 00 34 00 00 00 35 00 00 00 
R07:11:00   36 00 00 00 37 00 00 00 
R07:11:00   68 D2 5C 66 1A 07 01 32 14 00 3F 06 38 00 00 00 39 00 00 00 3A 00 00 00 3B 00 00 01 3C 00 00 00 
R07:11:00   3D 00 00 00 3E 00 00 01 3F 00 00 01 40 00 00 00 41 00 00 00 42 00 00 01 43 00 00 00 44 00 00 00 
R07:11:00   45 00 00 00 46 00 00 00 47 00 00 00 48 00 00 00 49 00 00 00 4A 00 00 01 4B 00 00 00 4C 00 00 00 
R07:11:00   4D 00 00 00 4E 00 00 00 4F 00 00 00 50 00 00 00 51 00 00 00 52 00 00 00 53 00 00 00 54 00 00 00 
R07:11:00   55 00 00 00 56 00 00 00 57 00 00 00 58 00 00 00 59 00 00 00 5A 00 00 00 5B 00 00 00 5C 00 00 01 
R07:11:00   5D 00 00 00 5E 00 00 00 5F 00 00 01 60 00 00 01 61 00 00 00 62 00 00 00 63 00 00 01 64 00 00 00 
R07:11:00   65 00 00 00 66 00 00 00 67 00 00 00 68 00 00 00 69 00 00 00 
R07:11:00   68 E6 5E 66 1A 07 01 37 14 00 3F 06 69 00 00 00 6A 00 00 01 6B 00 00 00 6C 00 00 00 6D 00 00 00 
R07:11:00   6E 00 00 00 6F 00 00 00 70 00 00 00 71 00 00 00 72 00 00 00 73 00 00 00 74 00 00 00 75 00 00 00 
R07:11:00   76 00 00 00 77 00 00 00 78 00 00 00 79 00 00 00 7A 00 00 00 7B 00 00 00 7C 00 00 00 7D 00 00 01 
R07:11:00   7E 00 00 01 7F 00 00 00 80 00 00 01 81 00 00 01 82 00 00 01 83 00 00 00 84 00 00 00 85 00 00 00 
R07:11:00   86 00 00 00 87 00 00 00 88 00 00 00 89 00 00 00 8A 00 00 00 8B 00 00 01 8C 00 00 00 8D 00 00 00 
R07:11:00   8E 00 00 00 8F 00 00 00 90 00 00 00 91 00 00 00 92 00 00 00 93 00 00 00 94 00 00 00 95 00 00 00 
R07:11:00   96 00 00 00 97 00 00 00 98 00 00 00 99 00 00 00 9A 00 00 00 9B 00 00 00 9C 00 00 00 9D 00 00 00 
R07:11:00   9E 00 00 01 9F 00 00 00 
S07:11:00   68 04 01 00 60 66 
R07:11:01   68 A6 60 66 1A 07 01 27 14 00 3F 06 A0 00 00 00 A1 00 00 01 A2 00 00 01 A3 00 00 01 A4 00 00 00 
R07:11:01   A5 00 00 00 A6 00 00 00 A7 00 00 00 A8 00 00 00 A9 00 00 00 AA 00 00 00 AB 00 00 00 AC 00 00 01 
R07:11:01   AD 00 00 00 AE 00 00 00 AF 00 00 00 B0 00 00 00 B1 00 00 00 B2 00 00 00 B3 00 00 00 B4 00 00 00 
R07:11:01   B5 00 00 00 B6 00 00 00 B7 00 00 00 B8 00 00 00 B9 00 00 00 BA 00 00 00 BB 00 00 00 BC 00 00 00 
R07:11:01   BD 00 00 00 BE 00 00 00 BF 00 00 01 C0 00 00 00 C1 00 00 00 C2 00 00 01 C3 00 00 01 C4 00 00 01 
R07:11:01   C5 00 00 00 C6 00 00 00 
R07:11:01   68 EA 62 66 1A 07 0D 1C 14 00 3F 06 01 40 00 00 00 63 43 00 02 40 00 EC 51 54 42 00 03 40 00 EA 
R07:11:01   26 27 41 00 04 40 00 00 00 00 00 00 05 40 00 64 3B 27 41 00 06 40 00 00 00 00 00 00 07 40 00 66 
R07:11:01   E6 47 42 00 08 40 00 00 00 00 00 00 09 40 00 00 00 00 00 00 0A 40 00 00 00 00 00 00 0B 40 00 00 
R07:11:01   00 00 00 00 0C 40 00 00 00 00 00 00 0D 40 00 36 5E 02 41 00 0E 40 00 79 E9 F6 40 00 0F 40 00 79 
R07:11:01   E9 F6 40 00 10 40 00 00 00 00 00 00 11 40 00 9A 99 07 43 00 12 40 00 71 3D 2E C2 00 13 40 00 BC 
R07:11:01   74 73 3F 00 14 40 00 00 00 00 00 00 15 40 00 00 00 00 00 00 16 40 00 00 00 00 00 00 17 40 00 00 
R07:11:01   00 00 00 00 18 40 00 00 00 00 00 00 19 40 00 00 00 00 00 00 1A 40 00 00 00 00 00 00 1B 40 00 00 
R07:11:01   00 00 00 00 1C 40 00 00 00 00 00 00 
R07:11:02   68 6A 64 66 1A 07 0D 0C 14 00 3F 06 1D 40 00 00 00 00 00 00 1E 40 00 00 00 00 00 00 1F 40 00 00 
R07:11:02   00 00 00 00 20 40 00 00 00 00 00 00 21 40 00 00 00 00 00 00 22 40 00 00 00 00 00 00 23 40 00 00 
R07:11:02   00 00 00 00 24 40 00 00 00 00 00 00 25 40 00 00 00 00 00 00 26 40 00 00 00 00 00 00 27 40 00 00 
R07:11:02   00 00 00 00 28 40 00 00 00 00 00 00 
R07:11:02   68 EA 66 66 1A 07 0D 1C 14 00 3F 06 29 40 00 00 00 00 00 00 2A 40 00 00 00 00 00 00 2B 40 00 00 
R07:11:02   00 00 00 00 2C 40 00 00 00 00 00 00 2D 40 00 00 00 00 00 00 2E 40 00 00 00 00 00 00 2F 40 00 00 
R07:11:02   00 00 00 00 30 40 00 00 00 00 00 00 31 40 00 00 00 00 00 00 32 40 00 00 00 00 00 00 33 40 00 00 
R07:11:02   00 00 00 00 34 40 00 00 00 00 00 00 35 40 00 00 00 00 00 00 36 40 00 00 00 00 00 00 37 40 00 00 
R07:11:02   00 00 00 00 38 40 00 00 00 00 00 00 39 40 00 4E 62 22 42 00 3A 40 00 33 33 17 42 00 3B 40 00 75 
R07:11:02   93 22 42 00 3C 40 00 00 00 00 00 00 3D 40 00 52 38 33 44 00 3E 40 00 A4 70 1D C2 00 3F 40 00 EE 
R07:11:02   7C 7F 3F 00 40 40 00 00 00 00 00 00 41 40 00 00 00 00 00 00 42 40 00 00 00 00 00 00 43 40 00 00 
R07:11:02   00 00 00 00 44 40 00 69 91 4B 42 00 
S07:11:02   68 04 01 00 68 66 
R07:11:03   68 3A 68 66 1A 07 0D 06 14 00 3F 06 45 40 00 32 08 3E 42 00 46 40 00 FA 7E 48 42 00 47 40 00 00 
R07:11:03   00 00 00 00 48 40 00 71 FD 5E C4 00 49 40 00 AE 47 9B 42 00 4A 40 00 DB F9 7E BF 00 
R07:11:03   68 0E 6A 66 1A 07 64 01 0A 00 3F 06 00 00 00 14 
S07:11:03   68 0E 1A 07 6C 66 65 01 06 00 3F 06 00 00 00 05 
R07:11:04   68 0E 6C 66 1C 07 65 01 07 00 3F 06 00 00 00 05 
R07:11:04   68 4A 6E 66 1C 07 CE 08 25 00 3F 06 01 64 00 60 42 1C 49 00 02 64 00 66 66 03 44 00 03 64 00 67 
R07:11:04   66 FE 43 00 04 64 00 4C F2 F4 47 00 05 64 00 00 00 AE 42 00 06 64 00 CC 14 F5 47 00 07 64 00 66 
R07:11:04   66 86 41 00 08 64 00 00 00 8A 42 00 
R07:11:05   68 82 70 66 1C 07 CF 08 25 00 3F 06 09 64 00 BA 40 1C 49 00 00 00 00 07 AC 06 1A 0A 64 00 66 66 
R07:11:05   03 44 00 00 00 00 07 AC 06 1A 0B 64 00 67 66 FE 43 00 00 00 00 07 AC 06 1A 0C 64 00 67 EE F4 47 
R07:11:05   00 00 00 00 07 AC 06 1A 0D 64 00 00 00 AE 42 00 00 00 00 07 AC 06 1A 0E 64 00 E6 10 F5 47 00 00 
R07:11:05   00 00 07 AC 06 1A 0F 64 00 66 66 86 41 00 00 00 00 07 AC 06 1A 10 64 00 00 00 8A 42 00 00 00 00 
R07:11:05   07 AC 06 1A 
S07:11:05   68 04 01 00 72 66 
R07:11:05   68 82 72 66 1C 07 CF 08 25 00 3F 06 11 64 00 39 D0 1B 49 00 00 00 00 00 AC 06 1A 12 64 00 66 66 
R07:11:05   03 44 00 00 00 00 00 AC 06 1A 13 64 00 67 66 FE 43 00 00 00 00 00 AC 06 1A 14 64 00 66 55 F4 47 
R07:11:05   00 00 00 00 00 AC 06 1A 15 64 00 00 00 AE 42 00 00 00 00 00 AC 06 1A 16 64 00 E7 77 F4 47 00 00 
R07:11:05   00 00 00 AC 06 1A 17 64 00 66 66 86 41 00 00 00 00 00 AC 06 1A 18 64 00 00 00 8A 42 00 00 00 00 
R07:11:05   00 AC 06 1A 
R07:11:06   68 82 74 66 1C 07 CF 08 25 00 3F 06 19 64 00 00 00 00 00 00 00 00 00 00 AC 06 1A 1A 64 00 00 00 
R07:11:06   00 00 00 00 00 00 00 AC 06 1A 1B 64 00 00 00 00 00 00 00 00 00 00 AC 06 1A 1C 64 00 00 00 00 00 
R07:11:06   00 00 00 00 00 AC 06 1A 1D 64 00 00 00 00 00 00 00 00 00 00 AC 06 1A 1E 64 00 00 00 00 00 00 00 
R07:11:06   00 00 00 AC 06 1A 1F 64 00 00 00 00 00 00 00 00 00 00 AC 06 1A 20 64 00 00 00 00 00 00 00 00 00 
R07:11:06   00 AC 06 1A 
R07:11:06   68 4A 76 66 1C 07 CE 08 25 00 3F 06 21 64 00 CC CC 41 43 00 22 64 00 34 33 0B 43 00 23 64 00 66 
R07:11:06   66 AA 42 00 24 64 00 CD CC EE 42 00 25 64 00 CD CC C4 42 00 26 64 00 CC CC 29 43 00 27 64 00 FF 
R07:11:06   FF 57 42 00 28 64 00 99 99 49 42 00 
S07:11:06   68 04 01 00 78 66 
R07:11:07   68 82 78 66 1C 07 CF 08 25 00 3F 06 29 64 00 CC CC 41 43 00 00 00 00 07 AC 06 1A 2A 64 00 34 33 
R07:11:07   0B 43 00 00 00 00 07 AC 06 1A 2B 64 00 66 66 AA 42 00 00 00 00 07 AC 06 1A 2C 64 00 CD CC EE 42 
R07:11:07   00 00 00 00 07 AC 06 1A 2D 64 00 CD CC C4 42 00 00 00 00 07 AC 06 1A 2E 64 00 CC CC 29 43 00 00 
R07:11:07   00 00 07 AC 06 1A 2F 64 00 FF FF 57 42 00 00 00 00 07 AC 06 1A 30 64 00 99 99 49 42 00 00 00 00 
R07:11:07   07 AC 06 1A 
R07:11:07   68 82 7A 66 1C 07 CF 08 25 00 3F 06 31 64 00 CC CC 41 43 00 00 00 00 00 AC 06 1A 32 64 00 34 33 
R07:11:07   0B 43 00 00 00 00 00 AC 06 1A 33 64 00 66 66 AA 42 00 00 00 00 00 AC 06 1A 34 64 00 CD CC EE 42 
R07:11:07   00 00 00 00 00 AC 06 1A 35 64 00 CD CC C4 42 00 00 00 00 00 AC 06 1A 36 64 00 CC CC 29 43 00 00 
R07:11:07   00 00 00 AC 06 1A 37 64 00 FF FF 57 42 00 00 00 00 00 AC 06 1A 38 64 00 99 99 49 42 00 00 00 00 
R07:11:07   00 AC 06 1A 
R07:11:08   68 82 7C 66 1C 07 CF 08 25 00 3F 06 39 64 00 00 00 00 00 00 00 00 00 00 AC 06 1A 3A 64 00 00 00 
R07:11:08   00 00 00 00 00 00 00 AC 06 1A 3B 64 00 00 00 00 00 00 00 00 00 00 AC 06 1A 3C 64 00 00 00 00 00 
R07:11:08   00 00 00 00 00 AC 06 1A 3D 64 00 00 00 00 00 00 00 00 00 00 AC 06 1A 3E 64 00 00 00 00 00 00 00 
R07:11:08   00 00 00 AC 06 1A 3F 64 00 00 00 00 00 00 00 00 00 00 AC 06 1A 40 64 00 00 00 00 00 00 00 00 00 
R07:11:08   00 AC 06 1A 
R07:11:08   68 4A 7E 66 1C 07 CE 08 25 00 3F 06 41 64 00 CC CC 5F 43 00 42 64 00 33 33 47 43 00 43 64 00 9A 
R07:11:08   99 22 43 00 44 64 00 CC CC 74 42 00 45 64 00 00 00 A8 42 00 46 64 00 00 00 F6 42 00 47 64 00 66 
R07:11:08   66 12 42 00 48 64 00 34 33 77 42 00 
S07:11:08   68 04 01 00 80 66 
R07:11:09   68 82 80 66 1C 07 CF 08 25 00 3F 06 49 64 00 CC CC 5F 43 00 00 00 00 07 AC 06 1A 4A 64 00 33 33 
R07:11:09   47 43 00 00 00 00 07 AC 06 1A 4B 64 00 9A 99 22 43 00 00 00 00 07 AC 06 1A 4C 64 00 CC CC 74 42 
R07:11:09   00 00 00 00 07 AC 06 1A 4D 64 00 00 00 A8 42 00 00 00 00 07 AC 06 1A 4E 64 00 00 00 F6 42 00 00 
R07:11:09   00 00 07 AC 06 1A 4F 64 00 66 66 12 42 00 00 00 00 07 AC 06 1A 50 64 00 34 33 77 42 00 00 00 00 
R07:11:09   07 AC 06 1A 
R07:11:09   68 82 82 66 1C 07 CF 08 25 00 3F 06 51 64 00 CC CC 5F 43 00 00 00 00 00 AC 06 1A 52 64 00 33 33 
R07:11:09   47 43 00 00 00 00 00 AC 06 1A 53 64 00 9A 99 22 43 00 00 00 00 00 AC 06 1A 54 64 00 CC CC 74 42 
R07:11:09   00 00 00 00 00 AC 06 1A 55 64 00 00 00 A8 42 00 00 00 00 00 AC 06 1A 56 64 00 00 00 F6 42 00 00 
R07:11:09   00 00 00 AC 06 1A 57 64 00 66 66 12 42 00 00 00 00 00 AC 06 1A 58 64 00 34 33 77 42 00 00 00 00 
R07:11:09   00 AC 06 1A 
R07:11:10   68 82 84 66 1C 07 CF 08 25 00 3F 06 59 64 00 00 00 00 00 00 00 00 00 00 AC 06 1A 5A 64 00 00 00 
R07:11:10   00 00 00 00 00 00 00 AC 06 1A 5B 64 00 00 00 00 00 00 00 00 00 00 AC 06 1A 5C 64 00 00 00 00 00 
R07:11:10   00 00 00 00 00 AC 06 1A 5D 64 00 00 00 00 00 00 00 00 00 00 AC 06 1A 5E 64 00 00 00 00 00 00 00 
R07:11:10   00 00 00 AC 06 1A 5F 64 00 00 00 00 00 00 00 00 00 00 AC 06 1A 60 64 00 00 00 00 00 00 00 00 00 
R07:11:10   00 AC 06 1A 
S07:11:10   68 04 01 00 86 66 
R07:11:10   68 4A 86 66 1C 07 CE 08 25 00 3F 06 61 64 00 0C CF 0B 48 00 62 64 00 66 66 18 43 00 63 64 00 99 
R07:11:10   99 C9 42 00 64 64 00 FF 0B 70 46 00 65 64 00 34 33 8B 42 00 66 64 00 33 D3 70 46 00 67 64 00 67 
R07:11:10   66 4E 42 00 68 64 00 33 33 47 42 00 
R07:11:11   68 82 88 66 1C 07 CF 08 25 00 3F 06 69 64 00 66 CD 0B 48 00 00 00 00 07 AC 06 1A 6A 64 00 66 66 
R07:11:11   18 43 00 00 00 00 07 AC 06 1A 6B 64 00 99 99 C9 42 00 00 00 00 07 AC 06 1A 6C 64 00 9A 09 70 46 
R07:11:11   00 00 00 00 07 AC 06 1A 6D 64 00 34 33 8B 42 00 00 00 00 07 AC 06 1A 6E 64 00 CC D0 70 46 00 00 
R07:11:11   00 00 07 AC 06 1A 6F 64 00 67 66 4E 42 00 00 00 00 07 AC 06 1A 70 64 00 33 33 47 42 00 00 00 00 
R07:11:11   07 AC 06 1A 
R07:11:11   68 82 8A 66 1C 07 CF 08 25 00 3F 06 71 64 00 8C 9A 0B 48 00 00 00 00 00 AC 06 1A 72 64 00 66 66 
R07:11:11   18 43 00 00 00 00 00 AC 06 1A 73 64 00 99 99 C9 42 00 00 00 00 00 AC 06 1A 74 64 00 00 A0 6F 46 
R07:11:11   00 00 00 00 00 AC 06 1A 75 64 00 34 33 8B 42 00 00 00 00 00 AC 06 1A 76 64 00 34 67 70 46 00 00 
R07:11:11   00 00 00 AC 06 1A 77 64 00 67 66 4E 42 00 00 00 00 00 AC 06 1A 78 64 00 33 33 47 42 00 00 00 00 
R07:11:11   00 AC 06 1A 
S07:11:11   68 04 01 00 8C 66 
R07:11:12   68 82 8C 66 1C 07 CF 08 25 00 3F 06 79 64 00 FF 44 DE 47 00 3A AE 25 0D F1 05 1A 7A 64 00 66 66 
R07:11:12   18 43 00 3A AE 25 0D F1 05 1A 7B 64 00 99 99 C9 42 00 3A AE 25 0D F1 05 1A 7C 64 00 67 46 50 46 
R07:11:12   00 3A AE 25 0D F1 05 1A 7D 64 00 34 33 8B 42 00 3A AE 25 0D F1 05 1A 7E 64 00 33 0B 51 46 00 3A 
R07:11:12   AE 25 0D F1 05 1A 7F 64 00 67 66 4E 42 00 3A AE 25 0D F1 05 1A 80 64 00 CD CC 44 42 00 3A AE 25 
R07:11:12   0D F1 05 1A 
R07:11:12   68 4A 8E 66 1C 07 CE 08 25 00 3F 06 81 64 00 A0 AF 48 4A 00 82 64 00 CC 6C 38 46 00 83 64 00 9A 
R07:11:12   31 2A 46 00 84 64 00 19 83 F0 47 00 85 64 00 CC 4C 8A 43 00 86 64 00 66 B6 F0 47 00 87 64 00 34 
R07:11:12   B3 63 44 00 88 64 00 34 33 CD 42 00 
R07:11:13   68 82 90 66 1C 07 CF 08 25 00 3F 06 89 64 00 B5 AD 48 4A 00 00 00 00 07 AC 06 1A 8A 64 00 CC 6C 
R07:11:13   38 46 00 00 00 00 07 AC 06 1A 8B 64 00 9A 31 2A 46 00 00 00 00 07 AC 06 1A 8C 64 00 CD 7F F0 47 
R07:11:13   00 00 00 00 07 AC 06 1A 8D 64 00 CC 4C 8A 43 00 00 00 00 07 AC 06 1A 8E 64 00 19 B3 F0 47 00 00 
R07:11:13   00 00 07 AC 06 1A 8F 64 00 34 B3 63 44 00 00 00 00 07 AC 06 1A 90 64 00 34 33 CD 42 00 00 00 00 
R07:11:13   07 AC 06 1A 
R07:11:13   68 82 92 66 1C 07 CF 08 25 00 3F 06 91 64 00 AE 6C 48 4A 00 00 00 00 00 AC 06 1A 92 64 00 CC 6C 
R07:11:13   38 46 00 00 00 00 00 AC 06 1A 93 64 00 9A 31 2A 46 00 00 00 00 00 AC 06 1A 94 64 00 B3 3E F0 47 
R07:11:13   00 00 00 00 00 AC 06 1A 95 64 00 CC 4C 8A 43 00 00 00 00 00 AC 06 1A 96 64 00 00 72 F0 47 00 00 
R07:11:13   00 00 00 AC 06 1A 97 64 00 34 B3 63 44 00 00 00 00 00 AC 06 1A 98 64 00 34 33 CD 42 00 00 00 00 
R07:11:13   00 AC 06 1A 
S07:11:13   68 04 01 00 94 66 
R07:11:14   68 82 94 66 1C 07 CF 08 25 00 3F 06 99 64 00 2B C0 DB 49 00 BB 6F 25 0B 6F 04 1A 9A 64 00 00 00 
R07:11:14   99 44 00 BB 6F 25 0B 6F 04 1A 9B 64 00 9A 99 9C 43 00 BB 6F 25 0B 6F 04 1A 9C 64 00 CC 8A AC 47 
R07:11:14   00 BB 6F 25 0B 6F 04 1A 9D 64 00 66 66 89 43 00 BB 6F 25 0B 6F 04 1A 9E 64 00 19 BE AC 47 00 BB 
R07:11:14   6F 25 0B 6F 04 1A 9F 64 00 34 B3 63 44 00 BB 6F 25 0B 6F 04 1A A0 64 00 34 33 CD 42 00 BB 6F 25 
R07:11:14   0B 6F 04 1A 
R07:11:14   68 4A 96 66 1C 07 CE 08 25 00 3F 06 A1 64 00 33 73 4C 44 00 A2 64 00 C0 F7 69 48 00 A3 64 00 98 
R07:11:14   99 CF 42 00 A4 64 00 66 26 AE 44 00 A5 64 00 15 9B 79 4A 00 A6 64 00 34 5B F9 45 00 A7 64 00 CD 
R07:11:14   DD 69 48 00 A8 64 00 9A D1 CD 45 00 
R07:11:15   68 82 98 66 1C 07 CF 08 25 00 3F 06 A9 64 00 33 73 4C 44 00 00 00 00 07 AC 06 1A AA 64 00 4D F4 
R07:11:15   69 48 00 00 00 00 07 AC 06 1A AB 64 00 98 99 CF 42 00 00 00 00 07 AC 06 1A AC 64 00 66 26 AE 44 
R07:11:15   00 00 00 00 07 AC 06 1A AD 64 00 A5 98 79 4A 00 00 00 00 07 AC 06 1A AE 64 00 34 5B F9 45 00 00 
R07:11:15   00 00 07 AC 06 1A AF 64 00 5A DA 69 48 00 00 00 00 07 AC 06 1A B0 64 00 9A D1 CD 45 00 00 00 00 
R07:11:15   07 AC 06 1A 
R07:11:15   68 82 9A 66 1C 07 CF 08 25 00 3F 06 B1 64 00 33 73 4C 44 00 00 00 00 00 AC 06 1A B2 64 00 27 8B 
R07:11:15   69 48 00 00 00 00 00 AC 06 1A B3 64 00 98 99 CF 42 00 00 00 00 00 AC 06 1A B4 64 00 66 26 AE 44 
R07:11:15   00 00 00 00 00 AC 06 1A B5 64 00 CB 37 79 4A 00 00 00 00 00 AC 06 1A B6 64 00 34 5B F9 45 00 00 
R07:11:15   00 00 00 AC 06 1A B7 64 00 34 71 69 48 00 00 00 00 00 AC 06 1A B8 64 00 9A D1 CD 45 00 00 00 00 
R07:11:15   00 AC 06 1A 
S07:11:15   68 04 01 00 9C 66 
R07:11:16   68 82 9C 66 1C 07 CF 08 25 00 3F 06 B9 64 00 33 73 4C 44 00 7A 6D 25 0B 6F 04 1A BA 64 00 00 A3 
R07:11:16   1E 48 00 7A 6D 25 0B 6F 04 1A BB 64 00 98 99 CF 42 00 7A 6D 25 0B 6F 04 1A BC 64 00 66 26 AE 44 
R07:11:16   00 7A 6D 25 0B 6F 04 1A BD 64 00 7A F6 0A 4A 00 7A 6D 25 0B 6F 04 1A BE 64 00 CC 0C BB 44 00 7A 
R07:11:16   6D 25 0B 6F 04 1A BF 64 00 0D 89 1E 48 00 7A 6D 25 0B 6F 04 1A C0 64 00 67 66 CE 42 00 7A 6D 25 
R07:11:16   0B 6F 04 1A 
R07:11:16   68 0E 9E 66 1C 07 65 01 0A 00 3F 06 00 00 00 05 
S07:11:16   68 14 1C 07 A0 66 67 01 06 00 3F 06 00 00 00 CD 40 0B 07 AC 06 1A 
R07:11:17   68 14 A0 66 1E 07 67 01 07 00 3F 06 00 00 00 CD 40 0B 07 AC 06 1A 
S07:11:26   68 04 01 00 A2 66 
S07:11:42   68 04 43 00 00 00 
R07:11:42   68 04 83 00 00 00 
S07:11:58   68 04 43 00 00 00 
R07:11:58   68 04 83 00 00 00 
S07:12:14   68 04 43 00 00 00 
R07:12:14   68 04 83 00 00 00 
S07:12:30   68 04 43 00 00 00 
R07:12:30   68 04 83 00 00 00 
S07:12:46   68 04 43 00 00 00 
R07:12:46   68 04 83 00 00 00 
S07:13:02   68 04 43 00 00 00 
R07:13:02   68 04 83 00 00 00 
S07:13:18   68 04 43 00 00 00 
R07:13:18   68 04 83 00 00 00 
R07:13:32   68 22 A2 66 1E 07 0D 03 03 00 3F 06 0E 40 00 00 00 00 00 00 0F 40 00 00 00 00 00 00 13 40 00 00 
R07:13:32   00 00 00 00 
S07:13:32   68 04 01 00 A4 66 
R07:13:33   68 12 A4 66 1E 07 0D 01 03 00 3F 06 0D 40 00 00 00 00 00 00 
S07:13:43   68 04 01 00 A6 66 
S07:13:59   68 04 43 00 00 00 
R07:13:59   68 04 83 00 00 00 
S07:14:15   68 04 43 00 00 00 
R07:14:15   68 04 83 00 00 00 
S07:14:31   68 04 43 00 00 00 
R07:14:31   68 04 83 00 00 00 
R07:14:32   68 12 A6 66 1E 07 0D 01 03 00 3F 06 39 40 00 A8 C6 3B 42 00 
S07:14:32   68 04 01 00 A8 66 
S07:14:48   68 04 43 00 00 00 
R07:14:48   68 04 83 00 00 00 
S07:15:04   68 04 43 00 00 00 
R07:15:04   68 04 83 00 00 00 
S07:15:20   68 04 43 00 00 00 
R07:15:20   68 04 83 00 00 00 
S07:15:36   68 04 43 00 00 00 
R07:15:36   68 04 83 00 00 00 
S07:15:52   68 04 43 00 00 00 
R07:15:52   68 04 83 00 00 00 
S07:16:08   68 04 43 00 00 00 
R07:16:08   68 04 83 00 00 00 
S07:16:24   68 04 43 00 00 00 
R07:16:25   68 04 83 00 00 00 
S07:16:41   68 04 43 00 00 00 
R07:16:42   68 04 83 00 00 00 
R07:16:48   68 12 A8 66 1E 07 0D 01 03 00 3F 06 3B 40 00 CF F7 3B 42 00 
S07:16:48   68 04 01 00 AA 66 
S07:17:04   68 04 43 00 00 00 
R07:17:04   68 04 83 00 00 00 
S07:17:20   68 04 43 00 00 00 
R07:17:20   68 04 83 00 00 00 
S07:17:36   68 04 43 00 00 00 
R07:17:37   68 04 83 00 00 00 
S07:17:53   68 04 43 00 00 00 
R07:17:53   68 04 83 00 00 00 
S07:18:09   68 04 43 00 00 00 
R07:18:09   68 04 83 00 00 00 
S07:18:25   68 04 43 00 00 00 
R07:18:26   68 04 83 00 00 00 
S07:18:42   68 04 43 00 00 00 
R07:18:43   68 04 83 00 00 00 
R07:18:54   68 12 AA 66 1E 07 0D 01 03 00 3F 06 3A 40 00 3C DF 2F 42 00 
S07:18:54   68 04 01 00 AC 66 
S07:19:10   68 04 43 00 00 00 
R07:19:11   68 04 83 00 00 00 
S07:19:27   68 04 43 00 00 00 
R07:19:28   68 04 83 00 00 00 
S07:19:44   68 04 43 00 00 00 
R07:19:45   68 04 83 00 00 00 
S07:20:01   68 04 43 00 00 00 
R07:20:02   68 04 83 00 00 00 
S07:20:18   68 04 43 00 00 00 
R07:20:19   68 04 83 00 00 00 
S07:20:35   68 04 43 00 00 00 
R07:20:36   68 04 83 00 00 00 
S07:20:52   68 04 43 00 00 00 
R07:20:53   68 04 83 00 00 00 
S07:21:09   68 04 43 00 00 00 
R07:21:10   68 04 83 00 00 00 
S07:21:26   68 04 43 00 00 00 
R07:21:27   68 04 83 00 00 00 
S07:21:43   68 04 43 00 00 00 
R07:21:43   68 04 83 00 00 00 
S07:21:59   68 04 43 00 00 00 
R07:21:59   68 04 83 00 00 00 
S07:22:15   68 04 43 00 00 00 
R07:22:15   68 04 83 00 00 00 
S07:22:31   68 04 43 00 00 00 
R07:22:31   68 04 83 00 00 00 
S07:22:47   68 04 43 00 00 00 
R07:22:47   68 04 83 00 00 00 
S07:23:03   68 04 43 00 00 00 
R07:23:03   68 04 83 00 00 00 
S07:23:19   68 04 43 00 00 00 
R07:23:19   68 04 83 00 00 00 
S07:23:35   68 04 43 00 00 00 
R07:23:35   68 04 83 00 00 00 
S07:23:51   68 04 43 00 00 00 
R07:23:51   68 04 83 00 00 00 
S07:24:07   68 04 43 00 00 00 
R07:24:07   68 04 83 00 00 00 
S07:24:23   68 04 43 00 00 00 
R07:24:23   68 04 83 00 00 00 
S07:24:39   68 04 43 00 00 00 
R07:24:39   68 04 83 00 00 00 
S07:24:55   68 04 43 00 00 00 
R07:24:55   68 04 83 00 00 00 
S07:25:11   68 04 43 00 00 00 
R07:25:11   68 04 83 00 00 00 
S07:25:27   68 04 43 00 00 00 
R07:25:27   68 04 83 00 00 00 
S07:25:43   68 04 43 00 00 00 
R07:25:43   68 04 83 00 00 00 
S07:25:59   68 04 43 00 00 00 
S07:25:59   68 0E 1E 07 AC 66 64 01 06 00 3F 06 00 00 00 14 
R07:25:59   68 04 83 00 00 00 
R07:25:59   68 0E AC 66 20 07 64 01 07 00 3F 06 00 00 00 14 
S07:25:59   68 04 01 00 AE 66 
R07:26:00   68 E6 AE 66 20 07 01 37 14 00 3F 06 01 00 00 00 02 00 00 00 03 00 00 00 04 00 00 00 05 00 00 00 
R07:26:00   06 00 00 00 07 00 00 01 08 00 00 00 09 00 00 00 0A 00 00 00 0B 00 00 00 0C 00 00 00 0D 00 00 00 
R07:26:00   0E 00 00 00 0F 00 00 00 10 00 00 00 11 00 00 00 12 00 00 00 13 00 00 00 14 00 00 00 15 00 00 00 
R07:26:00   16 00 00 00 17 00 00 00 18 00 00 00 19 00 00 00 1A 00 00 01 1B 00 00 01 1C 00 00 00 1D 00 00 01 
R07:26:00   1E 00 00 01 1F 00 00 01 20 00 00 00 21 00 00 00 22 00 00 00 23 00 00 00 24 00 00 00 25 00 00 00 
R07:26:00   26 00 00 00 27 00 00 00 28 00 00 00 29 00 00 01 2A 00 00 00 2B 00 00 00 2C 00 00 00 2D 00 00 00 
R07:26:00   2E 00 00 00 2F 00 00 00 30 00 00 00 31 00 00 00 32 00 00 00 33 00 00 00 34 00 00 00 35 00 00 00 
R07:26:00   36 00 00 00 37 00 00 00 
R07:26:00   68 D2 B0 66 20 07 01 32 14 00 3F 06 38 00 00 00 39 00 00 00 3A 00 00 00 3B 00 00 01 3C 00 00 00 
R07:26:00   3D 00 00 00 3E 00 00 01 3F 00 00 01 40 00 00 00 41 00 00 00 42 00 00 01 43 00 00 00 44 00 00 00 
R07:26:00   45 00 00 00 46 00 00 00 47 00 00 00 48 00 00 00 49 00 00 00 4A 00 00 01 4B 00 00 00 4C 00 00 00 
R07:26:00   4D 00 00 00 4E 00 00 00 4F 00 00 00 50 00 00 00 51 00 00 00 52 00 00 00 53 00 00 00 54 00 00 00 
R07:26:00   55 00 00 00 56 00 00 00 57 00 00 00 58 00 00 00 59 00 00 00 5A 00 00 00 5B 00 00 00 5C 00 00 01 
R07:26:00   5D 00 00 00 5E 00 00 00 5F 00 00 01 60 00 00 01 61 00 00 00 62 00 00 00 63 00 00 01 64 00 00 00 
R07:26:00   65 00 00 00 66 00 00 00 67 00 00 00 68 00 00 00 69 00 00 00 
R07:26:01   68 E6 B2 66 20 07 01 37 14 00 3F 06 69 00 00 00 6A 00 00 01 6B 00 00 00 6C 00 00 00 6D 00 00 00 
R07:26:01   6E 00 00 00 6F 00 00 00 70 00 00 00 71 00 00 00 72 00 00 00 73 00 00 00 74 00 00 00 75 00 00 00 
R07:26:01   76 00 00 00 77 00 00 00 78 00 00 00 79 00 00 00 7A 00 00 00 7B 00 00 00 7C 00 00 00 7D 00 00 01 
R07:26:01   7E 00 00 01 7F 00 00 00 80 00 00 01 81 00 00 01 82 00 00 01 83 00 00 00 84 00 00 00 85 00 00 00 
R07:26:01   86 00 00 00 87 00 00 00 88 00 00 00 89 00 00 00 8A 00 00 00 8B 00 00 01 8C 00 00 00 8D 00 00 00 
R07:26:01   8E 00 00 00 8F 00 00 00 90 00 00 00 91 00 00 00 92 00 00 00 93 00 00 00 94 00 00 00 95 00 00 00 
R07:26:01   96 00 00 00 97 00 00 00 98 00 00 00 99 00 00 00 9A 00 00 00 9B 00 00 00 9C 00 00 00 9D 00 00 00 
R07:26:01   9E 00 00 01 9F 00 00 00 
R07:26:01   68 A6 B4 66 20 07 01 27 14 00 3F 06 A0 00 00 00 A1 00 00 01 A2 00 00 01 A3 00 00 01 A4 00 00 00 
R07:26:01   A5 00 00 00 A6 00 00 00 A7 00 00 00 A8 00 00 00 A9 00 00 00 AA 00 00 00 AB 00 00 00 AC 00 00 01 
R07:26:01   AD 00 00 00 AE 00 00 00 AF 00 00 00 B0 00 00 00 B1 00 00 00 B2 00 00 00 B3 00 00 00 B4 00 00 00 
R07:26:01   B5 00 00 00 B6 00 00 00 B7 00 00 00 B8 00 00 00 B9 00 00 00 BA 00 00 00 BB 00 00 00 BC 00 00 00 
R07:26:01   BD 00 00 00 BE 00 00 00 BF 00 00 01 C0 00 00 00 C1 00 00 00 C2 00 00 01 C3 00 00 01 C4 00 00 01 
R07:26:01   C5 00 00 00 C6 00 00 00 
S07:26:01   68 04 01 00 B6 66 
R07:26:02   68 EA B6 66 20 07 0D 1C 14 00 3F 06 01 40 00 00 00 65 43 00 02 40 00 33 33 54 42 00 03 40 00 3E 
R07:26:02   0A 27 41 00 04 40 00 00 00 00 00 00 05 40 00 EE 7C 27 41 00 06 40 00 00 00 00 00 00 07 40 00 9E 
R07:26:02   EF 47 42 00 08 40 00 00 00 00 00 00 09 40 00 00 00 00 00 00 0A 40 00 00 00 00 00 00 0B 40 00 00 
R07:26:02   00 00 00 00 0C 40 00 00 00 00 00 00 0D 40 00 00 00 00 00 00 0E 40 00 00 00 00 00 00 0F 40 00 00 
R07:26:02   00 00 00 00 10 40 00 00 00 00 00 00 11 40 00 00 00 00 00 00 12 40 00 00 00 00 00 00 13 40 00 00 
R07:26:02   00 00 00 00 14 40 00 00 00 00 00 00 15 40 00 00 00 00 00 00 16 40 00 00 00 00 00 00 17 40 00 00 
R07:26:02   00 00 00 00 18 40 00 00 00 00 00 00 19 40 00 00 00 00 00 00 1A 40 00 00 00 00 00 00 1B 40 00 00 
R07:26:02   00 00 00 00 1C 40 00 00 00 00 00 00 
R07:26:02   68 6A B8 66 20 07 0D 0C 14 00 3F 06 1D 40 00 00 00 00 00 00 1E 40 00 00 00 00 00 00 1F 40 00 00 
R07:26:02   00 00 00 00 20 40 00 00 00 00 00 00 21 40 00 00 00 00 00 00 22 40 00 00 00 00 00 00 23 40 00 00 
R07:26:02   00 00 00 00 24 40 00 00 00 00 00 00 25 40 00 00 00 00 00 00 26 40 00 00 00 00 00 00 27 40 00 00 
R07:26:02   00 00 00 00 28 40 00 00 00 00 00 00 
R07:26:03   68 EA BA 66 20 07 0D 1C 14 00 3F 06 29 40 00 00 00 00 00 00 2A 40 00 00 00 00 00 00 2B 40 00 00 
R07:26:03   00 00 00 00 2C 40 00 00 00 00 00 00 2D 40 00 00 00 00 00 00 2E 40 00 00 00 00 00 00 2F 40 00 00 
R07:26:03   00 00 00 00 30 40 00 00 00 00 00 00 31 40 00 00 00 00 00 00 32 40 00 00 00 00 00 00 33 40 00 00 
R07:26:03   00 00 00 00 34 40 00 00 00 00 00 00 35 40 00 00 00 00 00 00 36 40 00 00 00 00 00 00 37 40 00 00 
R07:26:03   00 00 00 00 38 40 00 00 00 00 00 00 39 40 00 42 60 2D 42 00 3A 40 00 37 89 23 42 00 3B 40 00 A8 
R07:26:03   C6 29 42 00 3C 40 00 00 00 00 00 00 3D 40 00 AE 87 3E 44 00 3E 40 00 E2 7A 4C C2 00 3F 40 00 64 
R07:26:03   3B 7F 3F 00 40 40 00 00 00 00 00 00 41 40 00 00 00 00 00 00 42 40 00 00 00 00 00 00 43 40 00 00 
R07:26:03   00 00 00 00 44 40 00 8B 6C 45 42 00 
R07:26:03   68 3A BC 66 20 07 0D 06 14 00 3F 06 45 40 00 2E B2 3D 42 00 46 40 00 83 C0 44 42 00 47 40 00 00 
R07:26:03   00 00 00 00 48 40 00 48 A1 5B C4 00 49 40 00 8F C2 95 42 00 4A 40 00 DB F9 7E BF 00 
S07:26:03   68 04 01 00 BE 66 
R07:26:04   68 0E BE 66 20 07 64 01 0A 00 3F 06 00 00 00 14 
S07:26:04   68 0E 20 07 C0 66 65 01 06 00 3F 06 00 00 00 05 
R07:26:05   68 0E C0 66 22 07 65 01 07 00 3F 06 00 00 00 05 
R07:26:05   68 4A C2 66 22 07 CE 08 25 00 3F 06 01 64 00 BA 43 1C 49 00 02 64 00 66 66 03 44 00 03 64 00 67 
R07:26:05   66 FE 43 00 04 64 00 34 F6 F4 47 00 05 64 00 00 00 AE 42 00 06 64 00 B3 18 F5 47 00 07 64 00 66 
R07:26:05   66 86 41 00 08 64 00 00 00 8A 42 00 
R07:26:06   68 82 C4 66 22 07 CF 08 25 00 3F 06 09 64 00 E6 42 1C 49 00 00 00 0F 07 AC 06 1A 0A 64 00 66 66 
R07:26:06   03 44 00 00 00 0F 07 AC 06 1A 0B 64 00 67 66 FE 43 00 00 00 0F 07 AC 06 1A 0C 64 00 80 F3 F4 47 
R07:26:06   00 00 00 0F 07 AC 06 1A 0D 64 00 00 00 AE 42 00 00 00 0F 07 AC 06 1A 0E 64 00 00 16 F5 47 00 00 
R07:26:06   00 0F 07 AC 06 1A 0F 64 00 66 66 86 41 00 00 00 0F 07 AC 06 1A 10 64 00 00 00 8A 42 00 00 00 0F 
R07:26:06   07 AC 06 1A 
S07:26:06   68 04 01 00 C6 66 
R07:26:06   68 82 C6 66 22 07 CF 08 25 00 3F 06 11 64 00 39 D0 1B 49 00 00 00 00 00 AC 06 1A 12 64 00 66 66 
R07:26:06   03 44 00 00 00 00 00 AC 06 1A 13 64 00 67 66 FE 43 00 00 00 00 00 AC 06 1A 14 64 00 66 55 F4 47 
R07:26:06   00 00 00 00 00 AC 06 1A 15 64 00 00 00 AE 42 00 00 00 00 00 AC 06 1A 16 64 00 E7 77 F4 47 00 00 
R07:26:06   00 00 00 AC 06 1A 17 64 00 66 66 86 41 00 00 00 00 00 AC 06 1A 18 64 00 00 00 8A 42 00 00 00 00 
R07:26:06   00 AC 06 1A 
R07:26:07   68 82 C8 66 22 07 CF 08 25 00 3F 06 19 64 00 00 00 00 00 00 00 00 00 00 AC 06 1A 1A 64 00 00 00 
R07:26:07   00 00 00 00 00 00 00 AC 06 1A 1B 64 00 00 00 00 00 00 00 00 00 00 AC 06 1A 1C 64 00 00 00 00 00 
R07:26:07   00 00 00 00 00 AC 06 1A 1D 64 00 00 00 00 00 00 00 00 00 00 AC 06 1A 1E 64 00 00 00 00 00 00 00 
R07:26:07   00 00 00 AC 06 1A 1F 64 00 00 00 00 00 00 00 00 00 00 AC 06 1A 20 64 00 00 00 00 00 00 00 00 00 
R07:26:07   00 AC 06 1A 
R07:26:07   68 4A CA 66 22 07 CE 08 25 00 3F 06 21 64 00 CC CC 41 43 00 22 64 00 34 33 0B 43 00 23 64 00 66 
R07:26:07   66 AA 42 00 24 64 00 CD CC EE 42 00 25 64 00 CD CC C4 42 00 26 64 00 CC CC 29 43 00 27 64 00 FF 
R07:26:07   FF 57 42 00 28 64 00 99 99 49 42 00 
R07:26:07   68 82 CC 66 22 07 CF 08 25 00 3F 06 29 64 00 CC CC 41 43 00 00 00 0F 07 AC 06 1A 2A 64 00 34 33 
R07:26:07   0B 43 00 00 00 0F 07 AC 06 1A 2B 64 00 66 66 AA 42 00 00 00 0F 07 AC 06 1A 2C 64 00 CD CC EE 42 
R07:26:07   00 00 00 0F 07 AC 06 1A 2D 64 00 CD CC C4 42 00 00 00 0F 07 AC 06 1A 2E 64 00 CC CC 29 43 00 00 
R07:26:07   00 0F 07 AC 06 1A 2F 64 00 FF FF 57 42 00 00 00 0F 07 AC 06 1A 30 64 00 99 99 49 42 00 00 00 0F 
R07:26:07   07 AC 06 1A 
S07:26:07   68 04 01 00 CE 66 
R07:26:08   68 82 CE 66 22 07 CF 08 25 00 3F 06 31 64 00 CC CC 41 43 00 00 00 00 00 AC 06 1A 32 64 00 34 33 
R07:26:08   0B 43 00 00 00 00 00 AC 06 1A 33 64 00 66 66 AA 42 00 00 00 00 00 AC 06 1A 34 64 00 CD CC EE 42 
R07:26:08   00 00 00 00 00 AC 06 1A 35 64 00 CD CC C4 42 00 00 00 00 00 AC 06 1A 36 64 00 CC CC 29 43 00 00 
R07:26:08   00 00 00 AC 06 1A 37 64 00 FF FF 57 42 00 00 00 00 00 AC 06 1A 38 64 00 99 99 49 42 00 00 00 00 
R07:26:08   00 AC 06 1A 
R07:26:08   68 82 D0 66 22 07 CF 08 25 00 3F 06 39 64 00 00 00 00 00 00 00 00 00 00 AC 06 1A 3A 64 00 00 00 
R07:26:08   00 00 00 00 00 00 00 AC 06 1A 3B 64 00 00 00 00 00 00 00 00 00 00 AC 06 1A 3C 64 00 00 00 00 00 
R07:26:08   00 00 00 00 00 AC 06 1A 3D 64 00 00 00 00 00 00 00 00 00 00 AC 06 1A 3E 64 00 00 00 00 00 00 00 
R07:26:08   00 00 00 AC 06 1A 3F 64 00 00 00 00 00 00 00 00 00 00 AC 06 1A 40 64 00 00 00 00 00 00 00 00 00 
R07:26:08   00 AC 06 1A 
R07:26:09   68 4A D2 66 22 07 CE 08 25 00 3F 06 41 64 00 CC CC 5F 43 00 42 64 00 33 33 47 43 00 43 64 00 9A 
R07:26:09   99 22 43 00 44 64 00 CC CC 74 42 00 45 64 00 00 00 A8 42 00 46 64 00 00 00 F6 42 00 47 64 00 66 
R07:26:09   66 12 42 00 48 64 00 34 33 77 42 00 
R07:26:09   68 82 D4 66 22 07 CF 08 25 00 3F 06 49 64 00 CC CC 5F 43 00 00 00 0F 07 AC 06 1A 4A 64 00 33 33 
R07:26:09   47 43 00 00 00 0F 07 AC 06 1A 4B 64 00 9A 99 22 43 00 00 00 0F 07 AC 06 1A 4C 64 00 CC CC 74 42 
R07:26:09   00 00 00 0F 07 AC 06 1A 4D 64 00 00 00 A8 42 00 00 00 0F 07 AC 06 1A 4E 64 00 00 00 F6 42 00 00 
R07:26:09   00 0F 07 AC 06 1A 4F 64 00 66 66 12 42 00 00 00 0F 07 AC 06 1A 50 64 00 34 33 77 42 00 00 00 0F 
R07:26:09   07 AC 06 1A 
S07:26:09   68 04 01 00 D6 66 
R07:26:10   68 82 D6 66 22 07 CF 08 25 00 3F 06 51 64 00 CC CC 5F 43 00 00 00 00 00 AC 06 1A 52 64 00 33 33 
R07:26:10   47 43 00 00 00 00 00 AC 06 1A 53 64 00 9A 99 22 43 00 00 00 00 00 AC 06 1A 54 64 00 CC CC 74 42 
R07:26:10   00 00 00 00 00 AC 06 1A 55 64 00 00 00 A8 42 00 00 00 00 00 AC 06 1A 56 64 00 00 00 F6 42 00 00 
R07:26:10   00 00 00 AC 06 1A 57 64 00 66 66 12 42 00 00 00 00 00 AC 06 1A 58 64 00 34 33 77 42 00 00 00 00 
R07:26:10   00 AC 06 1A 
R07:26:10   68 82 D8 66 22 07 CF 08 25 00 3F 06 59 64 00 00 00 00 00 00 00 00 00 00 AC 06 1A 5A 64 00 00 00 
R07:26:10   00 00 00 00 00 00 00 AC 06 1A 5B 64 00 00 00 00 00 00 00 00 00 00 AC 06 1A 5C 64 00 00 00 00 00 
R07:26:10   00 00 00 00 00 AC 06 1A 5D 64 00 00 00 00 00 00 00 00 00 00 AC 06 1A 5E 64 00 00 00 00 00 00 00 
R07:26:10   00 00 00 AC 06 1A 5F 64 00 00 00 00 00 00 00 00 00 00 AC 06 1A 60 64 00 00 00 00 00 00 00 00 00 
R07:26:10   00 AC 06 1A 
R07:26:11   68 4A DA 66 22 07 CE 08 25 00 3F 06 61 64 00 26 D1 0B 48 00 62 64 00 66 66 18 43 00 63 64 00 99 
R07:26:11   99 C9 42 00 64 64 00 CC 10 70 46 00 65 64 00 34 33 8B 42 00 66 64 00 00 D8 70 46 00 67 64 00 67 
R07:26:11   66 4E 42 00 68 64 00 33 33 47 42 00 
S07:26:11   68 04 01 00 DC 66 
R07:26:11   68 82 DC 66 22 07 CF 08 25 00 3F 06 69 64 00 A6 CF 0B 48 00 00 00 0F 07 AC 06 1A 6A 64 00 66 66 
R07:26:11   18 43 00 00 00 0F 07 AC 06 1A 6B 64 00 99 99 C9 42 00 00 00 0F 07 AC 06 1A 6C 64 00 67 0E 70 46 
R07:26:11   00 00 00 0F 07 AC 06 1A 6D 64 00 34 33 8B 42 00 00 00 0F 07 AC 06 1A 6E 64 00 99 D5 70 46 00 00 
R07:26:11   00 0F 07 AC 06 1A 6F 64 00 67 66 4E 42 00 00 00 0F 07 AC 06 1A 70 64 00 33 33 47 42 00 00 00 0F 
R07:26:11   07 AC 06 1A 
R07:26:12   68 82 DE 66 22 07 CF 08 25 00 3F 06 71 64 00 8C 9A 0B 48 00 00 00 00 00 AC 06 1A 72 64 00 66 66 
R07:26:12   18 43 00 00 00 00 00 AC 06 1A 73 64 00 99 99 C9 42 00 00 00 00 00 AC 06 1A 74 64 00 00 A0 6F 46 
R07:26:12   00 00 00 00 00 AC 06 1A 75 64 00 34 33 8B 42 00 00 00 00 00 AC 06 1A 76 64 00 34 67 70 46 00 00 
R07:26:12   00 00 00 AC 06 1A 77 64 00 67 66 4E 42 00 00 00 00 00 AC 06 1A 78 64 00 33 33 47 42 00 00 00 00 
R07:26:12   00 AC 06 1A 
R07:26:12   68 82 E0 66 22 07 CF 08 25 00 3F 06 79 64 00 FF 44 DE 47 00 3A AE 25 0D F1 05 1A 7A 64 00 66 66 
R07:26:12   18 43 00 3A AE 25 0D F1 05 1A 7B 64 00 99 99 C9 42 00 3A AE 25 0D F1 05 1A 7C 64 00 67 46 50 46 
R07:26:12   00 3A AE 25 0D F1 05 1A 7D 64 00 34 33 8B 42 00 3A AE 25 0D F1 05 1A 7E 64 00 33 0B 51 46 00 3A 
R07:26:12   AE 25 0D F1 05 1A 7F 64 00 67 66 4E 42 00 3A AE 25 0D F1 05 1A 80 64 00 CD CC 44 42 00 3A AE 25 
R07:26:12   0D F1 05 1A 
R07:26:12   68 4A E2 66 22 07 CE 08 25 00 3F 06 81 64 00 B1 B2 48 4A 00 82 64 00 CC 6C 38 46 00 83 64 00 9A 
R07:26:12   31 2A 46 00 84 64 00 E7 87 F0 47 00 85 64 00 CC 4C 8A 43 00 86 64 00 33 BB F0 47 00 87 64 00 34 
R07:26:12   B3 63 44 00 88 64 00 34 33 CD 42 00 
S07:26:12   68 04 01 00 E4 66 
R07:26:13   68 82 E4 66 22 07 CF 08 25 00 3F 06 89 64 00 83 B0 48 4A 00 00 00 0F 07 AC 06 1A 8A 64 00 CC 6C 
R07:26:13   38 46 00 00 00 0F 07 AC 06 1A 8B 64 00 9A 31 2A 46 00 00 00 0F 07 AC 06 1A 8C 64 00 4C 84 F0 47 
R07:26:13   00 00 00 0F 07 AC 06 1A 8D 64 00 CC 4C 8A 43 00 00 00 0F 07 AC 06 1A 8E 64 00 99 B7 F0 47 00 00 
R07:26:13   00 0F 07 AC 06 1A 8F 64 00 34 B3 63 44 00 00 00 0F 07 AC 06 1A 90 64 00 34 33 CD 42 00 00 00 0F 
R07:26:13   07 AC 06 1A 
R07:26:13   68 82 E6 66 22 07 CF 08 25 00 3F 06 91 64 00 AE 6C 48 4A 00 00 00 00 00 AC 06 1A 92 64 00 CC 6C 
R07:26:13   38 46 00 00 00 00 00 AC 06 1A 93 64 00 9A 31 2A 46 00 00 00 00 00 AC 06 1A 94 64 00 B3 3E F0 47 
R07:26:13   00 00 00 00 00 AC 06 1A 95 64 00 CC 4C 8A 43 00 00 00 00 00 AC 06 1A 96 64 00 00 72 F0 47 00 00 
R07:26:13   00 00 00 AC 06 1A 97 64 00 34 B3 63 44 00 00 00 00 00 AC 06 1A 98 64 00 34 33 CD 42 00 00 00 00 
R07:26:13   00 AC 06 1A 
R07:26:14   68 82 E8 66 22 07 CF 08 25 00 3F 06 99 64 00 2B C0 DB 49 00 BB 6F 25 0B 6F 04 1A 9A 64 00 00 00 
R07:26:14   99 44 00 BB 6F 25 0B 6F 04 1A 9B 64 00 9A 99 9C 43 00 BB 6F 25 0B 6F 04 1A 9C 64 00 CC 8A AC 47 
R07:26:14   00 BB 6F 25 0B 6F 04 1A 9D 64 00 66 66 89 43 00 BB 6F 25 0B 6F 04 1A 9E 64 00 19 BE AC 47 00 BB 
R07:26:14   6F 25 0B 6F 04 1A 9F 64 00 34 B3 63 44 00 BB 6F 25 0B 6F 04 1A A0 64 00 34 33 CD 42 00 BB 6F 25 
R07:26:14   0B 6F 04 1A 
R07:26:14   68 4A EA 66 22 07 CE 08 25 00 3F 06 A1 64 00 33 73 4C 44 00 A2 64 00 19 FC 69 48 00 A3 64 00 98 
R07:26:14   99 CF 42 00 A4 64 00 66 26 AE 44 00 A5 64 00 A4 9E 79 4A 00 A6 64 00 34 5B F9 45 00 A7 64 00 28 
R07:26:14   E2 69 48 00 A8 64 00 9A D1 CD 45 00 
S07:26:14   68 04 01 00 EC 66 
R07:26:15   68 82 EC 66 22 07 CF 08 25 00 3F 06 A9 64 00 33 73 4C 44 00 00 00 0F 07 AC 06 1A AA 64 00 1A F9 
R07:26:15   69 48 00 00 00 0F 07 AC 06 1A AB 64 00 98 99 CF 42 00 00 00 0F 07 AC 06 1A AC 64 00 66 26 AE 44 
R07:26:15   00 00 00 0F 07 AC 06 1A AD 64 00 28 9C 79 4A 00 00 00 0F 07 AC 06 1A AE 64 00 34 5B F9 45 00 00 
R07:26:15   00 0F 07 AC 06 1A AF 64 00 27 DF 69 48 00 00 00 0F 07 AC 06 1A B0 64 00 9A D1 CD 45 00 00 00 0F 
R07:26:15   07 AC 06 1A 
R07:26:15   68 82 EE 66 22 07 CF 08 25 00 3F 06 B1 64 00 33 73 4C 44 00 00 00 00 00 AC 06 1A B2 64 00 27 8B 
R07:26:15   69 48 00 00 00 00 00 AC 06 1A B3 64 00 98 99 CF 42 00 00 00 00 00 AC 06 1A B4 64 00 66 26 AE 44 
R07:26:15   00 00 00 00 00 AC 06 1A B5 64 00 CB 37 79 4A 00 00 00 00 00 AC 06 1A B6 64 00 34 5B F9 45 00 00 
R07:26:15   00 00 00 AC 06 1A B7 64 00 34 71 69 48 00 00 00 00 00 AC 06 1A B8 64 00 9A D1 CD 45 00 00 00 00 
R07:26:15   00 AC 06 1A 
R07:26:15   68 82 F0 66 22 07 CF 08 25 00 3F 06 B9 64 00 33 73 4C 44 00 7A 6D 25 0B 6F 04 1A BA 64 00 00 A3 
R07:26:15   1E 48 00 7A 6D 25 0B 6F 04 1A BB 64 00 98 99 CF 42 00 7A 6D 25 0B 6F 04 1A BC 64 00 66 26 AE 44 
R07:26:15   00 7A 6D 25 0B 6F 04 1A BD 64 00 7A F6 0A 4A 00 7A 6D 25 0B 6F 04 1A BE 64 00 CC 0C BB 44 00 7A 
R07:26:15   6D 25 0B 6F 04 1A BF 64 00 0D 89 1E 48 00 7A 6D 25 0B 6F 04 1A C0 64 00 67 66 CE 42 00 7A 6D 25 
R07:26:15   0B 6F 04 1A 
S07:26:15   68 04 01 00 F2 66 
R07:26:16   68 0E F2 66 22 07 65 01 0A 00 3F 06 00 00 00 05 
S07:26:16   68 14 22 07 F4 66 67 01 06 00 3F 06 00 00 00 E2 40 1A 07 AC 06 1A 
R07:26:17   68 14 F4 66 24 07 67 01 07 00 3F 06 00 00 00 E2 40 1A 07 AC 06 1A 
S07:26:26   68 04 01 00 F6 66 
S07:26:42   68 04 43 00 00 00 
R07:26:42   68 04 83 00 00 00 
S07:26:58   68 04 43 00 00 00 
R07:26:58   68 04 83 00 00 00 
S07:27:14   68 04 43 00 00 00 
R07:27:14   68 04 83 00 00 00 
S07:27:30   68 04 43 00 00 00 
R07:27:30   68 04 83 00 00 00 
S07:27:46   68 04 43 00 00 00 
R07:27:46   68 04 83 00 00 00 
S07:28:02   68 04 43 00 00 00 
R07:28:02   68 04 83 00 00 00 
S07:28:18   68 04 43 00 00 00 
R07:28:18   68 04 83 00 00 00 
S07:28:34   68 04 43 00 00 00 
R07:28:34   68 04 83 00 00 00 
S07:28:50   68 04 43 00 00 00 
R07:28:50   68 04 83 00 00 00 
S07:29:06   68 04 43 00 00 00 
R07:29:06   68 04 83 00 00 00 
S07:29:22   68 04 43 00 00 00 
R07:29:22   68 04 83 00 00 00 
S07:29:38   68 04 43 00 00 00 
R07:29:39   68 04 83 00 00 00 
S07:29:55   68 04 43 00 00 00 
R07:29:56   68 04 83 00 00 00 
S07:30:12   68 04 43 00 00 00 
R07:30:13   68 04 83 00 00 00 
S07:30:29   68 04 43 00 00 00 
R07:30:29   68 04 83 00 00 00 
S07:30:45   68 04 43 00 00 00 
R07:30:46   68 04 83 00 00 00 
S07:31:02   68 04 43 00 00 00 
R07:31:03   68 04 83 00 00 00 
S07:31:19   68 04 43 00 00 00 
R07:31:20   68 04 83 00 00 00 
S07:31:36   68 04 43 00 00 00 
R07:31:37   68 04 83 00 00 00 
S07:31:53   68 04 43 00 00 00 
R07:31:54   68 04 83 00 00 00 
S07:32:10   68 04 43 00 00 00 
R07:32:11   68 04 83 00 00 00 
S07:32:27   68 04 43 00 00 00 
R07:32:28   68 04 83 00 00 00 
S07:32:44   68 04 43 00 00 00 
R07:32:45   68 04 83 00 00 00 
S07:33:01   68 04 43 00 00 00 
R07:33:02   68 04 83 00 00 00 
S07:33:18   68 04 43 00 00 00 
R07:33:19   68 04 83 00 00 00 
S07:33:35   68 04 43 00 00 00 
R07:33:36   68 04 83 00 00 00 
S07:33:52   68 04 43 00 00 00 
R07:33:53   68 04 83 00 00 00 
S07:34:09   68 04 43 00 00 00 
R07:34:10   68 04 83 00 00 00 
S07:34:26   68 04 43 00 00 00 
R07:34:26   68 04 83 00 00 00 
S07:34:42   68 04 43 00 00 00 
R07:34:42   68 04 83 00 00 00 
S07:34:58   68 04 43 00 00 00 
R07:34:58   68 04 83 00 00 00 
S07:35:14   68 04 43 00 00 00 
R07:35:14   68 04 83 00 00 00 
S07:35:30   68 04 43 00 00 00 
R07:35:30   68 04 83 00 00 00 
S07:35:46   68 04 43 00 00 00 
R07:35:46   68 04 83 00 00 00 
S07:36:02   68 04 43 00 00 00 
R07:36:02   68 04 83 00 00 00 
S07:36:18   68 04 43 00 00 00 
R07:36:18   68 04 83 00 00 00 
S07:36:34   68 04 43 00 00 00 
R07:36:34   68 04 83 00 00 00 
S07:36:50   68 04 43 00 00 00 
R07:36:50   68 04 83 00 00 00 
S07:37:06   68 04 43 00 00 00 
R07:37:06   68 04 83 00 00 00 
S07:37:22   68 04 43 00 00 00 
R07:37:22   68 04 83 00 00 00 
S07:37:38   68 04 43 00 00 00 
R07:37:38   68 04 83 00 00 00 
S07:37:54   68 04 43 00 00 00 
R07:37:54   68 04 83 00 00 00 
S07:38:10   68 04 43 00 00 00 
R07:38:10   68 04 83 00 00 00 
S07:38:26   68 04 43 00 00 00 
R07:38:26   68 04 83 00 00 00 
S07:38:42   68 04 43 00 00 00 
R07:38:42   68 04 83 00 00 00 
S07:38:58   68 04 43 00 00 00 
R07:38:58   68 04 83 00 00 00 
S07:39:14   68 04 43 00 00 00 
R07:39:14   68 04 83 00 00 00 
S07:39:30   68 04 43 00 00 00 
R07:39:30   68 04 83 00 00 00 
S07:39:46   68 04 43 00 00 00 
R07:39:47   68 04 83 00 00 00 
S07:40:03   68 04 43 00 00 00 
R07:40:03   68 04 83 00 00 00 
S07:40:19   68 04 43 00 00 00 
R07:40:19   68 04 83 00 00 00 
S07:40:35   68 04 43 00 00 00 
R07:40:35   68 04 83 00 00 00 
S07:40:51   68 04 43 00 00 00 
R07:40:51   68 04 83 00 00 00 
S07:40:59   68 0E 24 07 F6 66 64 01 06 00 3F 06 00 00 00 14 
R07:40:59   68 0E F6 66 26 07 64 01 07 00 3F 06 00 00 00 14 
R07:40:59   68 E6 F8 66 26 07 01 37 14 00 3F 06 01 00 00 00 02 00 00 00 03 00 00 00 04 00 00 00 05 00 00 00 
R07:40:59   06 00 00 00 07 00 00 01 08 00 00 00 09 00 00 00 0A 00 00 00 0B 00 00 00 0C 00 00 00 0D 00 00 00 
R07:40:59   0E 00 00 00 0F 00 00 00 10 00 00 00 11 00 00 00 12 00 00 00 13 00 00 00 14 00 00 00 15 00 00 00 
R07:40:59   16 00 00 00 17 00 00 00 18 00 00 00 19 00 00 00 1A 00 00 01 1B 00 00 01 1C 00 00 00 1D 00 00 01 
R07:40:59   1E 00 00 01 1F 00 00 01 20 00 00 00 21 00 00 00 22 00 00 00 23 00 00 00 24 00 00 00 25 00 00 00 
R07:40:59   26 00 00 00 27 00 00 00 28 00 00 00 29 00 00 01 2A 00 00 00 2B 00 00 00 2C 00 00 00 2D 00 00 00 
R07:40:59   2E 00 00 00 2F 00 00 00 30 00 00 00 31 00 00 00 32 00 00 00 33 00 00 00 34 00 00 00 35 00 00 00 
R07:40:59   36 00 00 00 37 00 00 00 
S07:41:00   68 04 01 00 FA 66 
R07:41:00   68 D2 FA 66 26 07 01 32 14 00 3F 06 38 00 00 00 39 00 00 00 3A 00 00 00 3B 00 00 01 3C 00 00 00 
R07:41:00   3D 00 00 00 3E 00 00 01 3F 00 00 01 40 00 00 00 41 00 00 00 42 00 00 01 43 00 00 00 44 00 00 00 
R07:41:00   45 00 00 00 46 00 00 00 47 00 00 00 48 00 00 00 49 00 00 00 4A 00 00 01 4B 00 00 00 4C 00 00 00 
R07:41:00   4D 00 00 00 4E 00 00 00 4F 00 00 00 50 00 00 00 51 00 00 00 52 00 00 00 53 00 00 00 54 00 00 00 
R07:41:00   55 00 00 00 56 00 00 00 57 00 00 00 58 00 00 00 59 00 00 00 5A 00 00 00 5B 00 00 00 5C 00 00 01 
R07:41:00   5D 00 00 00 5E 00 00 00 5F 00 00 01 60 00 00 01 61 00 00 00 62 00 00 00 63 00 00 01 64 00 00 00 
R07:41:00   65 00 00 00 66 00 00 00 67 00 00 00 68 00 00 00 69 00 00 00 
R07:41:00   68 E6 FC 66 26 07 01 37 14 00 3F 06 69 00 00 00 6A 00 00 01 6B 00 00 00 6C 00 00 00 6D 00 00 00 
R07:41:00   6E 00 00 00 6F 00 00 00 70 00 00 00 71 00 00 00 72 00 00 00 73 00 00 00 74 00 00 00 75 00 00 00 
R07:41:00   76 00 00 00 77 00 00 00 78 00 00 00 79 00 00 00 7A 00 00 00 7B 00 00 00 7C 00 00 00 7D 00 00 01 
R07:41:00   7E 00 00 01 7F 00 00 00 80 00 00 01 81 00 00 01 82 00 00 01 83 00 00 00 84 00 00 00 85 00 00 00 
R07:41:00   86 00 00 00 87 00 00 00 88 00 00 00 89 00 00 00 8A 00 00 00 8B 00 00 01 8C 00 00 00 8D 00 00 00 
R07:41:00   8E 00 00 00 8F 00 00 00 90 00 00 00 91 00 00 00 92 00 00 00 93 00 00 00 94 00 00 00 95 00 00 00 
R07:41:00   96 00 00 00 97 00 00 00 98 00 00 00 99 00 00 00 9A 00 00 00 9B 00 00 00 9C 00 00 00 9D 00 00 00 
R07:41:00   9E 00 00 01 9F 00 00 00 
R07:41:01   68 A6 FE 66 26 07 01 27 14 00 3F 06 A0 00 00 00 A1 00 00 01 A2 00 00 01 A3 00 00 01 A4 00 00 00 
R07:41:01   A5 00 00 00 A6 00 00 00 A7 00 00 00 A8 00 00 00 A9 00 00 00 AA 00 00 00 AB 00 00 00 AC 00 00 01 
R07:41:01   AD 00 00 00 AE 00 00 00 AF 00 00 00 B0 00 00 00 B1 00 00 00 B2 00 00 00 B3 00 00 00 B4 00 00 00 
R07:41:01   B5 00 00 00 B6 00 00 00 B7 00 00 00 B8 00 00 00 B9 00 00 00 BA 00 00 00 BB 00 00 00 BC 00 00 00 
R07:41:01   BD 00 00 00 BE 00 00 00 BF 00 00 01 C0 00 00 00 C1 00 00 00 C2 00 00 01 C3 00 00 01 C4 00 00 01 
R07:41:01   C5 00 00 00 C6 00 00 00 
R07:41:01   68 EA 00 67 26 07 0D 1C 14 00 3F 06 01 40 00 00 00 65 43 00 02 40 00 3D 0A 54 42 00 03 40 00 56 
R07:41:01   0E 27 41 00 04 40 00 00 00 00 00 00 05 40 00 29 5C 27 41 00 06 40 00 00 00 00 00 00 07 40 00 81 
R07:41:01   15 48 42 00 08 40 00 00 00 00 00 00 09 40 00 00 00 00 00 00 0A 40 00 00 00 00 00 00 0B 40 00 00 
R07:41:01   00 00 00 00 0C 40 00 00 00 00 00 00 0D 40 00 00 00 00 00 00 0E 40 00 00 00 00 00 00 0F 40 00 00 
R07:41:01   00 00 00 00 10 40 00 00 00 00 00 00 11 40 00 00 00 00 00 00 12 40 00 00 00 00 00 00 13 40 00 00 
R07:41:01   00 00 00 00 14 40 00 00 00 00 00 00 15 40 00 00 00 00 00 00 16 40 00 00 00 00 00 00 17 40 00 00 
R07:41:01   00 00 00 00 18 40 00 00 00 00 00 00 19 40 00 00 00 00 00 00 1A 40 00 00 00 00 00 00 1B 40 00 00 
R07:41:01   00 00 00 00 1C 40 00 00 00 00 00 00 
S07:41:01   68 04 01 00 02 67 
R07:41:02   68 6A 02 67 26 07 0D 0C 14 00 3F 06 1D 40 00 00 00 00 00 00 1E 40 00 00 00 00 00 00 1F 40 00 00 
R07:41:02   00 00 00 00 20 40 00 00 00 00 00 00 21 40 00 00 00 00 00 00 22 40 00 00 00 00 00 00 23 40 00 00 
R07:41:02   00 00 00 00 24 40 00 00 00 00 00 00 25 40 00 00 00 00 00 00 26 40 00 00 00 00 00 00 27 40 00 00 
R07:41:02   00 00 00 00 28 40 00 00 00 00 00 00 
R07:41:02   68 EA 04 67 26 07 0D 1C 14 00 3F 06 29 40 00 00 00 00 00 00 2A 40 00 00 00 00 00 00 2B 40 00 00 
R07:41:02   00 00 00 00 2C 40 00 00 00 00 00 00 2D 40 00 00 00 00 00 00 2E 40 00 00 00 00 00 00 2F 40 00 00 
R07:41:02   00 00 00 00 30 40 00 00 00 00 00 00 31 40 00 00 00 00 00 00 32 40 00 00 00 00 00 00 33 40 00 00 
R07:41:02   00 00 00 00 34 40 00 00 00 00 00 00 35 40 00 00 00 00 00 00 36 40 00 00 00 00 00 00 37 40 00 00 
R07:41:02   00 00 00 00 38 40 00 00 00 00 00 00 39 40 00 0E 2D 32 42 00 3A 40 00 08 AC 28 42 00 3B 40 00 3D 
R07:41:02   0A 27 42 00 3C 40 00 00 00 00 00 00 3D 40 00 48 61 41 44 00 3E 40 00 8F C2 15 C2 00 3F 40 00 EE 
R07:41:02   7C 7F 3F 00 40 40 00 00 00 00 00 00 41 40 00 00 00 00 00 00 42 40 00 00 00 00 00 00 43 40 00 00 
R07:41:02   00 00 00 00 44 40 00 F6 28 48 42 00 
R07:41:03   68 3A 06 67 26 07 0D 06 14 00 3F 06 45 40 00 C6 4B 3B 42 00 46 40 00 7F 6A 38 42 00 47 40 00 00 
R07:41:03   00 00 00 00 48 40 00 5C 8F 56 C4 00 49 40 00 0A D7 43 42 00 4A 40 00 EE 7C 7F BF 00 
R07:41:03   68 0E 08 67 26 07 64 01 0A 00 3F 06 00 00 00 14 
S07:41:03   68 0E 26 07 0A 67 65 01 06 00 3F 06 00 00 00 05 
R07:41:04   68 0E 0A 67 28 07 65 01 07 00 3F 06 00 00 00 05 
R07:41:04   68 4A 0C 67 28 07 CE 08 25 00 3F 06 01 64 00 BD 44 1C 49 00 02 64 00 66 66 03 44 00 03 64 00 67 
R07:41:04   66 FE 43 00 04 64 00 FF F7 F4 47 00 05 64 00 00 00 AE 42 00 06 64 00 80 1A F5 47 00 07 64 00 66 
R07:41:04   66 86 41 00 08 64 00 00 00 8A 42 00 
R07:41:05   68 82 0E 67 28 07 CF 08 25 00 3F 06 09 64 00 06 44 1C 49 00 00 00 1E 07 AC 06 1A 0A 64 00 66 66 
R07:41:05   03 44 00 00 00 1E 07 AC 06 1A 0B 64 00 67 66 FE 43 00 00 00 1E 07 AC 06 1A 0C 64 00 CC F6 F4 47 
R07:41:05   00 00 00 1E 07 AC 06 1A 0D 64 00 00 00 AE 42 00 00 00 1E 07 AC 06 1A 0E 64 00 4D 19 F5 47 00 00 
R07:41:05   00 1E 07 AC 06 1A 0F 64 00 66 66 86 41 00 00 00 1E 07 AC 06 1A 10 64 00 00 00 8A 42 00 00 00 1E 
R07:41:05   07 AC 06 1A 
S07:41:05   68 04 01 00 10 67 
R07:41:05   68 82 10 67 28 07 CF 08 25 00 3F 06 11 64 00 39 D0 1B 49 00 00 00 00 00 AC 06 1A 12 64 00 66 66 
R07:41:05   03 44 00 00 00 00 00 AC 06 1A 13 64 00 67 66 FE 43 00 00 00 00 00 AC 06 1A 14 64 00 66 55 F4 47 
R07:41:05   00 00 00 00 00 AC 06 1A 15 64 00 00 00 AE 42 00 00 00 00 00 AC 06 1A 16 64 00 E7 77 F4 47 00 00 
R07:41:05   00 00 00 AC 06 1A 17 64 00 66 66 86 41 00 00 00 00 00 AC 06 1A 18 64 00 00 00 8A 42 00 00 00 00 
R07:41:05   00 AC 06 1A 
R07:41:06   68 82 12 67 28 07 CF 08 25 00 3F 06 19 64 00 00 00 00 00 00 00 00 00 00 AC 06 1A 1A 64 00 00 00 
R07:41:06   00 00 00 00 00 00 00 AC 06 1A 1B 64 00 00 00 00 00 00 00 00 00 00 AC 06 1A 1C 64 00 00 00 00 00 
R07:41:06   00 00 00 00 00 AC 06 1A 1D 64 00 00 00 00 00 00 00 00 00 00 AC 06 1A 1E 64 00 00 00 00 00 00 00 
R07:41:06   00 00 00 AC 06 1A 1F 64 00 00 00 00 00 00 00 00 00 00 AC 06 1A 20 64 00 00 00 00 00 00 00 00 00 
R07:41:06   00 AC 06 1A 
R07:41:06   68 4A 14 67 28 07 CE 08 25 00 3F 06 21 64 00 CC CC 41 43 00 22 64 00 34 33 0B 43 00 23 64 00 66 
R07:41:06   66 AA 42 00 24 64 00 CD CC EE 42 00 25 64 00 CD CC C4 42 00 26 64 00 CC CC 29 43 00 27 64 00 FF 
R07:41:06   FF 57 42 00 28 64 00 99 99 49 42 00 
S07:41:07   68 04 01 00 16 67 
R07:41:07   68 82 16 67 28 07 CF 08 25 00 3F 06 29 64 00 CC CC 41 43 00 00 00 1E 07 AC 06 1A 2A 64 00 34 33 
R07:41:07   0B 43 00 00 00 1E 07 AC 06 1A 2B 64 00 66 66 AA 42 00 00 00 1E 07 AC 06 1A 2C 64 00 CD CC EE 42 
R07:41:07   00 00 00 1E 07 AC 06 1A 2D 64 00 CD CC C4 42 00 00 00 1E 07 AC 06 1A 2E 64 00 CC CC 29 43 00 00 
R07:41:07   00 1E 07 AC 06 1A 2F 64 00 FF FF 57 42 00 00 00 1E 07 AC 06 1A 30 64 00 99 99 49 42 00 00 00 1E 
R07:41:07   07 AC 06 1A 
R07:41:07   68 82 18 67 28 07 CF 08 25 00 3F 06 31 64 00 CC CC 41 43 00 00 00 00 00 AC 06 1A 32 64 00 34 33 
R07:41:07   0B 43 00 00 00 00 00 AC 06 1A 33 64 00 66 66 AA 42 00 00 00 00 00 AC 06 1A 34 64 00 CD CC EE 42 
R07:41:07   00 00 00 00 00 AC 06 1A 35 64 00 CD CC C4 42 00 00 00 00 00 AC 06 1A 36 64 00 CC CC 29 43 00 00 
R07:41:07   00 00 00 AC 06 1A 37 64 00 FF FF 57 42 00 00 00 00 00 AC 06 1A 38 64 00 99 99 49 42 00 00 00 00 
R07:41:07   00 AC 06 1A 
R07:41:08   68 82 1A 67 28 07 CF 08 25 00 3F 06 39 64 00 00 00 00 00 00 00 00 00 00 AC 06 1A 3A 64 00 00 00 
R07:41:08   00 00 00 00 00 00 00 AC 06 1A 3B 64 00 00 00 00 00 00 00 00 00 00 AC 06 1A 3C 64 00 00 00 00 00 
R07:41:08   00 00 00 00 00 AC 06 1A 3D 64 00 00 00 00 00 00 00 00 00 00 AC 06 1A 3E 64 00 00 00 00 00 00 00 
R07:41:08   00 00 00 AC 06 1A 3F 64 00 00 00 00 00 00 00 00 00 00 AC 06 1A 40 64 00 00 00 00 00 00 00 00 00 
R07:41:08   00 AC 06 1A 
R07:41:08   68 4A 1C 67 28 07 CE 08 25 00 3F 06 41 64 00 CC CC 5F 43 00 42 64 00 33 33 47 43 00 43 64 00 9A 
R07:41:08   99 22 43 00 44 64 00 CC CC 74 42 00 45 64 00 00 00 A8 42 00 46 64 00 00 00 F6 42 00 47 64 00 66 
R07:41:08   66 12 42 00 48 64 00 34 33 77 42 00 
S07:41:09   68 04 01 00 1E 67 
R07:41:09   68 82 1E 67 28 07 CF 08 25 00 3F 06 49 64 00 CC CC 5F 43 00 00 00 1E 07 AC 06 1A 4A 64 00 33 33 
R07:41:09   47 43 00 00 00 1E 07 AC 06 1A 4B 64 00 9A 99 22 43 00 00 00 1E 07 AC 06 1A 4C 64 00 CC CC 74 42 
R07:41:09   00 00 00 1E 07 AC 06 1A 4D 64 00 00 00 A8 42 00 00 00 1E 07 AC 06 1A 4E 64 00 00 00 F6 42 00 00 
R07:41:09   00 1E 07 AC 06 1A 4F 64 00 66 66 12 42 00 00 00 1E 07 AC 06 1A 50 64 00 34 33 77 42 00 00 00 1E 
R07:41:09   07 AC 06 1A 
R07:41:09   68 82 20 67 28 07 CF 08 25 00 3F 06 51 64 00 CC CC 5F 43 00 00 00 00 00 AC 06 1A 52 64 00 33 33 
R07:41:09   47 43 00 00 00 00 00 AC 06 1A 53 64 00 9A 99 22 43 00 00 00 00 00 AC 06 1A 54 64 00 CC CC 74 42 
R07:41:09   00 00 00 00 00 AC 06 1A 55 64 00 00 00 A8 42 00 00 00 00 00 AC 06 1A 56 64 00 00 00 F6 42 00 00 
R07:41:09   00 00 00 AC 06 1A 57 64 00 66 66 12 42 00 00 00 00 00 AC 06 1A 58 64 00 34 33 77 42 00 00 00 00 
R07:41:09   00 AC 06 1A 
R07:41:10   68 82 22 67 28 07 CF 08 25 00 3F 06 59 64 00 00 00 00 00 00 00 00 00 00 AC 06 1A 5A 64 00 00 00 
R07:41:10   00 00 00 00 00 00 00 AC 06 1A 5B 64 00 00 00 00 00 00 00 00 00 00 AC 06 1A 5C 64 00 00 00 00 00 
R07:41:10   00 00 00 00 00 AC 06 1A 5D 64 00 00 00 00 00 00 00 00 00 00 AC 06 1A 5E 64 00 00 00 00 00 00 00 
R07:41:10   00 00 00 AC 06 1A 5F 64 00 00 00 00 00 00 00 00 00 00 AC 06 1A 60 64 00 00 00 00 00 00 00 00 00 
R07:41:10   00 AC 06 1A 
R07:41:10   68 4A 24 67 28 07 CE 08 25 00 3F 06 61 64 00 8C D3 0B 48 00 62 64 00 66 66 18 43 00 63 64 00 99 
R07:41:10   99 C9 42 00 64 64 00 99 15 70 46 00 65 64 00 34 33 8B 42 00 66 64 00 CD DC 70 46 00 67 64 00 67 
R07:41:10   66 4E 42 00 68 64 00 33 33 47 42 00 
S07:41:11   68 04 01 00 26 67 
R07:41:11   68 82 26 67 28 07 CF 08 25 00 3F 06 69 64 00 E7 D1 0B 48 00 00 00 1E 07 AC 06 1A 6A 64 00 66 66 
R07:41:11   18 43 00 00 00 1E 07 AC 06 1A 6B 64 00 99 99 C9 42 00 00 00 1E 07 AC 06 1A 6C 64 00 CC 10 70 46 
R07:41:11   00 00 00 1E 07 AC 06 1A 6D 64 00 34 33 8B 42 00 00 00 1E 07 AC 06 1A 6E 64 00 00 D8 70 46 00 00 
R07:41:11   00 1E 07 AC 06 1A 6F 64 00 67 66 4E 42 00 00 00 1E 07 AC 06 1A 70 64 00 33 33 47 42 00 00 00 1E 
R07:41:11   07 AC 06 1A 
R07:41:11   68 82 28 67 28 07 CF 08 25 00 3F 06 71 64 00 8C 9A 0B 48 00 00 00 00 00 AC 06 1A 72 64 00 66 66 
R07:41:11   18 43 00 00 00 00 00 AC 06 1A 73 64 00 99 99 C9 42 00 00 00 00 00 AC 06 1A 74 64 00 00 A0 6F 46 
R07:41:11   00 00 00 00 00 AC 06 1A 75 64 00 34 33 8B 42 00 00 00 00 00 AC 06 1A 76 64 00 34 67 70 46 00 00 
R07:41:11   00 00 00 AC 06 1A 77 64 00 67 66 4E 42 00 00 00 00 00 AC 06 1A 78 64 00 33 33 47 42 00 00 00 00 
R07:41:11   00 AC 06 1A 
R07:41:12   68 82 2A 67 28 07 CF 08 25 00 3F 06 79 64 00 FF 44 DE 47 00 3A AE 25 0D F1 05 1A 7A 64 00 66 66 
R07:41:12   18 43 00 3A AE 25 0D F1 05 1A 7B 64 00 99 99 C9 42 00 3A AE 25 0D F1 05 1A 7C 64 00 67 46 50 46 
R07:41:12   00 3A AE 25 0D F1 05 1A 7D 64 00 34 33 8B 42 00 3A AE 25 0D F1 05 1A 7E 64 00 33 0B 51 46 00 3A 
R07:41:12   AE 25 0D F1 05 1A 7F 64 00 67 66 4E 42 00 3A AE 25 0D F1 05 1A 80 64 00 CD CC 44 42 00 3A AE 25 
R07:41:12   0D F1 05 1A 
R07:41:12   68 4A 2C 67 28 07 CE 08 25 00 3F 06 81 64 00 B0 B5 48 4A 00 82 64 00 CC 6C 38 46 00 83 64 00 9A 
R07:41:12   31 2A 46 00 84 64 00 19 8C F0 47 00 85 64 00 CC 4C 8A 43 00 86 64 00 67 BF F0 47 00 87 64 00 34 
R07:41:12   B3 63 44 00 88 64 00 34 33 CD 42 00 
S07:41:12   68 04 01 00 2E 67 
R07:41:13   68 82 2E 67 28 07 CF 08 25 00 3F 06 89 64 00 8F B3 48 4A 00 00 00 1E 07 AC 06 1A 8A 64 00 CC 6C 
R07:41:13   38 46 00 00 00 1E 07 AC 06 1A 8B 64 00 9A 31 2A 46 00 00 00 1E 07 AC 06 1A 8C 64 00 67 89 F0 47 
R07:41:13   00 00 00 1E 07 AC 06 1A 8D 64 00 CC 4C 8A 43 00 00 00 1E 07 AC 06 1A 8E 64 00 B3 BC F0 47 00 00 
R07:41:13   00 1E 07 AC 06 1A 8F 64 00 34 B3 63 44 00 00 00 1E 07 AC 06 1A 90 64 00 34 33 CD 42 00 00 00 1E 
R07:41:13   07 AC 06 1A 
R07:41:13   68 82 30 67 28 07 CF 08 25 00 3F 06 91 64 00 AE 6C 48 4A 00 00 00 00 00 AC 06 1A 92 64 00 CC 6C 
R07:41:13   38 46 00 00 00 00 00 AC 06 1A 93 64 00 9A 31 2A 46 00 00 00 00 00 AC 06 1A 94 64 00 B3 3E F0 47 
R07:41:13   00 00 00 00 00 AC 06 1A 95 64 00 CC 4C 8A 43 00 00 00 00 00 AC 06 1A 96 64 00 00 72 F0 47 00 00 
R07:41:13   00 00 00 AC 06 1A 97 64 00 34 B3 63 44 00 00 00 00 00 AC 06 1A 98 64 00 34 33 CD 42 00 00 00 00 
R07:41:13   00 AC 06 1A 
R07:41:13   68 82 32 67 28 07 CF 08 25 00 3F 06 99 64 00 2B C0 DB 49 00 BB 6F 25 0B 6F 04 1A 9A 64 00 00 00 
R07:41:13   99 44 00 BB 6F 25 0B 6F 04 1A 9B 64 00 9A 99 9C 43 00 BB 6F 25 0B 6F 04 1A 9C 64 00 CC 8A AC 47 
R07:41:13   00 BB 6F 25 0B 6F 04 1A 9D 64 00 66 66 89 43 00 BB 6F 25 0B 6F 04 1A 9E 64 00 19 BE AC 47 00 BB 
R07:41:13   6F 25 0B 6F 04 1A 9F 64 00 34 B3 63 44 00 BB 6F 25 0B 6F 04 1A A0 64 00 34 33 CD 42 00 BB 6F 25 
R07:41:13   0B 6F 04 1A 
S07:41:14   68 04 01 00 34 67 
R07:41:14   68 4A 34 67 28 07 CE 08 25 00 3F 06 A1 64 00 33 73 4C 44 00 A2 64 00 40 FF 69 48 00 A3 64 00 98 
R07:41:14   99 CF 42 00 A4 64 00 66 26 AE 44 00 A5 64 00 13 A2 79 4A 00 A6 64 00 34 5B F9 45 00 A7 64 00 4C 
R07:41:14   E5 69 48 00 A8 64 00 9A D1 CD 45 00 
R07:41:14   68 82 36 67 28 07 CF 08 25 00 3F 06 A9 64 00 33 73 4C 44 00 00 00 1E 07 AC 06 1A AA 64 00 4D FD 
R07:41:14   69 48 00 00 00 1E 07 AC 06 1A AB 64 00 98 99 CF 42 00 00 00 1E 07 AC 06 1A AC 64 00 66 26 AE 44 
R07:41:14   00 00 00 1E 07 AC 06 1A AD 64 00 A3 9F 79 4A 00 00 00 1E 07 AC 06 1A AE 64 00 34 5B F9 45 00 00 
R07:41:14   00 1E 07 AC 06 1A AF 64 00 58 E3 69 48 00 00 00 1E 07 AC 06 1A B0 64 00 9A D1 CD 45 00 00 00 1E 
R07:41:14   07 AC 06 1A 
R07:41:14   68 82 38 67 28 07 CF 08 25 00 3F 06 B1 64 00 33 73 4C 44 00 00 00 00 00 AC 06 1A B2 64 00 27 8B 
R07:41:14   69 48 00 00 00 00 00 AC 06 1A B3 64 00 98 99 CF 42 00 00 00 00 00 AC 06 1A B4 64 00 66 26 AE 44 
R07:41:14   00 00 00 00 00 AC 06 1A B5 64 00 CB 37 79 4A 00 00 00 00 00 AC 06 1A B6 64 00 34 5B F9 45 00 00 
R07:41:14   00 00 00 AC 06 1A B7 64 00 34 71 69 48 00 00 00 00 00 AC 06 1A B8 64 00 9A D1 CD 45 00 00 00 00 
R07:41:14   00 AC 06 1A 
S07:41:14   68 04 01 00 3A 67 
R07:41:15   68 82 3A 67 28 07 CF 08 25 00 3F 06 B9 64 00 33 73 4C 44 00 7A 6D 25 0B 6F 04 1A BA 64 00 00 A3 
R07:41:15   1E 48 00 7A 6D 25 0B 6F 04 1A BB 64 00 98 99 CF 42 00 7A 6D 25 0B 6F 04 1A BC 64 00 66 26 AE 44 
R07:41:15   00 7A 6D 25 0B 6F 04 1A BD 64 00 7A F6 0A 4A 00 7A 6D 25 0B 6F 04 1A BE 64 00 CC 0C BB 44 00 7A 
R07:41:15   6D 25 0B 6F 04 1A BF 64 00 0D 89 1E 48 00 7A 6D 25 0B 6F 04 1A C0 64 00 67 66 CE 42 00 7A 6D 25 
R07:41:15   0B 6F 04 1A 
R07:41:15   68 0E 3C 67 28 07 65 01 0A 00 3F 06 00 00 00 05 
S07:41:15   68 14 28 07 3E 67 67 01 06 00 3F 06 00 00 00 4D 3E 29 07 AC 06 1A 
R07:41:16   68 14 3E 67 2A 07 67 01 07 00 3F 06 00 00 00 4D 3E 29 07 AC 06 1A 
S07:41:25   68 04 01 00 40 67 
S07:41:41   68 04 43 00 00 00 
R07:41:41   68 04 83 00 00 00 
S07:41:57   68 04 43 00 00 00 
R07:41:57   68 04 83 00 00 00 
S07:42:13   68 04 43 00 00 00 
R07:42:13   68 04 83 00 00 00 
S07:42:29   68 04 43 00 00 00 
R07:42:29   68 04 83 00 00 00 
S07:42:45   68 04 43 00 00 00 
R07:42:45   68 04 83 00 00 00 
S07:43:01   68 04 43 00 00 00 
R07:43:01   68 04 83 00 00 00 
S07:43:17   68 04 43 00 00 00 
R07:43:17   68 04 83 00 00 00 
S07:43:33   68 04 43 00 00 00 
R07:43:33   68 04 83 00 00 00 
S07:43:49   68 04 43 00 00 00 
R07:43:50   68 04 83 00 00 00 
S07:44:06   68 04 43 00 00 00 
R07:44:07   68 04 83 00 00 00 
S07:44:23   68 04 43 00 00 00 
R07:44:24   68 04 83 00 00 00 
S07:44:40   68 04 43 00 00 00 
R07:44:41   68 04 83 00 00 00 
S07:44:57   68 04 43 00 00 00 
R07:44:58   68 04 83 00 00 00 
S07:45:14   68 04 43 00 00 00 
R07:45:15   68 04 83 00 00 00 
S07:45:31   68 04 43 00 00 00 
R07:45:32   68 04 83 00 00 00 
S07:45:48   68 04 43 00 00 00 
R07:45:49   68 04 83 00 00 00 
S07:46:05   68 04 43 00 00 00 
R07:46:06   68 04 83 00 00 00 
S07:46:22   68 04 43 00 00 00 
R07:46:22   68 04 83 00 00 00 
S07:46:38   68 04 43 00 00 00 
R07:46:38   68 04 83 00 00 00 
S07:46:54   68 04 43 00 00 00 
R07:46:54   68 04 83 00 00 00 
S07:47:10   68 04 43 00 00 00 
R07:47:10   68 04 83 00 00 00 
S07:47:26   68 04 43 00 00 00 
R07:47:26   68 04 83 00 00 00 
S07:47:42   68 04 43 00 00 00 
R07:47:42   68 04 83 00 00 00 
S07:47:58   68 04 43 00 00 00 
R07:47:58   68 04 83 00 00 00 
S07:48:14   68 04 43 00 00 00 
R07:48:14   68 04 83 00 00 00 
S07:48:30   68 04 43 00 00 00 
R07:48:30   68 04 83 00 00 00 
S07:48:46   68 04 43 00 00 00 
R07:48:46   68 04 83 00 00 00 
S07:49:02   68 04 43 00 00 00 
R07:49:02   68 04 83 00 00 00 
S07:49:18   68 04 43 00 00 00 
R07:49:18   68 04 83 00 00 00 
S07:49:34   68 04 43 00 00 00 
R07:49:34   68 04 83 00 00 00 
S07:49:50   68 04 43 00 00 00 
R07:49:50   68 04 83 00 00 00 
S07:50:06   68 04 43 00 00 00 
R07:50:06   68 04 83 00 00 00 
S07:50:22   68 04 43 00 00 00 
R07:50:22   68 04 83 00 00 00 
S07:50:38   68 04 43 00 00 00 
R07:50:38   68 04 83 00 00 00 
S07:50:54   68 04 43 00 00 00 
R07:50:54   68 04 83 00 00 00 
S07:51:10   68 04 43 00 00 00 
R07:51:10   68 04 83 00 00 00 
S07:51:26   68 04 43 00 00 00 
R07:51:26   68 04 83 00 00 00 
S07:51:42   68 04 43 00 00 00 
R07:51:42   68 04 83 00 00 00 
S07:51:58   68 04 43 00 00 00 
R07:51:58   68 04 83 00 00 00 
S07:52:14   68 04 43 00 00 00 
R07:52:14   68 04 83 00 00 00 
S07:52:30   68 04 43 00 00 00 
R07:52:30   68 04 83 00 00 00 
R07:52:45   68 12 40 67 2A 07 0D 01 03 00 3F 06 3B 40 00 98 6E 40 42 00 
S07:52:45   68 04 01 00 42 67 
R07:52:45   68 12 42 67 2A 07 0D 01 03 00 3F 06 46 40 00 88 16 51 42 00 
S07:52:56   68 04 01 00 44 67 
S07:53:12   68 04 43 00 00 00 
R07:53:12   68 04 83 00 00 00 
S07:53:28   68 04 43 00 00 00 
R07:53:28   68 04 83 00 00 00 
S07:53:44   68 04 43 00 00 00 
R07:53:44   68 04 83 00 00 00 
S07:54:00   68 04 43 00 00 00 
R07:54:00   68 04 83 00 00 00 
S07:54:16   68 04 43 00 00 00 
R07:54:16   68 04 83 00 00 00 
S07:54:32   68 04 43 00 00 00 
R07:54:32   68 04 83 00 00 00 
R07:54:47   68 12 44 67 2A 07 0D 01 03 00 3F 06 3A 40 00 18 04 42 42 00 
S07:54:48   68 04 01 00 46 67 
S07:55:04   68 04 43 00 00 00 
R07:55:04   68 04 83 00 00 00 
S07:55:20   68 04 43 00 00 00 
R07:55:20   68 04 83 00 00 00 
S07:55:36   68 04 43 00 00 00 
R07:55:36   68 04 83 00 00 00 
S07:55:52   68 04 43 00 00 00 
R07:55:53   68 04 83 00 00 00 
R07:55:54   68 12 46 67 2A 07 0D 01 03 00 3F 06 39 40 00 23 DB 4B 42 00 
S07:55:54   68 04 01 00 48 67 
S07:55:59   68 0E 2A 07 48 67 64 01 06 00 3F 06 00 00 00 14 
R07:56:00   68 0E 48 67 2C 07 64 01 07 00 3F 06 00 00 00 14 
R07:56:00   68 E6 4A 67 2C 07 01 37 14 00 3F 06 01 00 00 00 02 00 00 00 03 00 00 00 04 00 00 00 05 00 00 00 
R07:56:00   06 00 00 00 07 00 00 01 08 00 00 00 09 00 00 00 0A 00 00 00 0B 00 00 00 0C 00 00 00 0D 00 00 00 
R07:56:00   0E 00 00 00 0F 00 00 00 10 00 00 00 11 00 00 00 12 00 00 00 13 00 00 00 14 00 00 00 15 00 00 00 
R07:56:00   16 00 00 00 17 00 00 00 18 00 00 00 19 00 00 00 1A 00 00 01 1B 00 00 01 1C 00 00 00 1D 00 00 01 
R07:56:00   1E 00 00 01 1F 00 00 01 20 00 00 00 21 00 00 00 22 00 00 00 23 00 00 00 24 00 00 00 25 00 00 00 
R07:56:00   26 00 00 00 27 00 00 00 28 00 00 00 29 00 00 01 2A 00 00 00 2B 00 00 00 2C 00 00 00 2D 00 00 00 
R07:56:00   2E 00 00 00 2F 00 00 00 30 00 00 00 31 00 00 00 32 00 00 00 33 00 00 00 34 00 00 00 35 00 00 00 
R07:56:00   36 00 00 00 37 00 00 00 
R07:56:01   68 D2 4C 67 2C 07 01 32 14 00 3F 06 38 00 00 00 39 00 00 00 3A 00 00 00 3B 00 00 01 3C 00 00 00 
R07:56:01   3D 00 00 00 3E 00 00 01 3F 00 00 01 40 00 00 00 41 00 00 00 42 00 00 01 43 00 00 00 44 00 00 00 
R07:56:01   45 00 00 00 46 00 00 00 47 00 00 00 48 00 00 00 49 00 00 00 4A 00 00 01 4B 00 00 00 4C 00 00 00 
R07:56:01   4D 00 00 00 4E 00 00 00 4F 00 00 00 50 00 00 00 51 00 00 00 52 00 00 00 53 00 00 00 54 00 00 00 
R07:56:01   55 00 00 00 56 00 00 00 57 00 00 00 58 00 00 00 59 00 00 00 5A 00 00 00 5B 00 00 00 5C 00 00 01 
R07:56:01   5D 00 00 00 5E 00 00 00 5F 00 00 01 60 00 00 01 61 00 00 00 62 00 00 00 63 00 00 01 64 00 00 00 
R07:56:01   65 00 00 00 66 00 00 00 67 00 00 00 68 00 00 00 69 00 00 00 
R07:56:01   68 E6 4E 67 2C 07 01 37 14 00 3F 06 69 00 00 00 6A 00 00 01 6B 00 00 00 6C 00 00 00 6D 00 00 00 
R07:56:01   6E 00 00 00 6F 00 00 00 70 00 00 00 71 00 00 00 72 00 00 00 73 00 00 00 74 00 00 00 75 00 00 00 
R07:56:01   76 00 00 00 77 00 00 00 78 00 00 00 79 00 00 00 7A 00 00 00 7B 00 00 00 7C 00 00 00 7D 00 00 01 
R07:56:01   7E 00 00 01 7F 00 00 00 80 00 00 01 81 00 00 01 82 00 00 01 83 00 00 00 84 00 00 00 85 00 00 00 
R07:56:01   86 00 00 00 87 00 00 00 88 00 00 00 89 00 00 00 8A 00 00 00 8B 00 00 01 8C 00 00 00 8D 00 00 00 
R07:56:01   8E 00 00 00 8F 00 00 00 90 00 00 00 91 00 00 00 92 00 00 00 93 00 00 00 94 00 00 00 95 00 00 00 
R07:56:01   96 00 00 00 97 00 00 00 98 00 00 00 99 00 00 00 9A 00 00 00 9B 00 00 00 9C 00 00 00 9D 00 00 00 
R07:56:01   9E 00 00 01 9F 00 00 00 
S07:56:01   68 04 01 00 50 67 
R07:56:02   68 A6 50 67 2C 07 01 27 14 00 3F 06 A0 00 00 00 A1 00 00 01 A2 00 00 01 A3 00 00 01 A4 00 00 00 
R07:56:02   A5 00 00 00 A6 00 00 00 A7 00 00 00 A8 00 00 00 A9 00 00 00 AA 00 00 00 AB 00 00 00 AC 00 00 01 
R07:56:02   AD 00 00 00 AE 00 00 00 AF 00 00 00 B0 00 00 00 B1 00 00 00 B2 00 00 00 B3 00 00 00 B4 00 00 00 
R07:56:02   B5 00 00 00 B6 00 00 00 B7 00 00 00 B8 00 00 00 B9 00 00 00 BA 00 00 00 BB 00 00 00 BC 00 00 00 
R07:56:02   BD 00 00 00 BE 00 00 00 BF 00 00 01 C0 00 00 00 C1 00 00 00 C2 00 00 01 C3 00 00 01 C4 00 00 01 
R07:56:02   C5 00 00 00 C6 00 00 00 
R07:56:02   68 EA 52 67 2C 07 0D 1C 14 00 3F 06 01 40 00 00 00 63 43 00 02 40 00 B8 1E 54 42 00 03 40 00 6A 
R07:56:02   BC 26 41 00 04 40 00 00 00 00 00 00 05 40 00 0C 02 27 41 00 06 40 00 00 00 00 00 00 07 40 00 DB 
R07:56:02   F9 47 42 00 08 40 00 00 00 00 00 00 09 40 00 00 00 00 00 00 0A 40 00 00 00 00 00 00 0B 40 00 00 
R07:56:02   00 00 00 00 0C 40 00 00 00 00 00 00 0D 40 00 00 00 00 00 00 0E 40 00 00 00 00 00 00 0F 40 00 00 
R07:56:02   00 00 00 00 10 40 00 00 00 00 00 00 11 40 00 00 00 00 00 00 12 40 00 00 00 00 00 00 13 40 00 00 
R07:56:02   00 00 00 00 14 40 00 00 00 00 00 00 15 40 00 00 00 00 00 00 16 40 00 00 00 00 00 00 17 40 00 00 
R07:56:02   00 00 00 00 18 40 00 00 00 00 00 00 19 40 00 00 00 00 00 00 1A 40 00 00 00 00 00 00 1B 40 00 00 
R07:56:02   00 00 00 00 1C 40 00 00 00 00 00 00 
R07:56:03   68 6A 54 67 2C 07 0D 0C 14 00 3F 06 1D 40 00 00 00 00 00 00 1E 40 00 00 00 00 00 00 1F 40 00 00 
R07:56:03   00 00 00 00 20 40 00 00 00 00 00 00 21 40 00 00 00 00 00 00 22 40 00 00 00 00 00 00 23 40 00 00 
R07:56:03   00 00 00 00 24 40 00 00 00 00 00 00 25 40 00 00 00 00 00 00 26 40 00 00 00 00 00 00 27 40 00 00 
R07:56:03   00 00 00 00 28 40 00 00 00 00 00 00 
R07:56:03   68 EA 56 67 2C 07 0D 1C 14 00 3F 06 29 40 00 00 00 00 00 00 2A 40 00 00 00 00 00 00 2B 40 00 00 
R07:56:03   00 00 00 00 2C 40 00 00 00 00 00 00 2D 40 00 00 00 00 00 00 2E 40 00 00 00 00 00 00 2F 40 00 00 
R07:56:03   00 00 00 00 30 40 00 00 00 00 00 00 31 40 00 00 00 00 00 00 32 40 00 00 00 00 00 00 33 40 00 00 
R07:56:03   00 00 00 00 34 40 00 00 00 00 00 00 35 40 00 00 00 00 00 00 36 40 00 00 00 00 00 00 37 40 00 00 
R07:56:03   00 00 00 00 38 40 00 00 00 00 00 00 39 40 00 81 95 4D 42 00 3A 40 00 B2 9D 3F 42 00 3B 40 00 02 
R07:56:03   2B 43 42 00 3C 40 00 00 00 00 00 00 3D 40 00 8F 82 5E 44 00 3E 40 00 8F C2 75 C1 00 3F 40 00 77 
R07:56:03   BE 7F 3F 00 40 40 00 00 00 00 00 00 41 40 00 00 00 00 00 00 42 40 00 00 00 00 00 00 43 40 00 00 
R07:56:03   00 00 00 00 44 40 00 94 18 5E 42 00 
S07:56:03   68 04 01 00 58 67 
R07:56:04   68 3A 58 67 2C 07 0D 06 14 00 3F 06 45 40 00 02 2B 4F 42 00 46 40 00 88 16 51 42 00 47 40 00 00 
R07:56:04   00 00 00 00 48 40 00 C2 35 70 C4 00 49 40 00 D7 A3 B0 41 00 4A 40 00 77 BE 7F BF 00 
R07:56:04   68 0E 5A 67 2C 07 64 01 0A 00 3F 06 00 00 00 14 
S07:56:04   68 0E 2C 07 5C 67 65 01 06 00 3F 06 00 00 00 05 
R07:56:05   68 0E 5C 67 2E 07 65 01 07 00 3F 06 00 00 00 05 
R07:56:06   68 4A 5E 67 2E 07 CE 08 25 00 3F 06 01 64 00 60 45 1C 49 00 02 64 00 66 66 03 44 00 03 64 00 67 
R07:56:06   66 FE 43 00 04 64 00 33 F9 F4 47 00 05 64 00 00 00 AE 42 00 06 64 00 B4 1B F5 47 00 07 64 00 66 
R07:56:06   66 86 41 00 08 64 00 00 00 8A 42 00 
R07:56:06   68 82 60 67 2E 07 CF 08 25 00 3F 06 09 64 00 F7 44 1C 49 00 00 00 2D 07 AC 06 1A 0A 64 00 66 66 
R07:56:06   03 44 00 00 00 2D 07 AC 06 1A 0B 64 00 67 66 FE 43 00 00 00 2D 07 AC 06 1A 0C 64 00 99 F8 F4 47 
R07:56:06   00 00 00 2D 07 AC 06 1A 0D 64 00 00 00 AE 42 00 00 00 2D 07 AC 06 1A 0E 64 00 19 1B F5 47 00 00 
R07:56:06   00 2D 07 AC 06 1A 0F 64 00 66 66 86 41 00 00 00 2D 07 AC 06 1A 10 64 00 00 00 8A 42 00 00 00 2D 
R07:56:06   07 AC 06 1A 
S07:56:06   68 04 01 00 62 67 
R07:56:07   68 82 62 67 2E 07 CF 08 25 00 3F 06 11 64 00 39 D0 1B 49 00 00 00 00 00 AC 06 1A 12 64 00 66 66 
R07:56:07   03 44 00 00 00 00 00 AC 06 1A 13 64 00 67 66 FE 43 00 00 00 00 00 AC 06 1A 14 64 00 66 55 F4 47 
R07:56:07   00 00 00 00 00 AC 06 1A 15 64 00 00 00 AE 42 00 00 00 00 00 AC 06 1A 16 64 00 E7 77 F4 47 00 00 
R07:56:07   00 00 00 AC 06 1A 17 64 00 66 66 86 41 00 00 00 00 00 AC 06 1A 18 64 00 00 00 8A 42 00 00 00 00 
R07:56:07   00 AC 06 1A 
R07:56:07   68 82 64 67 2E 07 CF 08 25 00 3F 06 19 64 00 00 00 00 00 00 00 00 00 00 AC 06 1A 1A 64 00 00 00 
R07:56:07   00 00 00 00 00 00 00 AC 06 1A 1B 64 00 00 00 00 00 00 00 00 00 00 AC 06 1A 1C 64 00 00 00 00 00 
R07:56:07   00 00 00 00 00 AC 06 1A 1D 64 00 00 00 00 00 00 00 00 00 00 AC 06 1A 1E 64 00 00 00 00 00 00 00 
R07:56:07   00 00 00 AC 06 1A 1F 64 00 00 00 00 00 00 00 00 00 00 AC 06 1A 20 64 00 00 00 00 00 00 00 00 00 
R07:56:07   00 AC 06 1A 
R07:56:08   68 4A 66 67 2E 07 CE 08 25 00 3F 06 21 64 00 CC CC 41 43 00 22 64 00 34 33 0B 43 00 23 64 00 66 
R07:56:08   66 AA 42 00 24 64 00 CD CC EE 42 00 25 64 00 CD CC C4 42 00 26 64 00 CC CC 29 43 00 27 64 00 FF 
R07:56:08   FF 57 42 00 28 64 00 99 99 49 42 00 
R07:56:08   68 82 68 67 2E 07 CF 08 25 00 3F 06 29 64 00 CC CC 41 43 00 00 00 2D 07 AC 06 1A 2A 64 00 34 33 
R07:56:08   0B 43 00 00 00 2D 07 AC 06 1A 2B 64 00 66 66 AA 42 00 00 00 2D 07 AC 06 1A 2C 64 00 CD CC EE 42 
R07:56:08   00 00 00 2D 07 AC 06 1A 2D 64 00 CD CC C4 42 00 00 00 2D 07 AC 06 1A 2E 64 00 CC CC 29 43 00 00 
R07:56:08   00 2D 07 AC 06 1A 2F 64 00 FF FF 57 42 00 00 00 2D 07 AC 06 1A 30 64 00 99 99 49 42 00 00 00 2D 
R07:56:08   07 AC 06 1A 
S07:56:08   68 04 01 00 6A 67 
R07:56:08   68 82 6A 67 2E 07 CF 08 25 00 3F 06 31 64 00 CC CC 41 43 00 00 00 00 00 AC 06 1A 32 64 00 34 33 
R07:56:08   0B 43 00 00 00 00 00 AC 06 1A 33 64 00 66 66 AA 42 00 00 00 00 00 AC 06 1A 34 64 00 CD CC EE 42 
R07:56:08   00 00 00 00 00 AC 06 1A 35 64 00 CD CC C4 42 00 00 00 00 00 AC 06 1A 36 64 00 CC CC 29 43 00 00 
R07:56:08   00 00 00 AC 06 1A 37 64 00 FF FF 57 42 00 00 00 00 00 AC 06 1A 38 64 00 99 99 49 42 00 00 00 00 
R07:56:08   00 AC 06 1A 
R07:56:09   68 82 6C 67 2E 07 CF 08 25 00 3F 06 39 64 00 00 00 00 00 00 00 00 00 00 AC 06 1A 3A 64 00 00 00 
R07:56:09   00 00 00 00 00 00 00 AC 06 1A 3B 64 00 00 00 00 00 00 00 00 00 00 AC 06 1A 3C 64 00 00 00 00 00 
R07:56:09   00 00 00 00 00 AC 06 1A 3D 64 00 00 00 00 00 00 00 00 00 00 AC 06 1A 3E 64 00 00 00 00 00 00 00 
R07:56:09   00 00 00 AC 06 1A 3F 64 00 00 00 00 00 00 00 00 00 00 AC 06 1A 40 64 00 00 00 00 00 00 00 00 00 
R07:56:09   00 AC 06 1A 
R07:56:09   68 4A 6E 67 2E 07 CE 08 25 00 3F 06 41 64 00 CC CC 5F 43 00 42 64 00 33 33 47 43 00 43 64 00 9A 
R07:56:09   99 22 43 00 44 64 00 CC CC 74 42 00 45 64 00 00 00 A8 42 00 46 64 00 00 00 F6 42 00 47 64 00 66 
R07:56:09   66 12 42 00 48 64 00 34 33 77 42 00 
S07:56:09   68 04 01 00 70 67 
R07:56:10   68 82 70 67 2E 07 CF 08 25 00 3F 06 49 64 00 CC CC 5F 43 00 00 00 2D 07 AC 06 1A 4A 64 00 33 33 
R07:56:10   47 43 00 00 00 2D 07 AC 06 1A 4B 64 00 9A 99 22 43 00 00 00 2D 07 AC 06 1A 4C 64 00 CC CC 74 42 
R07:56:10   00 00 00 2D 07 AC 06 1A 4D 64 00 00 00 A8 42 00 00 00 2D 07 AC 06 1A 4E 64 00 00 00 F6 42 00 00 
R07:56:10   00 2D 07 AC 06 1A 4F 64 00 66 66 12 42 00 00 00 2D 07 AC 06 1A 50 64 00 34 33 77 42 00 00 00 2D 
R07:56:10   07 AC 06 1A 
R07:56:10   68 82 72 67 2E 07 CF 08 25 00 3F 06 51 64 00 CC CC 5F 43 00 00 00 00 00 AC 06 1A 52 64 00 33 33 
R07:56:10   47 43 00 00 00 00 00 AC 06 1A 53 64 00 9A 99 22 43 00 00 00 00 00 AC 06 1A 54 64 00 CC CC 74 42 
R07:56:10   00 00 00 00 00 AC 06 1A 55 64 00 00 00 A8 42 00 00 00 00 00 AC 06 1A 56 64 00 00 00 F6 42 00 00 
R07:56:10   00 00 00 AC 06 1A 57 64 00 66 66 12 42 00 00 00 00 00 AC 06 1A 58 64 00 34 33 77 42 00 00 00 00 
R07:56:10   00 AC 06 1A 
R07:56:11   68 82 74 67 2E 07 CF 08 25 00 3F 06 59 64 00 00 00 00 00 00 00 00 00 00 AC 06 1A 5A 64 00 00 00 
R07:56:11   00 00 00 00 00 00 00 AC 06 1A 5B 64 00 00 00 00 00 00 00 00 00 00 AC 06 1A 5C 64 00 00 00 00 00 
R07:56:11   00 00 00 00 00 AC 06 1A 5D 64 00 00 00 00 00 00 00 00 00 00 AC 06 1A 5E 64 00 00 00 00 00 00 00 
R07:56:11   00 00 00 AC 06 1A 5F 64 00 00 00 00 00 00 00 00 00 00 AC 06 1A 60 64 00 00 00 00 00 00 00 00 00 
R07:56:11   00 AC 06 1A 
R07:56:11   68 4A 76 67 2E 07 CE 08 25 00 3F 06 61 64 00 F4 D5 0B 48 00 62 64 00 66 66 18 43 00 63 64 00 99 
R07:56:11   99 C9 42 00 64 64 00 01 18 70 46 00 65 64 00 34 33 8B 42 00 66 64 00 33 DF 70 46 00 67 64 00 67 
R07:56:11   66 4E 42 00 68 64 00 33 33 47 42 00 
S07:56:11   68 04 01 00 78 67 
R07:56:12   68 82 78 67 2E 07 CF 08 25 00 3F 06 69 64 00 26 D4 0B 48 00 00 00 2D 07 AC 06 1A 6A 64 00 66 66 
R07:56:12   18 43 00 00 00 2D 07 AC 06 1A 6B 64 00 99 99 C9 42 00 00 00 2D 07 AC 06 1A 6C 64 00 99 15 70 46 
R07:56:12   00 00 00 2D 07 AC 06 1A 6D 64 00 34 33 8B 42 00 00 00 2D 07 AC 06 1A 6E 64 00 CD DC 70 46 00 00 
R07:56:12   00 2D 07 AC 06 1A 6F 64 00 67 66 4E 42 00 00 00 2D 07 AC 06 1A 70 64 00 33 33 47 42 00 00 00 2D 
R07:56:12   07 AC 06 1A 
R07:56:12   68 82 7A 67 2E 07 CF 08 25 00 3F 06 71 64 00 8C 9A 0B 48 00 00 00 00 00 AC 06 1A 72 64 00 66 66 
R07:56:12   18 43 00 00 00 00 00 AC 06 1A 73 64 00 99 99 C9 42 00 00 00 00 00 AC 06 1A 74 64 00 00 A0 6F 46 
R07:56:12   00 00 00 00 00 AC 06 1A 75 64 00 34 33 8B 42 00 00 00 00 00 AC 06 1A 76 64 00 34 67 70 46 00 00 
R07:56:12   00 00 00 AC 06 1A 77 64 00 67 66 4E 42 00 00 00 00 00 AC 06 1A 78 64 00 33 33 47 42 00 00 00 00 
R07:56:12   00 AC 06 1A 
R07:56:13   68 82 7C 67 2E 07 CF 08 25 00 3F 06 79 64 00 FF 44 DE 47 00 3A AE 25 0D F1 05 1A 7A 64 00 66 66 
R07:56:13   18 43 00 3A AE 25 0D F1 05 1A 7B 64 00 99 99 C9 42 00 3A AE 25 0D F1 05 1A 7C 64 00 67 46 50 46 
R07:56:13   00 3A AE 25 0D F1 05 1A 7D 64 00 34 33 8B 42 00 3A AE 25 0D F1 05 1A 7E 64 00 33 0B 51 46 00 3A 
R07:56:13   AE 25 0D F1 05 1A 7F 64 00 67 66 4E 42 00 3A AE 25 0D F1 05 1A 80 64 00 CD CC 44 42 00 3A AE 25 
R07:56:13   0D F1 05 1A 
R07:56:13   68 4A 7E 67 2E 07 CE 08 25 00 3F 06 81 64 00 D8 B8 48 4A 00 82 64 00 CC 6C 38 46 00 83 64 00 9A 
R07:56:13   31 2A 46 00 84 64 00 9A 90 F0 47 00 85 64 00 CC 4C 8A 43 00 86 64 00 E8 C3 F0 47 00 87 64 00 34 
R07:56:13   B3 63 44 00 88 64 00 34 33 CD 42 00 
S07:56:13   68 04 01 00 80 67 
R07:56:13   68 82 80 67 2E 07 CF 08 25 00 3F 06 89 64 00 89 B6 48 4A 00 00 00 2D 07 AC 06 1A 8A 64 00 CC 6C 
R07:56:13   38 46 00 00 00 2D 07 AC 06 1A 8B 64 00 9A 31 2A 46 00 00 00 2D 07 AC 06 1A 8C 64 00 4C 8D F0 47 
R07:56:13   00 00 00 2D 07 AC 06 1A 8D 64 00 CC 4C 8A 43 00 00 00 2D 07 AC 06 1A 8E 64 00 99 C0 F0 47 00 00 
R07:56:13   00 2D 07 AC 06 1A 8F 64 00 34 B3 63 44 00 00 00 2D 07 AC 06 1A 90 64 00 34 33 CD 42 00 00 00 2D 
R07:56:13   07 AC 06 1A 
R07:56:14   68 82 82 67 2E 07 CF 08 25 00 3F 06 91 64 00 AE 6C 48 4A 00 00 00 00 00 AC 06 1A 92 64 00 CC 6C 
R07:56:14   38 46 00 00 00 00 00 AC 06 1A 93 64 00 9A 31 2A 46 00 00 00 00 00 AC 06 1A 94 64 00 B3 3E F0 47 
R07:56:14   00 00 00 00 00 AC 06 1A 95 64 00 CC 4C 8A 43 00 00 00 00 00 AC 06 1A 96 64 00 00 72 F0 47 00 00 
R07:56:14   00 00 00 AC 06 1A 97 64 00 34 B3 63 44 00 00 00 00 00 AC 06 1A 98 64 00 34 33 CD 42 00 00 00 00 
R07:56:14   00 AC 06 1A 
R07:56:15   68 82 84 67 2E 07 CF 08 25 00 3F 06 99 64 00 2B C0 DB 49 00 BB 6F 25 0B 6F 04 1A 9A 64 00 00 00 
R07:56:15   99 44 00 BB 6F 25 0B 6F 04 1A 9B 64 00 9A 99 9C 43 00 BB 6F 25 0B 6F 04 1A 9C 64 00 CC 8A AC 47 
R07:56:15   00 BB 6F 25 0B 6F 04 1A 9D 64 00 66 66 89 43 00 BB 6F 25 0B 6F 04 1A 9E 64 00 19 BE AC 47 00 BB 
R07:56:15   6F 25 0B 6F 04 1A 9F 64 00 34 B3 63 44 00 BB 6F 25 0B 6F 04 1A A0 64 00 34 33 CD 42 00 BB 6F 25 
R07:56:15   0B 6F 04 1A 
R07:56:15   68 4A 86 67 2E 07 CE 08 25 00 3F 06 A1 64 00 33 73 4C 44 00 A2 64 00 18 02 6A 48 00 A3 64 00 98 
R07:56:15   99 CF 42 00 A4 64 00 66 26 AE 44 00 A5 64 00 8B A5 79 4A 00 A6 64 00 34 5B F9 45 00 A7 64 00 27 
R07:56:15   E8 69 48 00 A8 64 00 9A D1 CD 45 00 
S07:56:15   68 04 01 00 88 67 
R07:56:16   68 82 88 67 2E 07 CF 08 25 00 3F 06 A9 64 00 33 73 4C 44 00 00 00 2D 07 AC 06 1A AA 64 00 26 00 
R07:56:16   6A 48 00 00 00 2D 07 AC 06 1A AB 64 00 98 99 CF 42 00 00 00 2D 07 AC 06 1A AC 64 00 66 26 AE 44 
R07:56:16   00 00 00 2D 07 AC 06 1A AD 64 00 03 A3 79 4A 00 00 00 2D 07 AC 06 1A AE 64 00 34 5B F9 45 00 00 
R07:56:16   00 2D 07 AC 06 1A AF 64 00 33 E6 69 48 00 00 00 2D 07 AC 06 1A B0 64 00 9A D1 CD 45 00 00 00 2D 
R07:56:16   07 AC 06 1A 
R07:56:16   68 82 8A 67 2E 07 CF 08 25 00 3F 06 B1 64 00 33 73 4C 44 00 00 00 00 00 AC 06 1A B2 64 00 27 8B 
R07:56:16   69 48 00 00 00 00 00 AC 06 1A B3 64 00 98 99 CF 42 00 00 00 00 00 AC 06 1A B4 64 00 66 26 AE 44 
R07:56:16   00 00 00 00 00 AC 06 1A B5 64 00 CB 37 79 4A 00 00 00 00 00 AC 06 1A B6 64 00 34 5B F9 45 00 00 
R07:56:16   00 00 00 AC 06 1A B7 64 00 34 71 69 48 00 00 00 00 00 AC 06 1A B8 64 00 9A D1 CD 45 00 00 00 00 
R07:56:16   00 AC 06 1A 
R07:56:17   68 82 8C 67 2E 07 CF 08 25 00 3F 06 B9 64 00 33 73 4C 44 00 7A 6D 25 0B 6F 04 1A BA 64 00 00 A3 
R07:56:17   1E 48 00 7A 6D 25 0B 6F 04 1A BB 64 00 98 99 CF 42 00 7A 6D 25 0B 6F 04 1A BC 64 00 66 26 AE 44 
R07:56:17   00 7A 6D 25 0B 6F 04 1A BD 64 00 7A F6 0A 4A 00 7A 6D 25 0B 6F 04 1A BE 64 00 CC 0C BB 44 00 7A 
R07:56:17   6D 25 0B 6F 04 1A BF 64 00 0D 89 1E 48 00 7A 6D 25 0B 6F 04 1A C0 64 00 67 66 CE 42 00 7A 6D 25 
R07:56:17   0B 6F 04 1A 
R07:56:17   68 0E 8E 67 2E 07 65 01 0A 00 3F 06 00 00 00 05 
S07:56:17   68 14 2E 07 90 67 67 01 06 00 3F 06 00 00 00 77 43 38 07 AC 06 1A 
R07:56:18   68 14 90 67 30 07 67 01 07 00 3F 06 00 00 00 77 43 38 07 AC 06 1A 
S07:56:26   68 04 01 00 92 67 
S07:56:42   68 04 43 00 00 00 
R07:56:43   68 04 83 00 00 00 
S07:56:59   68 04 43 00 00 00 
R07:57:00   68 04 83 00 00 00 
S07:57:16   68 04 43 00 00 00 
R07:57:17   68 04 83 00 00 00 
S07:57:33   68 04 43 00 00 00 
R07:57:34   68 04 83 00 00 00 
S07:57:50   68 04 43 00 00 00 
R07:57:51   68 04 83 00 00 00 
S07:58:07   68 04 43 00 00 00 
R07:58:08   68 04 83 00 00 00 
S07:58:24   68 04 43 00 00 00 
R07:58:25   68 04 83 00 00 00 
S07:58:41   68 04 43 00 00 00 
R07:58:42   68 04 83 00 00 00 
S07:58:58   68 04 43 00 00 00 
R07:58:58   68 04 83 00 00 00 
S07:59:14   68 04 43 00 00 00 
R07:59:14   68 04 83 00 00 00 
S07:59:30   68 04 43 00 00 00 
R07:59:30   68 04 83 00 00 00 
S07:59:46   68 04 43 00 00 00 
R07:59:46   68 04 83 00 00 00 
S08:00:02   68 04 43 00 00 00 
R08:00:02   68 04 83 00 00 00 
S08:00:18   68 04 43 00 00 00 
R08:00:18   68 04 83 00 00 00 
S08:00:34   68 04 43 00 00 00 
R08:00:34   68 04 83 00 00 00 
S08:00:50   68 04 43 00 00 00 
R08:00:50   68 04 83 00 00 00 
S08:01:06   68 04 43 00 00 00 
R08:01:06   68 04 83 00 00 00 
S08:01:22   68 04 43 00 00 00 
R08:01:22   68 04 83 00 00 00 
S08:01:38   68 04 43 00 00 00 
R08:01:38   68 04 83 00 00 00 
S08:01:54   68 04 43 00 00 00 
R08:01:54   68 04 83 00 00 00 
S08:02:10   68 04 43 00 00 00 
R08:02:10   68 04 83 00 00 00 
S08:02:26   68 04 43 00 00 00 
R08:02:26   68 04 83 00 00 00 
S08:02:42   68 04 43 00 00 00 
R08:02:42   68 04 83 00 00 00 
S08:02:58   68 04 43 00 00 00 
R08:02:58   68 04 83 00 00 00 
S08:03:14   68 04 43 00 00 00 
R08:03:14   68 04 83 00 00 00 
S08:03:30   68 04 43 00 00 00 
R08:03:30   68 04 83 00 00 00 
S08:03:46   68 04 43 00 00 00 
R08:03:46   68 04 83 00 00 00 
S08:04:02   68 04 43 00 00 00 
R08:04:02   68 04 83 00 00 00 
S08:04:18   68 04 43 00 00 00 
R08:04:18   68 04 83 00 00 00 
S08:04:34   68 04 43 00 00 00 
R08:04:34   68 04 83 00 00 00 
S08:04:50   68 04 43 00 00 00 
R08:04:50   68 04 83 00 00 00 
S08:05:06   68 04 43 00 00 00 
R08:05:06   68 04 83 00 00 00 
S08:05:22   68 04 43 00 00 00 
R08:05:22   68 04 83 00 00 00 
S08:05:38   68 04 43 00 00 00 
R08:05:38   68 04 83 00 00 00 
S08:05:54   68 04 43 00 00 00 
R08:05:54   68 04 83 00 00 00 
S08:06:10   68 04 43 00 00 00 
R08:06:10   68 04 83 00 00 00 
S08:06:26   68 04 43 00 00 00 
R08:06:26   68 04 83 00 00 00 
S08:06:42   68 04 43 00 00 00 
R08:06:42   68 04 83 00 00 00 
S08:06:58   68 04 43 00 00 00 
R08:06:58   68 04 83 00 00 00 
S08:07:14   68 04 43 00 00 00 
R08:07:14   68 04 83 00 00 00 
S08:07:30   68 04 43 00 00 00 
R08:07:30   68 04 83 00 00 00 
S08:07:46   68 04 43 00 00 00 
R08:07:46   68 04 83 00 00 00 
S08:08:02   68 04 43 00 00 00 
R08:08:02   68 04 83 00 00 00 
S08:08:18   68 04 43 00 00 00 
R08:08:18   68 04 83 00 00 00 
S08:08:34   68 04 43 00 00 00 
R08:08:35   68 04 83 00 00 00 
S08:08:51   68 04 43 00 00 00 
R08:08:51   68 04 83 00 00 00 
S08:09:07   68 04 43 00 00 00 
R08:09:07   68 04 83 00 00 00 
S08:09:23   68 04 43 00 00 00 
R08:09:23   68 04 83 00 00 00 
S08:09:39   68 04 43 00 00 00 
R08:09:39   68 04 83 00 00 00 
S08:09:55   68 04 43 00 00 00 
R08:09:55   68 04 83 00 00 00 
S08:10:11   68 04 43 00 00 00 
R08:10:12   68 04 83 00 00 00 
S08:10:28   68 04 43 00 00 00 
R08:10:29   68 04 83 00 00 00 
S08:10:45   68 04 43 00 00 00 
R08:10:45   68 04 83 00 00 00 
R08:10:47   68 12 92 67 30 07 0D 01 03 00 3F 06 3B 40 00 61 E5 5C 42 00 
S08:10:47   68 04 01 00 94 67 
S08:10:59   68 0E 30 07 94 67 64 01 06 00 3F 06 00 00 00 14 
R08:11:00   68 0E 94 67 32 07 64 01 07 00 3F 06 00 00 00 14 
R08:11:00   68 E6 96 67 32 07 01 37 14 00 3F 06 01 00 00 00 02 00 00 00 03 00 00 00 04 00 00 00 05 00 00 00 
R08:11:00   06 00 00 00 07 00 00 01 08 00 00 00 09 00 00 00 0A 00 00 00 0B 00 00 00 0C 00 00 00 0D 00 00 00 
R08:11:00   0E 00 00 00 0F 00 00 00 10 00 00 00 11 00 00 00 12 00 00 00 13 00 00 00 14 00 00 00 15 00 00 00 
R08:11:00   16 00 00 00 17 00 00 00 18 00 00 00 19 00 00 00 1A 00 00 01 1B 00 00 01 1C 00 00 00 1D 00 00 01 
R08:11:00   1E 00 00 01 1F 00 00 01 20 00 00 00 21 00 00 00 22 00 00 00 23 00 00 00 24 00 00 00 25 00 00 00 
R08:11:00   26 00 00 00 27 00 00 00 28 00 00 00 29 00 00 01 2A 00 00 00 2B 00 00 00 2C 00 00 00 2D 00 00 00 
R08:11:00   2E 00 00 00 2F 00 00 00 30 00 00 00 31 00 00 00 32 00 00 00 33 00 00 00 34 00 00 00 35 00 00 00 
R08:11:00   36 00 00 00 37 00 00 00 
S08:11:00   68 04 01 00 98 67 
R08:11:01   68 D2 98 67 32 07 01 32 14 00 3F 06 38 00 00 00 39 00 00 00 3A 00 00 00 3B 00 00 01 3C 00 00 00 
R08:11:01   3D 00 00 00 3E 00 00 01 3F 00 00 01 40 00 00 00 41 00 00 00 42 00 00 01 43 00 00 00 44 00 00 00 
R08:11:01   45 00 00 00 46 00 00 00 47 00 00 00 48 00 00 00 49 00 00 00 4A 00 00 01 4B 00 00 00 4C 00 00 00 
R08:11:01   4D 00 00 00 4E 00 00 00 4F 00 00 00 50 00 00 00 51 00 00 00 52 00 00 00 53 00 00 00 54 00 00 00 
R08:11:01   55 00 00 00 56 00 00 00 57 00 00 00 58 00 00 00 59 00 00 00 5A 00 00 00 5B 00 00 00 5C 00 00 01 
R08:11:01   5D 00 00 00 5E 00 00 00 5F 00 00 01 60 00 00 01 61 00 00 00 62 00 00 00 63 00 00 01 64 00 00 00 
R08:11:01   65 00 00 00 66 00 00 00 67 00 00 00 68 00 00 00 69 00 00 00 
R08:11:01   68 E6 9A 67 32 07 01 37 14 00 3F 06 69 00 00 00 6A 00 00 01 6B 00 00 00 6C 00 00 00 6D 00 00 00 
R08:11:01   6E 00 00 00 6F 00 00 00 70 00 00 00 71 00 00 00 72 00 00 00 73 00 00 00 74 00 00 00 75 00 00 00 
R08:11:01   76 00 00 00 77 00 00 00 78 00 00 00 79 00 00 00 7A 00 00 00 7B 00 00 00 7C 00 00 00 7D 00 00 01 
R08:11:01   7E 00 00 01 7F 00 00 00 80 00 00 01 81 00 00 01 82 00 00 01 83 00 00 00 84 00 00 00 85 00 00 00 
R08:11:01   86 00 00 00 87 00 00 00 88 00 00 00 89 00 00 00 8A 00 00 00 8B 00 00 01 8C 00 00 00 8D 00 00 00 
R08:11:01   8E 00 00 00 8F 00 00 00 90 00 00 00 91 00 00 00 92 00 00 00 93 00 00 00 94 00 00 00 95 00 00 00 
R08:11:01   96 00 00 00 97 00 00 00 98 00 00 00 99 00 00 00 9A 00 00 00 9B 00 00 00 9C 00 00 00 9D 00 00 00 
R08:11:01   9E 00 00 01 9F 00 00 00 
R08:11:01   68 A6 9C 67 32 07 01 27 14 00 3F 06 A0 00 00 00 A1 00 00 01 A2 00 00 01 A3 00 00 01 A4 00 00 00 
R08:11:01   A5 00 00 00 A6 00 00 00 A7 00 00 00 A8 00 00 00 A9 00 00 00 AA 00 00 00 AB 00 00 00 AC 00 00 01 
R08:11:01   AD 00 00 00 AE 00 00 00 AF 00 00 00 B0 00 00 00 B1 00 00 00 B2 00 00 00 B3 00 00 00 B4 00 00 00 
R08:11:01   B5 00 00 00 B6 00 00 00 B7 00 00 00 B8 00 00 00 B9 00 00 00 BA 00 00 00 BB 00 00 00 BC 00 00 00 
R08:11:01   BD 00 00 00 BE 00 00 00 BF 00 00 01 C0 00 00 00 C1 00 00 00 C2 00 00 01 C3 00 00 01 C4 00 00 01 
R08:11:01   C5 00 00 00 C6 00 00 00 
S08:11:01   68 04 01 00 9E 67 
R08:11:02   68 EA 9E 67 32 07 0D 1C 14 00 3F 06 01 40 00 00 00 63 43 00 02 40 00 00 00 54 42 00 03 40 00 C2 
R08:11:02   F5 26 41 00 04 40 00 00 00 00 00 00 05 40 00 9C C4 26 41 00 06 40 00 00 00 00 00 00 07 40 00 A6 
R08:11:02   1B 48 42 00 08 40 00 00 00 00 00 00 09 40 00 00 00 00 00 00 0A 40 00 00 00 00 00 00 0B 40 00 00 
R08:11:02   00 00 00 00 0C 40 00 00 00 00 00 00 0D 40 00 00 00 00 00 00 0E 40 00 00 00 00 00 00 0F 40 00 00 
R08:11:02   00 00 00 00 10 40 00 00 00 00 00 00 11 40 00 00 00 00 00 00 12 40 00 00 00 00 00 00 13 40 00 00 
R08:11:02   00 00 00 00 14 40 00 00 00 00 00 00 15 40 00 00 00 00 00 00 16 40 00 00 00 00 00 00 17 40 00 00 
R08:11:02   00 00 00 00 18 40 00 00 00 00 00 00 19 40 00 00 00 00 00 00 1A 40 00 00 00 00 00 00 1B 40 00 00 
R08:11:02   00 00 00 00 1C 40 00 00 00 00 00 00 
R08:11:02   68 6A A0 67 32 07 0D 0C 14 00 3F 06 1D 40 00 00 00 00 00 00 1E 40 00 00 00 00 00 00 1F 40 00 00 
R08:11:02   00 00 00 00 20 40 00 00 00 00 00 00 21 40 00 00 00 00 00 00 22 40 00 00 00 00 00 00 23 40 00 00 
R08:11:02   00 00 00 00 24 40 00 00 00 00 00 00 25 40 00 00 00 00 00 00 26 40 00 00 00 00 00 00 27 40 00 00 
R08:11:02   00 00 00 00 28 40 00 00 00 00 00 00 
R08:11:03   68 EA A2 67 32 07 0D 1C 14 00 3F 06 29 40 00 00 00 00 00 00 2A 40 00 00 00 00 00 00 2B 40 00 00 
R08:11:03   00 00 00 00 2C 40 00 00 00 00 00 00 2D 40 00 00 00 00 00 00 2E 40 00 00 00 00 00 00 2F 40 00 00 
R08:11:03   00 00 00 00 30 40 00 00 00 00 00 00 31 40 00 00 00 00 00 00 32 40 00 00 00 00 00 00 33 40 00 00 
R08:11:03   00 00 00 00 34 40 00 00 00 00 00 00 35 40 00 00 00 00 00 00 36 40 00 00 00 00 00 00 37 40 00 00 
R08:11:03   00 00 00 00 38 40 00 00 00 00 00 00 39 40 00 CD CC 62 42 00 3A 40 00 4C 37 55 42 00 3B 40 00 31 
R08:11:03   08 62 42 00 3C 40 00 00 00 00 00 00 3D 40 00 CC 0C 7A 44 00 3E 40 00 F6 28 3C C2 00 3F 40 00 EE 
R08:11:03   7C 7F 3F 00 40 40 00 00 00 00 00 00 41 40 00 00 00 00 00 00 42 40 00 00 00 00 00 00 43 40 00 00 
R08:11:03   00 00 00 00 44 40 00 60 E5 6E 42 00 
R08:11:03   68 3A A4 67 32 07 0D 06 14 00 3F 06 45 40 00 C7 4B 5F 42 00 46 40 00 93 18 6A 42 00 47 40 00 00 
R08:11:03   00 00 00 00 48 40 00 3E AA 82 C4 00 49 40 00 B8 1E 49 42 00 4A 40 00 EE 7C 7F BF 00 
S08:11:03   68 04 01 00 A6 67 
R08:11:04   68 0E A6 67 32 07 64 01 0A 00 3F 06 00 00 00 14 
S08:11:04   68 0E 32 07 A8 67 65 01 06 00 3F 06 00 00 00 05 
R08:11:05   68 0E A8 67 34 07 65 01 07 00 3F 06 00 00 00 05 
R08:11:05   68 4A AA 67 34 07 CE 08 25 00 3F 06 01 64 00 86 45 1C 49 00 02 64 00 66 66 03 44 00 03 64 00 67 
R08:11:05   66 FE 43 00 04 64 00 33 F9 F4 47 00 05 64 00 00 00 AE 42 00 06 64 00 B4 1B F5 47 00 07 64 00 66 
R08:11:05   66 86 41 00 08 64 00 00 00 8A 42 00 
R08:11:06   68 82 AC 67 34 07 CF 08 25 00 3F 06 09 64 00 69 45 1C 49 00 00 00 00 08 AC 06 1A 0A 64 00 66 66 
R08:11:06   03 44 00 00 00 00 08 AC 06 1A 0B 64 00 67 66 FE 43 00 00 00 00 08 AC 06 1A 0C 64 00 33 F9 F4 47 
R08:11:06   00 00 00 00 08 AC 06 1A 0D 64 00 00 00 AE 42 00 00 00 00 08 AC 06 1A 0E 64 00 B4 1B F5 47 00 00 
R08:11:06   00 00 08 AC 06 1A 0F 64 00 66 66 86 41 00 00 00 00 08 AC 06 1A 10 64 00 00 00 8A 42 00 00 00 00 
R08:11:06   08 AC 06 1A 
S08:11:06   68 04 01 00 AE 67 
R08:11:07   68 82 AE 67 34 07 CF 08 25 00 3F 06 11 64 00 39 D0 1B 49 00 00 00 00 00 AC 06 1A 12 64 00 66 66 
R08:11:07   03 44 00 00 00 00 00 AC 06 1A 13 64 00 67 66 FE 43 00 00 00 00 00 AC 06 1A 14 64 00 66 55 F4 47 
R08:11:07   00 00 00 00 00 AC 06 1A 15 64 00 00 00 AE 42 00 00 00 00 00 AC 06 1A 16 64 00 E7 77 F4 47 00 00 
R08:11:07   00 00 00 AC 06 1A 17 64 00 66 66 86 41 00 00 00 00 00 AC 06 1A 18 64 00 00 00 8A 42 00 00 00 00 
R08:11:07   00 AC 06 1A 
R08:11:07   68 82 B0 67 34 07 CF 08 25 00 3F 06 19 64 00 00 00 00 00 00 00 00 00 00 AC 06 1A 1A 64 00 00 00 
R08:11:07   00 00 00 00 00 00 00 AC 06 1A 1B 64 00 00 00 00 00 00 00 00 00 00 AC 06 1A 1C 64 00 00 00 00 00 
R08:11:07   00 00 00 00 00 AC 06 1A 1D 64 00 00 00 00 00 00 00 00 00 00 AC 06 1A 1E 64 00 00 00 00 00 00 00 
R08:11:07   00 00 00 AC 06 1A 1F 64 00 00 00 00 00 00 00 00 00 00 AC 06 1A 20 64 00 00 00 00 00 00 00 00 00 
R08:11:07   00 AC 06 1A 
R08:11:07   68 4A B2 67 34 07 CE 08 25 00 3F 06 21 64 00 CC CC 41 43 00 22 64 00 34 33 0B 43 00 23 64 00 66 
R08:11:07   66 AA 42 00 24 64 00 CD CC EE 42 00 25 64 00 CD CC C4 42 00 26 64 00 CC CC 29 43 00 27 64 00 FF 
R08:11:07   FF 57 42 00 28 64 00 99 99 49 42 00 
S08:11:07   68 04 01 00 B4 67 
R08:11:08   68 82 B4 67 34 07 CF 08 25 00 3F 06 29 64 00 CC CC 41 43 00 00 00 00 08 AC 06 1A 2A 64 00 34 33 
R08:11:08   0B 43 00 00 00 00 08 AC 06 1A 2B 64 00 66 66 AA 42 00 00 00 00 08 AC 06 1A 2C 64 00 CD CC EE 42 
R08:11:08   00 00 00 00 08 AC 06 1A 2D 64 00 CD CC C4 42 00 00 00 00 08 AC 06 1A 2E 64 00 CC CC 29 43 00 00 
R08:11:08   00 00 08 AC 06 1A 2F 64 00 FF FF 57 42 00 00 00 00 08 AC 06 1A 30 64 00 99 99 49 42 00 00 00 00 
R08:11:08   08 AC 06 1A 
R08:11:08   68 82 B6 67 34 07 CF 08 25 00 3F 06 31 64 00 CC CC 41 43 00 00 00 00 00 AC 06 1A 32 64 00 34 33 
R08:11:08   0B 43 00 00 00 00 00 AC 06 1A 33 64 00 66 66 AA 42 00 00 00 00 00 AC 06 1A 34 64 00 CD CC EE 42 
R08:11:08   00 00 00 00 00 AC 06 1A 35 64 00 CD CC C4 42 00 00 00 00 00 AC 06 1A 36 64 00 CC CC 29 43 00 00 
R08:11:08   00 00 00 AC 06 1A 37 64 00 FF FF 57 42 00 00 00 00 00 AC 06 1A 38 64 00 99 99 49 42 00 00 00 00 
R08:11:08   00 AC 06 1A 
R08:11:09   68 82 B8 67 34 07 CF 08 25 00 3F 06 39 64 00 00 00 00 00 00 00 00 00 00 AC 06 1A 3A 64 00 00 00 
R08:11:09   00 00 00 00 00 00 00 AC 06 1A 3B 64 00 00 00 00 00 00 00 00 00 00 AC 06 1A 3C 64 00 00 00 00 00 
R08:11:09   00 00 00 00 00 AC 06 1A 3D 64 00 00 00 00 00 00 00 00 00 00 AC 06 1A 3E 64 00 00 00 00 00 00 00 
R08:11:09   00 00 00 AC 06 1A 3F 64 00 00 00 00 00 00 00 00 00 00 AC 06 1A 40 64 00 00 00 00 00 00 00 00 00 
R08:11:09   00 AC 06 1A 
S08:11:09   68 04 01 00 BA 67 
R08:11:09   68 4A BA 67 34 07 CE 08 25 00 3F 06 41 64 00 CC CC 5F 43 00 42 64 00 33 33 47 43 00 43 64 00 9A 
R08:11:09   99 22 43 00 44 64 00 CC CC 74 42 00 45 64 00 00 00 A8 42 00 46 64 00 00 00 F6 42 00 47 64 00 66 
R08:11:09   66 12 42 00 48 64 00 34 33 77 42 00 
R08:11:10   68 82 BC 67 34 07 CF 08 25 00 3F 06 49 64 00 CC CC 5F 43 00 00 00 00 08 AC 06 1A 4A 64 00 33 33 
R08:11:10   47 43 00 00 00 00 08 AC 06 1A 4B 64 00 9A 99 22 43 00 00 00 00 08 AC 06 1A 4C 64 00 CC CC 74 42 
R08:11:10   00 00 00 00 08 AC 06 1A 4D 64 00 00 00 A8 42 00 00 00 00 08 AC 06 1A 4E 64 00 00 00 F6 42 00 00 
R08:11:10   00 00 08 AC 06 1A 4F 64 00 66 66 12 42 00 00 00 00 08 AC 06 1A 50 64 00 34 33 77 42 00 00 00 00 
R08:11:10   08 AC 06 1A 
R08:11:10   68 82 BE 67 34 07 CF 08 25 00 3F 06 51 64 00 CC CC 5F 43 00 00 00 00 00 AC 06 1A 52 64 00 33 33 
R08:11:10   47 43 00 00 00 00 00 AC 06 1A 53 64 00 9A 99 22 43 00 00 00 00 00 AC 06 1A 54 64 00 CC CC 74 42 
R08:11:10   00 00 00 00 00 AC 06 1A 55 64 00 00 00 A8 42 00 00 00 00 00 AC 06 1A 56 64 00 00 00 F6 42 00 00 
R08:11:10   00 00 00 AC 06 1A 57 64 00 66 66 12 42 00 00 00 00 00 AC 06 1A 58 64 00 34 33 77 42 00 00 00 00 
R08:11:10   00 AC 06 1A 
S08:11:10   68 04 01 00 C0 67 
R08:11:11   68 82 C0 67 34 07 CF 08 25 00 3F 06 59 64 00 00 00 00 00 00 00 00 00 00 AC 06 1A 5A 64 00 00 00 
R08:11:11   00 00 00 00 00 00 00 AC 06 1A 5B 64 00 00 00 00 00 00 00 00 00 00 AC 06 1A 5C 64 00 00 00 00 00 
R08:11:11   00 00 00 00 00 AC 06 1A 5D 64 00 00 00 00 00 00 00 00 00 00 AC 06 1A 5E 64 00 00 00 00 00 00 00 
R08:11:11   00 00 00 AC 06 1A 5F 64 00 00 00 00 00 00 00 00 00 00 AC 06 1A 60 64 00 00 00 00 00 00 00 00 00 
R08:11:11   00 AC 06 1A 
R08:11:11   68 4A C2 67 34 07 CE 08 25 00 3F 06 61 64 00 33 D8 0B 48 00 62 64 00 66 66 18 43 00 63 64 00 99 
R08:11:11   99 C9 42 00 64 64 00 66 1A 70 46 00 65 64 00 34 33 8B 42 00 66 64 00 99 E1 70 46 00 67 64 00 67 
R08:11:11   66 4E 42 00 68 64 00 33 33 47 42 00 
R08:11:11   68 82 C4 67 34 07 CF 08 25 00 3F 06 69 64 00 8D D6 0B 48 00 00 00 00 08 AC 06 1A 6A 64 00 66 66 
R08:11:11   18 43 00 00 00 00 08 AC 06 1A 6B 64 00 99 99 C9 42 00 00 00 00 08 AC 06 1A 6C 64 00 01 18 70 46 
R08:11:11   00 00 00 00 08 AC 06 1A 6D 64 00 34 33 8B 42 00 00 00 00 08 AC 06 1A 6E 64 00 33 DF 70 46 00 00 
R08:11:11   00 00 08 AC 06 1A 6F 64 00 67 66 4E 42 00 00 00 00 08 AC 06 1A 70 64 00 33 33 47 42 00 00 00 00 
R08:11:11   08 AC 06 1A 
S08:11:11   68 04 01 00 C6 67 
R08:11:12   68 82 C6 67 34 07 CF 08 25 00 3F 06 71 64 00 8C 9A 0B 48 00 00 00 00 00 AC 06 1A 72 64 00 66 66 
R08:11:12   18 43 00 00 00 00 00 AC 06 1A 73 64 00 99 99 C9 42 00 00 00 00 00 AC 06 1A 74 64 00 00 A0 6F 46 
R08:11:12   00 00 00 00 00 AC 06 1A 75 64 00 34 33 8B 42 00 00 00 00 00 AC 06 1A 76 64 00 34 67 70 46 00 00 
R08:11:12   00 00 00 AC 06 1A 77 64 00 67 66 4E 42 00 00 00 00 00 AC 06 1A 78 64 00 33 33 47 42 00 00 00 00 
R08:11:12   00 AC 06 1A 
R08:11:12   68 82 C8 67 34 07 CF 08 25 00 3F 06 79 64 00 FF 44 DE 47 00 3A AE 25 0D F1 05 1A 7A 64 00 66 66 
R08:11:12   18 43 00 3A AE 25 0D F1 05 1A 7B 64 00 99 99 C9 42 00 3A AE 25 0D F1 05 1A 7C 64 00 67 46 50 46 
R08:11:12   00 3A AE 25 0D F1 05 1A 7D 64 00 34 33 8B 42 00 3A AE 25 0D F1 05 1A 7E 64 00 33 0B 51 46 00 3A 
R08:11:12   AE 25 0D F1 05 1A 7F 64 00 67 66 4E 42 00 3A AE 25 0D F1 05 1A 80 64 00 CD CC 44 42 00 3A AE 25 
R08:11:12   0D F1 05 1A 
R08:11:13   68 4A CA 67 34 07 CE 08 25 00 3F 06 81 64 00 46 BC 48 4A 00 82 64 00 CC 6C 38 46 00 83 64 00 9A 
R08:11:13   31 2A 46 00 84 64 00 67 95 F0 47 00 85 64 00 CC 4C 8A 43 00 86 64 00 B3 C8 F0 47 00 87 64 00 34 
R08:11:13   B3 63 44 00 88 64 00 34 33 CD 42 00 
R08:11:13   68 82 CC 67 34 07 CF 08 25 00 3F 06 89 64 00 BF B9 48 4A 00 00 00 00 08 AC 06 1A 8A 64 00 CC 6C 
R08:11:13   38 46 00 00 00 00 08 AC 06 1A 8B 64 00 9A 31 2A 46 00 00 00 00 08 AC 06 1A 8C 64 00 CC 91 F0 47 
R08:11:13   00 00 00 00 08 AC 06 1A 8D 64 00 CC 4C 8A 43 00 00 00 00 08 AC 06 1A 8E 64 00 1A C5 F0 47 00 00 
R08:11:13   00 00 08 AC 06 1A 8F 64 00 34 B3 63 44 00 00 00 00 08 AC 06 1A 90 64 00 34 33 CD 42 00 00 00 00 
R08:11:13   08 AC 06 1A 
S08:11:13   68 04 01 00 CE 67 
R08:11:14   68 82 CE 67 34 07 CF 08 25 00 3F 06 91 64 00 AE 6C 48 4A 00 00 00 00 00 AC 06 1A 92 64 00 CC 6C 
R08:11:14   38 46 00 00 00 00 00 AC 06 1A 93 64 00 9A 31 2A 46 00 00 00 00 00 AC 06 1A 94 64 00 B3 3E F0 47 
R08:11:14   00 00 00 00 00 AC 06 1A 95 64 00 CC 4C 8A 43 00 00 00 00 00 AC 06 1A 96 64 00 00 72 F0 47 00 00 
R08:11:14   00 00 00 AC 06 1A 97 64 00 34 B3 63 44 00 00 00 00 00 AC 06 1A 98 64 00 34 33 CD 42 00 00 00 00 
R08:11:14   00 AC 06 1A 
R08:11:14   68 82 D0 67 34 07 CF 08 25 00 3F 06 99 64 00 2B C0 DB 49 00 BB 6F 25 0B 6F 04 1A 9A 64 00 00 00 
R08:11:14   99 44 00 BB 6F 25 0B 6F 04 1A 9B 64 00 9A 99 9C 43 00 BB 6F 25 0B 6F 04 1A 9C 64 00 CC 8A AC 47 
R08:11:14   00 BB 6F 25 0B 6F 04 1A 9D 64 00 66 66 89 43 00 BB 6F 25 0B 6F 04 1A 9E 64 00 19 BE AC 47 00 BB 
R08:11:14   6F 25 0B 6F 04 1A 9F 64 00 34 B3 63 44 00 BB 6F 25 0B 6F 04 1A A0 64 00 34 33 CD 42 00 BB 6F 25 
R08:11:14   0B 6F 04 1A 
R08:11:15   68 4A D2 67 34 07 CE 08 25 00 3F 06 A1 64 00 33 73 4C 44 00 A2 64 00 5A 04 6A 48 00 A3 64 00 98 
R08:11:15   99 CF 42 00 A4 64 00 66 26 AE 44 00 A5 64 00 2E A9 79 4A 00 A6 64 00 34 5B F9 45 00 A7 64 00 67 
R08:11:15   EA 69 48 00 A8 64 00 9A D1 CD 45 00 
R08:11:15   68 82 D4 67 34 07 CF 08 25 00 3F 06 A9 64 00 33 73 4C 44 00 00 00 00 08 AC 06 1A AA 64 00 B4 02 
R08:11:15   6A 48 00 00 00 00 08 AC 06 1A AB 64 00 98 99 CF 42 00 00 00 00 08 AC 06 1A AC 64 00 66 26 AE 44 
R08:11:15   00 00 00 00 08 AC 06 1A AD 64 00 7F A6 79 4A 00 00 00 00 08 AC 06 1A AE 64 00 34 5B F9 45 00 00 
R08:11:15   00 00 08 AC 06 1A AF 64 00 C1 E8 69 48 00 00 00 00 08 AC 06 1A B0 64 00 9A D1 CD 45 00 00 00 00 
R08:11:15   08 AC 06 1A 
S08:11:15   68 04 01 00 D6 67 
R08:11:16   68 82 D6 67 34 07 CF 08 25 00 3F 06 B1 64 00 33 73 4C 44 00 00 00 00 00 AC 06 1A B2 64 00 27 8B 
R08:11:16   69 48 00 00 00 00 00 AC 06 1A B3 64 00 98 99 CF 42 00 00 00 00 00 AC 06 1A B4 64 00 66 26 AE 44 
R08:11:16   00 00 00 00 00 AC 06 1A B5 64 00 CB 37 79 4A 00 00 00 00 00 AC 06 1A B6 64 00 34 5B F9 45 00 00 
R08:11:16   00 00 00 AC 06 1A B7 64 00 34 71 69 48 00 00 00 00 00 AC 06 1A B8 64 00 9A D1 CD 45 00 00 00 00 
R08:11:16   00 AC 06 1A 
R08:11:16   68 82 D8 67 34 07 CF 08 25 00 3F 06 B9 64 00 33 73 4C 44 00 7A 6D 25 0B 6F 04 1A BA 64 00 00 A3 
R08:11:16   1E 48 00 7A 6D 25 0B 6F 04 1A BB 64 00 98 99 CF 42 00 7A 6D 25 0B 6F 04 1A BC 64 00 66 26 AE 44 
R08:11:16   00 7A 6D 25 0B 6F 04 1A BD 64 00 7A F6 0A 4A 00 7A 6D 25 0B 6F 04 1A BE 64 00 CC 0C BB 44 00 7A 
R08:11:16   6D 25 0B 6F 04 1A BF 64 00 0D 89 1E 48 00 7A 6D 25 0B 6F 04 1A C0 64 00 67 66 CE 42 00 7A 6D 25 
R08:11:16   0B 6F 04 1A 
R08:11:17   68 0E DA 67 34 07 65 01 0A 00 3F 06 00 00 00 05 
S08:11:17   68 14 34 07 DC 67 67 01 06 00 3F 06 00 00 00 7D 43 0B 08 AC 06 1A 
R08:11:18   68 14 DC 67 36 07 67 01 07 00 3F 06 00 00 00 7D 43 0B 08 AC 06 1A 
S08:11:26   68 04 01 00 DE 67 
S08:11:42   68 04 43 00 00 00 
R08:11:43   68 04 83 00 00 00 
S08:11:59   68 04 43 00 00 00 
R08:12:00   68 04 83 00 00 00 
S08:12:16   68 04 43 00 00 00 
R08:12:17   68 04 83 00 00 00 
S08:12:33   68 04 43 00 00 00 
R08:12:34   68 04 83 00 00 00 
S08:12:50   68 04 43 00 00 00 
R08:12:50   68 04 83 00 00 00 
S08:13:06   68 04 43 00 00 00 
R08:13:06   68 04 83 00 00 00 
S08:13:22   68 04 43 00 00 00 
R08:13:22   68 04 83 00 00 00 
S08:13:38   68 04 43 00 00 00 
R08:13:38   68 04 83 00 00 00 
S08:13:54   68 04 43 00 00 00 
R08:14:00   68 04 83 00 00 00 
R08:14:14   68 04 43 00 00 00 
S08:14:14   68 04 83 00 00 00 
S08:14:30   68 04 43 00 00 00 
R08:14:30   68 04 83 00 00 00 
S08:14:46   68 04 43 00 00 00 
R08:14:46   68 04 83 00 00 00 
S08:15:02   68 04 43 00 00 00 
R08:15:02   68 04 83 00 00 00 
S08:15:18   68 04 43 00 00 00 
R08:15:18   68 04 83 00 00 00 
S08:15:34   68 04 43 00 00 00 
R08:15:34   68 04 83 00 00 00 
S08:15:50   68 04 43 00 00 00 
R08:15:50   68 04 83 00 00 00 
S08:16:06   68 04 43 00 00 00 
R08:16:06   68 04 83 00 00 00 
S08:16:22   68 04 43 00 00 00 
R08:16:22   68 04 83 00 00 00 
S08:16:38   68 04 43 00 00 00 
R08:16:38   68 04 83 00 00 00 
S08:16:54   68 04 43 00 00 00 
R08:16:54   68 04 83 00 00 00 
S08:17:10   68 04 43 00 00 00 
R08:17:10   68 04 83 00 00 00 
S08:17:26   68 04 43 00 00 00 
R08:17:26   68 04 83 00 00 00 
S08:17:42   68 04 43 00 00 00 
R08:17:42   68 04 83 00 00 00 
S08:17:58   68 04 43 00 00 00 
R08:17:58   68 04 83 00 00 00 
R08:18:12   68 32 DE 67 36 07 0D 05 03 00 3F 06 3A 40 00 04 56 34 42 00 3B 40 00 58 39 44 42 00 44 40 00 A4 
R08:18:12   70 53 42 00 45 40 00 C6 4B 3B 42 00 46 40 00 B6 F3 4B 42 00 
S08:18:12   68 04 01 00 E0 67 
R08:18:27   68 32 E0 67 36 07 0D 05 03 00 3F 06 3A 40 00 18 04 4E 42 00 3B 40 00 BA 49 5E 42 00 44 40 00 06 
R08:18:27   81 6D 42 00 45 40 00 21 B0 54 42 00 46 40 00 1D 5A 66 42 00 
S08:18:27   68 04 01 00 E2 67 
S08:18:43   68 04 43 00 00 00 
R08:18:43   68 04 83 00 00 00 
S08:18:59   68 04 43 00 00 00 
R08:18:59   68 04 83 00 00 00 
R08:19:01   68 12 E2 67 36 07 0D 01 03 00 3F 06 01 40 00 00 00 66 43 00 
S08:19:01   68 04 01 00 E4 67 
S08:19:17   68 04 43 00 00 00 
R08:19:17   68 04 83 00 00 00 
S08:19:33   68 04 43 00 00 00 
R08:19:33   68 04 83 00 00 00 
S08:19:49   68 04 43 00 00 00 
R08:19:49   68 04 83 00 00 00 
S08:20:05   68 04 43 00 00 00 
R08:20:05   68 04 83 00 00 00 
S08:20:21   68 04 43 00 00 00 
R08:20:21   68 04 83 00 00 00 
S08:20:37   68 04 43 00 00 00 
R08:20:37   68 04 83 00 00 00 
S08:20:53   68 04 43 00 00 00 
R08:20:53   68 04 83 00 00 00 
S08:21:09   68 04 43 00 00 00 
R08:21:09   68 04 83 00 00 00 
S08:21:25   68 04 43 00 00 00 
R08:21:25   68 04 83 00 00 00 
S08:21:41   68 04 43 00 00 00 
R08:21:41   68 04 83 00 00 00 
S08:21:57   68 04 43 00 00 00 
R08:21:58   68 04 83 00 00 00 
S08:22:14   68 04 43 00 00 00 
R08:22:15   68 04 83 00 00 00 
S08:22:31   68 04 43 00 00 00 
R08:22:32   68 04 83 00 00 00 
S08:22:48   68 04 43 00 00 00 
R08:22:49   68 04 83 00 00 00 
S08:23:05   68 04 43 00 00 00 
R08:23:06   68 04 83 00 00 00 
S08:23:22   68 04 43 00 00 00 
R08:23:23   68 04 83 00 00 00 
S08:23:39   68 04 43 00 00 00 
R08:23:40   68 04 83 00 00 00 
S08:23:56   68 04 43 00 00 00 
R08:23:57   68 04 83 00 00 00 
R08:24:03   68 1A E4 67 36 07 0D 02 03 00 3F 06 39 40 00 F8 53 45 42 00 3B 40 00 A0 1A 41 42 00 
S08:24:03   68 04 01 00 E6 67 
S08:24:19   68 04 43 00 00 00 
R08:24:20   68 04 83 00 00 00 
S08:24:36   68 04 43 00 00 00 
R08:24:37   68 04 83 00 00 00 
S08:24:53   68 04 43 00 00 00 
R08:24:54   68 04 83 00 00 00 
R08:24:56   68 12 E6 67 36 07 0D 01 03 00 3F 06 44 40 00 FE D4 54 42 00 
S08:24:56   68 04 01 00 E8 67 
S08:25:12   68 04 43 00 00 00 
R08:25:12   68 04 83 00 00 00 
S08:25:28   68 04 43 00 00 00 
R08:25:28   68 04 83 00 00 00 
R08:25:31   68 12 E8 67 36 07 0D 01 03 00 3F 06 01 40 00 00 00 63 43 00 
S08:25:31   68 04 01 00 EA 67 
S08:25:47   68 04 43 00 00 00 
R08:25:47   68 04 83 00 00 00 
S08:25:59   68 0E 36 07 EA 67 64 01 06 00 3F 06 00 00 00 14 
R08:25:59   68 0E EA 67 38 07 64 01 07 00 3F 06 00 00 00 14 
S08:25:59   68 04 01 00 EC 67 
R08:26:00   68 E6 EC 67 38 07 01 37 14 00 3F 06 01 00 00 00 02 00 00 00 03 00 00 00 04 00 00 00 05 00 00 00 
R08:26:00   06 00 00 00 07 00 00 01 08 00 00 00 09 00 00 00 0A 00 00 00 0B 00 00 00 0C 00 00 00 0D 00 00 00 
R08:26:00   0E 00 00 00 0F 00 00 00 10 00 00 00 11 00 00 00 12 00 00 00 13 00 00 00 14 00 00 00 15 00 00 00 
R08:26:00   16 00 00 00 17 00 00 00 18 00 00 00 19 00 00 00 1A 00 00 01 1B 00 00 01 1C 00 00 00 1D 00 00 01 
R08:26:00   1E 00 00 01 1F 00 00 01 20 00 00 00 21 00 00 00 22 00 00 00 23 00 00 00 24 00 00 00 25 00 00 00 
R08:26:00   26 00 00 00 27 00 00 00 28 00 00 00 29 00 00 01 2A 00 00 00 2B 00 00 00 2C 00 00 00 2D 00 00 00 
R08:26:00   2E 00 00 00 2F 00 00 00 30 00 00 00 31 00 00 00 32 00 00 00 33 00 00 00 34 00 00 00 35 00 00 00 
R08:26:00   36 00 00 00 37 00 00 00 
R08:26:00   68 D2 EE 67 38 07 01 32 14 00 3F 06 38 00 00 00 39 00 00 00 3A 00 00 00 3B 00 00 01 3C 00 00 00 
R08:26:00   3D 00 00 00 3E 00 00 01 3F 00 00 01 40 00 00 00 41 00 00 00 42 00 00 01 43 00 00 00 44 00 00 00 
R08:26:00   45 00 00 00 46 00 00 00 47 00 00 00 48 00 00 00 49 00 00 00 4A 00 00 01 4B 00 00 00 4C 00 00 00 
R08:26:00   4D 00 00 00 4E 00 00 00 4F 00 00 00 50 00 00 00 51 00 00 00 52 00 00 00 53 00 00 00 54 00 00 00 
R08:26:00   55 00 00 00 56 00 00 00 57 00 00 00 58 00 00 00 59 00 00 00 5A 00 00 00 5B 00 00 00 5C 00 00 01 
R08:26:00   5D 00 00 00 5E 00 00 00 5F 00 00 01 60 00 00 01 61 00 00 00 62 00 00 00 63 00 00 01 64 00 00 00 
R08:26:00   65 00 00 00 66 00 00 00 67 00 00 00 68 00 00 00 69 00 00 00 
R08:26:01   68 E6 F0 67 38 07 01 37 14 00 3F 06 69 00 00 00 6A 00 00 01 6B 00 00 00 6C 00 00 00 6D 00 00 00 
R08:26:01   6E 00 00 00 6F 00 00 00 70 00 00 00 71 00 00 00 72 00 00 00 73 00 00 00 74 00 00 00 75 00 00 00 
R08:26:01   76 00 00 00 77 00 00 00 78 00 00 00 79 00 00 00 7A 00 00 00 7B 00 00 00 7C 00 00 00 7D 00 00 01 
R08:26:01   7E 00 00 01 7F 00 00 00 80 00 00 01 81 00 00 01 82 00 00 01 83 00 00 00 84 00 00 00 85 00 00 00 
R08:26:01   86 00 00 00 87 00 00 00 88 00 00 00 89 00 00 00 8A 00 00 00 8B 00 00 01 8C 00 00 00 8D 00 00 00 
R08:26:01   8E 00 00 00 8F 00 00 00 90 00 00 00 91 00 00 00 92 00 00 00 93 00 00 00 94 00 00 00 95 00 00 00 
R08:26:01   96 00 00 00 97 00 00 00 98 00 00 00 99 00 00 00 9A 00 00 00 9B 00 00 00 9C 00 00 00 9D 00 00 00 
R08:26:01   9E 00 00 01 9F 00 00 00 
R08:26:01   68 A6 F2 67 38 07 01 27 14 00 3F 06 A0 00 00 00 A1 00 00 01 A2 00 00 01 A3 00 00 01 A4 00 00 00 
R08:26:01   A5 00 00 00 A6 00 00 00 A7 00 00 00 A8 00 00 00 A9 00 00 00 AA 00 00 00 AB 00 00 00 AC 00 00 01 
R08:26:01   AD 00 00 00 AE 00 00 00 AF 00 00 00 B0 00 00 00 B1 00 00 00 B2 00 00 00 B3 00 00 00 B4 00 00 00 
R08:26:01   B5 00 00 00 B6 00 00 00 B7 00 00 00 B8 00 00 00 B9 00 00 00 BA 00 00 00 BB 00 00 00 BC 00 00 00 
R08:26:01   BD 00 00 00 BE 00 00 00 BF 00 00 01 C0 00 00 00 C1 00 00 00 C2 00 00 01 C3 00 00 01 C4 00 00 01 
R08:26:01   C5 00 00 00 C6 00 00 00 
S08:26:01   68 04 01 00 F4 67 
R08:26:02   68 EA F4 67 38 07 0D 1C 14 00 3F 06 01 40 00 00 00 65 43 00 02 40 00 3D 0A 54 42 00 03 40 00 25 
R08:26:02   06 27 41 00 04 40 00 00 00 00 00 00 05 40 00 9A 99 27 41 00 06 40 00 00 00 00 00 00 07 40 00 8D 
R08:26:02   17 48 42 00 08 40 00 00 00 00 00 00 09 40 00 00 00 00 00 00 0A 40 00 00 00 00 00 00 0B 40 00 00 
R08:26:02   00 00 00 00 0C 40 00 00 00 00 00 00 0D 40 00 00 00 00 00 00 0E 40 00 00 00 00 00 00 0F 40 00 00 
R08:26:02   00 00 00 00 10 40 00 00 00 00 00 00 11 40 00 00 00 00 00 00 12 40 00 00 00 00 00 00 13 40 00 00 
R08:26:02   00 00 00 00 14 40 00 00 00 00 00 00 15 40 00 00 00 00 00 00 16 40 00 00 00 00 00 00 17 40 00 00 
R08:26:02   00 00 00 00 18 40 00 00 00 00 00 00 19 40 00 00 00 00 00 00 1A 40 00 00 00 00 00 00 1B 40 00 00 
R08:26:02   00 00 00 00 1C 40 00 00 00 00 00 00 
R08:26:02   68 6A F6 67 38 07 0D 0C 14 00 3F 06 1D 40 00 00 00 00 00 00 1E 40 00 00 00 00 00 00 1F 40 00 00 
R08:26:02   00 00 00 00 20 40 00 00 00 00 00 00 21 40 00 00 00 00 00 00 22 40 00 00 00 00 00 00 23 40 00 00 
R08:26:02   00 00 00 00 24 40 00 00 00 00 00 00 25 40 00 00 00 00 00 00 26 40 00 00 00 00 00 00 27 40 00 00 
R08:26:02   00 00 00 00 28 40 00 00 00 00 00 00 
R08:26:03   68 EA F8 67 38 07 0D 1C 14 00 3F 06 29 40 00 00 00 00 00 00 2A 40 00 00 00 00 00 00 2B 40 00 00 
R08:26:03   00 00 00 00 2C 40 00 00 00 00 00 00 2D 40 00 00 00 00 00 00 2E 40 00 00 00 00 00 00 2F 40 00 00 
R08:26:03   00 00 00 00 30 40 00 00 00 00 00 00 31 40 00 00 00 00 00 00 32 40 00 00 00 00 00 00 33 40 00 00 
R08:26:03   00 00 00 00 34 40 00 00 00 00 00 00 35 40 00 00 00 00 00 00 36 40 00 00 00 00 00 00 37 40 00 00 
R08:26:03   00 00 00 00 38 40 00 00 00 00 00 00 39 40 00 7D 3F 4D 42 00 3A 40 00 E6 D0 46 42 00 3B 40 00 60 
R08:26:03   E5 50 42 00 3C 40 00 00 00 00 00 00 3D 40 00 A4 30 66 44 00 3E 40 00 3E 0A 83 C2 00 3F 40 00 64 
R08:26:03   3B 7F 3F 00 40 40 00 00 00 00 00 00 41 40 00 00 00 00 00 00 42 40 00 00 00 00 00 00 43 40 00 00 
R08:26:03   00 00 00 00 44 40 00 06 81 61 42 00 
R08:26:03   68 3A FA 67 38 07 0D 06 14 00 3F 06 45 40 00 9B C4 58 42 00 46 40 00 F2 D2 5F 42 00 47 40 00 00 
R08:26:03   00 00 00 00 48 40 00 E2 3A 7A C4 00 49 40 00 A4 70 91 42 00 4A 40 00 64 3B 7F BF 00 
S08:26:03   68 04 01 00 FC 67 
R08:26:04   68 0E FC 67 38 07 64 01 0A 00 3F 06 00 00 00 14 
S08:26:04   68 0E 38 07 FE 67 65 01 06 00 3F 06 00 00 00 05 
R08:26:05   68 0E FE 67 3A 07 65 01 07 00 3F 06 00 00 00 05 
R08:26:06   68 4A 00 68 3A 07 CE 08 25 00 3F 06 01 64 00 C9 45 1C 49 00 02 64 00 66 66 03 44 00 03 64 00 67 
R08:26:06   66 FE 43 00 04 64 00 7F F9 F4 47 00 05 64 00 00 00 AE 42 00 06 64 00 00 1C F5 47 00 07 64 00 66 
R08:26:06   66 86 41 00 08 64 00 00 00 8A 42 00 
R08:26:06   68 82 02 68 3A 07 CF 08 25 00 3F 06 09 64 00 90 45 1C 49 00 00 00 0F 08 AC 06 1A 0A 64 00 66 66 
R08:26:06   03 44 00 00 00 0F 08 AC 06 1A 0B 64 00 67 66 FE 43 00 00 00 0F 08 AC 06 1A 0C 64 00 33 F9 F4 47 
R08:26:06   00 00 00 0F 08 AC 06 1A 0D 64 00 00 00 AE 42 00 00 00 0F 08 AC 06 1A 0E 64 00 B4 1B F5 47 00 00 
R08:26:06   00 0F 08 AC 06 1A 0F 64 00 66 66 86 41 00 00 00 0F 08 AC 06 1A 10 64 00 00 00 8A 42 00 00 00 0F 
R08:26:06   08 AC 06 1A 
S08:26:06   68 04 01 00 04 68 
R08:26:07   68 82 04 68 3A 07 CF 08 25 00 3F 06 11 64 00 39 D0 1B 49 00 00 00 00 00 AC 06 1A 12 64 00 66 66 
R08:26:07   03 44 00 00 00 00 00 AC 06 1A 13 64 00 67 66 FE 43 00 00 00 00 00 AC 06 1A 14 64 00 66 55 F4 47 
R08:26:07   00 00 00 00 00 AC 06 1A 15 64 00 00 00 AE 42 00 00 00 00 00 AC 06 1A 16 64 00 E7 77 F4 47 00 00 
R08:26:07   00 00 00 AC 06 1A 17 64 00 66 66 86 41 00 00 00 00 00 AC 06 1A 18 64 00 00 00 8A 42 00 00 00 00 
R08:26:07   00 AC 06 1A 
R08:26:07   68 82 06 68 3A 07 CF 08 25 00 3F 06 19 64 00 00 00 00 00 00 00 00 00 00 AC 06 1A 1A 64 00 00 00 
R08:26:07   00 00 00 00 00 00 00 AC 06 1A 1B 64 00 00 00 00 00 00 00 00 00 00 AC 06 1A 1C 64 00 00 00 00 00 
R08:26:07   00 00 00 00 00 AC 06 1A 1D 64 00 00 00 00 00 00 00 00 00 00 AC 06 1A 1E 64 00 00 00 00 00 00 00 
R08:26:07   00 00 00 AC 06 1A 1F 64 00 00 00 00 00 00 00 00 00 00 AC 06 1A 20 64 00 00 00 00 00 00 00 00 00 
R08:26:07   00 AC 06 1A 
R08:26:07   68 4A 08 68 3A 07 CE 08 25 00 3F 06 21 64 00 CC CC 41 43 00 22 64 00 34 33 0B 43 00 23 64 00 66 
R08:26:07   66 AA 42 00 24 64 00 CD CC EE 42 00 25 64 00 CD CC C4 42 00 26 64 00 CC CC 29 43 00 27 64 00 FF 
R08:26:07   FF 57 42 00 28 64 00 99 99 49 42 00 
S08:26:07   68 04 01 00 0A 68 
R08:26:08   68 82 0A 68 3A 07 CF 08 25 00 3F 06 29 64 00 CC CC 41 43 00 00 00 0F 08 AC 06 1A 2A 64 00 34 33 
R08:26:08   0B 43 00 00 00 0F 08 AC 06 1A 2B 64 00 66 66 AA 42 00 00 00 0F 08 AC 06 1A 2C 64 00 CD CC EE 42 
R08:26:08   00 00 00 0F 08 AC 06 1A 2D 64 00 CD CC C4 42 00 00 00 0F 08 AC 06 1A 2E 64 00 CC CC 29 43 00 00 
R08:26:08   00 0F 08 AC 06 1A 2F 64 00 FF FF 57 42 00 00 00 0F 08 AC 06 1A 30 64 00 99 99 49 42 00 00 00 0F 
R08:26:08   08 AC 06 1A 
R08:26:08   68 82 0C 68 3A 07 CF 08 25 00 3F 06 31 64 00 CC CC 41 43 00 00 00 00 00 AC 06 1A 32 64 00 34 33 
R08:26:08   0B 43 00 00 00 00 00 AC 06 1A 33 64 00 66 66 AA 42 00 00 00 00 00 AC 06 1A 34 64 00 CD CC EE 42 
R08:26:08   00 00 00 00 00 AC 06 1A 35 64 00 CD CC C4 42 00 00 00 00 00 AC 06 1A 36 64 00 CC CC 29 43 00 00 
R08:26:08   00 00 00 AC 06 1A 37 64 00 FF FF 57 42 00 00 00 00 00 AC 06 1A 38 64 00 99 99 49 42 00 00 00 00 
R08:26:08   00 AC 06 1A 
R08:26:09   68 82 0E 68 3A 07 CF 08 25 00 3F 06 39 64 00 00 00 00 00 00 00 00 00 00 AC 06 1A 3A 64 00 00 00 
R08:26:09   00 00 00 00 00 00 00 AC 06 1A 3B 64 00 00 00 00 00 00 00 00 00 00 AC 06 1A 3C 64 00 00 00 00 00 
R08:26:09   00 00 00 00 00 AC 06 1A 3D 64 00 00 00 00 00 00 00 00 00 00 AC 06 1A 3E 64 00 00 00 00 00 00 00 
R08:26:09   00 00 00 AC 06 1A 3F 64 00 00 00 00 00 00 00 00 00 00 AC 06 1A 40 64 00 00 00 00 00 00 00 00 00 
R08:26:09   00 AC 06 1A 
R08:26:09   68 4A 10 68 3A 07 CE 08 25 00 3F 06 41 64 00 CC CC 5F 43 00 42 64 00 33 33 47 43 00 43 64 00 9A 
R08:26:09   99 22 43 00 44 64 00 CC CC 74 42 00 45 64 00 00 00 A8 42 00 46 64 00 00 00 F6 42 00 47 64 00 66 
R08:26:09   66 12 42 00 48 64 00 34 33 77 42 00 
S08:26:09   68 04 01 00 12 68 
R08:26:10   68 82 12 68 3A 07 CF 08 25 00 3F 06 49 64 00 CC CC 5F 43 00 00 00 0F 08 AC 06 1A 4A 64 00 33 33 
R08:26:10   47 43 00 00 00 0F 08 AC 06 1A 4B 64 00 9A 99 22 43 00 00 00 0F 08 AC 06 1A 4C 64 00 CC CC 74 42 
R08:26:10   00 00 00 0F 08 AC 06 1A 4D 64 00 00 00 A8 42 00 00 00 0F 08 AC 06 1A 4E 64 00 00 00 F6 42 00 00 
R08:26:10   00 0F 08 AC 06 1A 4F 64 00 66 66 12 42 00 00 00 0F 08 AC 06 1A 50 64 00 34 33 77 42 00 00 00 0F 
R08:26:10   08 AC 06 1A 
R08:26:10   68 82 14 68 3A 07 CF 08 25 00 3F 06 51 64 00 CC CC 5F 43 00 00 00 00 00 AC 06 1A 52 64 00 33 33 
R08:26:10   47 43 00 00 00 00 00 AC 06 1A 53 64 00 9A 99 22 43 00 00 00 00 00 AC 06 1A 54 64 00 CC CC 74 42 
R08:26:10   00 00 00 00 00 AC 06 1A 55 64 00 00 00 A8 42 00 00 00 00 00 AC 06 1A 56 64 00 00 00 F6 42 00 00 
R08:26:10   00 00 00 AC 06 1A 57 64 00 66 66 12 42 00 00 00 00 00 AC 06 1A 58 64 00 34 33 77 42 00 00 00 00 
R08:26:10   00 AC 06 1A 
R08:26:10   68 82 16 68 3A 07 CF 08 25 00 3F 06 59 64 00 00 00 00 00 00 00 00 00 00 AC 06 1A 5A 64 00 00 00 
R08:26:10   00 00 00 00 00 00 00 AC 06 1A 5B 64 00 00 00 00 00 00 00 00 00 00 AC 06 1A 5C 64 00 00 00 00 00 
R08:26:10   00 00 00 00 00 AC 06 1A 5D 64 00 00 00 00 00 00 00 00 00 00 AC 06 1A 5E 64 00 00 00 00 00 00 00 
R08:26:10   00 00 00 AC 06 1A 5F 64 00 00 00 00 00 00 00 00 00 00 AC 06 1A 60 64 00 00 00 00 00 00 00 00 00 
R08:26:10   00 AC 06 1A 
S08:26:10   68 04 01 00 18 68 
R08:26:11   68 4A 18 68 3A 07 CE 08 25 00 3F 06 61 64 00 26 DA 0B 48 00 62 64 00 66 66 18 43 00 63 64 00 99 
R08:26:11   99 C9 42 00 64 64 00 33 1F 70 46 00 65 64 00 34 33 8B 42 00 66 64 00 67 E6 70 46 00 67 64 00 67 
R08:26:11   66 4E 42 00 68 64 00 33 33 47 42 00 
R08:26:11   68 82 1A 68 3A 07 CF 08 25 00 3F 06 69 64 00 CC D8 0B 48 00 00 00 0F 08 AC 06 1A 6A 64 00 66 66 
R08:26:11   18 43 00 00 00 0F 08 AC 06 1A 6B 64 00 99 99 C9 42 00 00 00 0F 08 AC 06 1A 6C 64 00 CC 1C 70 46 
R08:26:11   00 00 00 0F 08 AC 06 1A 6D 64 00 34 33 8B 42 00 00 00 0F 08 AC 06 1A 6E 64 00 00 E4 70 46 00 00 
R08:26:11   00 0F 08 AC 06 1A 6F 64 00 67 66 4E 42 00 00 00 0F 08 AC 06 1A 70 64 00 33 33 47 42 00 00 00 0F 
R08:26:11   08 AC 06 1A 
R08:26:12   68 82 1C 68 3A 07 CF 08 25 00 3F 06 71 64 00 8C 9A 0B 48 00 00 00 00 00 AC 06 1A 72 64 00 66 66 
R08:26:12   18 43 00 00 00 00 00 AC 06 1A 73 64 00 99 99 C9 42 00 00 00 00 00 AC 06 1A 74 64 00 00 A0 6F 46 
R08:26:12   00 00 00 00 00 AC 06 1A 75 64 00 34 33 8B 42 00 00 00 00 00 AC 06 1A 76 64 00 34 67 70 46 00 00 
R08:26:12   00 00 00 AC 06 1A 77 64 00 67 66 4E 42 00 00 00 00 00 AC 06 1A 78 64 00 33 33 47 42 00 00 00 00 
R08:26:12   00 AC 06 1A 
S08:26:12   68 04 01 00 1E 68 
R08:26:12   68 82 1E 68 3A 07 CF 08 25 00 3F 06 79 64 00 FF 44 DE 47 00 3A AE 25 0D F1 05 1A 7A 64 00 66 66 
R08:26:12   18 43 00 3A AE 25 0D F1 05 1A 7B 64 00 99 99 C9 42 00 3A AE 25 0D F1 05 1A 7C 64 00 67 46 50 46 
R08:26:12   00 3A AE 25 0D F1 05 1A 7D 64 00 34 33 8B 42 00 3A AE 25 0D F1 05 1A 7E 64 00 33 0B 51 46 00 3A 
R08:26:12   AE 25 0D F1 05 1A 7F 64 00 67 66 4E 42 00 3A AE 25 0D F1 05 1A 80 64 00 CD CC 44 42 00 3A AE 25 
R08:26:12   0D F1 05 1A 
R08:26:13   68 4A 20 68 3A 07 CE 08 25 00 3F 06 81 64 00 FC BF 48 4A 00 82 64 00 CC 6C 38 46 00 83 64 00 9A 
R08:26:13   31 2A 46 00 84 64 00 34 9A F0 47 00 85 64 00 CC 4C 8A 43 00 86 64 00 80 CD F0 47 00 87 64 00 34 
R08:26:13   B3 63 44 00 88 64 00 34 33 CD 42 00 
R08:26:13   68 82 22 68 3A 07 CF 08 25 00 3F 06 89 64 00 4D BD 48 4A 00 00 00 0F 08 AC 06 1A 8A 64 00 CC 6C 
R08:26:13   38 46 00 00 00 0F 08 AC 06 1A 8B 64 00 9A 31 2A 46 00 00 00 0F 08 AC 06 1A 8C 64 00 99 96 F0 47 
R08:26:13   00 00 00 0F 08 AC 06 1A 8D 64 00 CC 4C 8A 43 00 00 00 0F 08 AC 06 1A 8E 64 00 E7 C9 F0 47 00 00 
R08:26:13   00 0F 08 AC 06 1A 8F 64 00 34 B3 63 44 00 00 00 0F 08 AC 06 1A 90 64 00 34 33 CD 42 00 00 00 0F 
R08:26:13   08 AC 06 1A 
S08:26:13   68 04 01 00 24 68 
R08:26:14   68 82 24 68 3A 07 CF 08 25 00 3F 06 91 64 00 AE 6C 48 4A 00 00 00 00 00 AC 06 1A 92 64 00 CC 6C 
R08:26:14   38 46 00 00 00 00 00 AC 06 1A 93 64 00 9A 31 2A 46 00 00 00 00 00 AC 06 1A 94 64 00 B3 3E F0 47 
R08:26:14   00 00 00 00 00 AC 06 1A 95 64 00 CC 4C 8A 43 00 00 00 00 00 AC 06 1A 96 64 00 00 72 F0 47 00 00 
R08:26:14   00 00 00 AC 06 1A 97 64 00 34 B3 63 44 00 00 00 00 00 AC 06 1A 98 64 00 34 33 CD 42 00 00 00 00 
R08:26:14   00 AC 06 1A 
R08:26:14   68 82 26 68 3A 07 CF 08 25 00 3F 06 99 64 00 2B C0 DB 49 00 BB 6F 25 0B 6F 04 1A 9A 64 00 00 00 
R08:26:14   99 44 00 BB 6F 25 0B 6F 04 1A 9B 64 00 9A 99 9C 43 00 BB 6F 25 0B 6F 04 1A 9C 64 00 CC 8A AC 47 
R08:26:14   00 BB 6F 25 0B 6F 04 1A 9D 64 00 66 66 89 43 00 BB 6F 25 0B 6F 04 1A 9E 64 00 19 BE AC 47 00 BB 
R08:26:14   6F 25 0B 6F 04 1A 9F 64 00 34 B3 63 44 00 BB 6F 25 0B 6F 04 1A A0 64 00 34 33 CD 42 00 BB 6F 25 
R08:26:14   0B 6F 04 1A 
R08:26:14   68 4A 28 68 3A 07 CE 08 25 00 3F 06 A1 64 00 33 73 4C 44 00 A2 64 00 33 07 6A 48 00 A3 64 00 98 
R08:26:14   99 CF 42 00 A4 64 00 66 26 AE 44 00 A5 64 00 14 AD 79 4A 00 A6 64 00 34 5B F9 45 00 A7 64 00 40 
R08:26:14   ED 69 48 00 A8 64 00 9A D1 CD 45 00 
S08:26:14   68 04 01 00 2A 68 
R08:26:15   68 82 2A 68 3A 07 CF 08 25 00 3F 06 A9 64 00 33 73 4C 44 00 00 00 0F 08 AC 06 1A AA 64 00 19 05 
R08:26:15   6A 48 00 00 00 0F 08 AC 06 1A AB 64 00 98 99 CF 42 00 00 00 0F 08 AC 06 1A AC 64 00 66 26 AE 44 
R08:26:15   00 00 00 0F 08 AC 06 1A AD 64 00 40 AA 79 4A 00 00 00 0F 08 AC 06 1A AE 64 00 34 5B F9 45 00 00 
R08:26:15   00 0F 08 AC 06 1A AF 64 00 26 EB 69 48 00 00 00 0F 08 AC 06 1A B0 64 00 9A D1 CD 45 00 00 00 0F 
R08:26:15   08 AC 06 1A 
R08:26:15   68 82 2C 68 3A 07 CF 08 25 00 3F 06 B1 64 00 33 73 4C 44 00 00 00 00 00 AC 06 1A B2 64 00 27 8B 
R08:26:15   69 48 00 00 00 00 00 AC 06 1A B3 64 00 98 99 CF 42 00 00 00 00 00 AC 06 1A B4 64 00 66 26 AE 44 
R08:26:15   00 00 00 00 00 AC 06 1A B5 64 00 CB 37 79 4A 00 00 00 00 00 AC 06 1A B6 64 00 34 5B F9 45 00 00 
R08:26:15   00 00 00 AC 06 1A B7 64 00 34 71 69 48 00 00 00 00 00 AC 06 1A B8 64 00 9A D1 CD 45 00 00 00 00 
R08:26:15   00 AC 06 1A 
R08:26:16   68 82 2E 68 3A 07 CF 08 25 00 3F 06 B9 64 00 33 73 4C 44 00 7A 6D 25 0B 6F 04 1A BA 64 00 00 A3 
R08:26:16   1E 48 00 7A 6D 25 0B 6F 04 1A BB 64 00 98 99 CF 42 00 7A 6D 25 0B 6F 04 1A BC 64 00 66 26 AE 44 
R08:26:16   00 7A 6D 25 0B 6F 04 1A BD 64 00 7A F6 0A 4A 00 7A 6D 25 0B 6F 04 1A BE 64 00 CC 0C BB 44 00 7A 
R08:26:16   6D 25 0B 6F 04 1A BF 64 00 0D 89 1E 48 00 7A 6D 25 0B 6F 04 1A C0 64 00 67 66 CE 42 00 7A 6D 25 
R08:26:16   0B 6F 04 1A 
R08:26:16   68 0E 30 68 3A 07 65 01 0A 00 3F 06 00 00 00 05 
S08:26:16   68 14 3A 07 32 68 67 01 06 00 3F 06 00 00 00 4E 41 1A 08 AC 06 1A 
R08:26:17   68 14 32 68 3C 07 67 01 07 00 3F 06 00 00 00 4E 41 1A 08 AC 06 1A 
S08:26:25   68 04 01 00 34 68 
S08:26:41   68 04 43 00 00 00 
R08:26:41   68 04 83 00 00 00 
S08:26:57   68 04 43 00 00 00 
R08:26:57   68 04 83 00 00 00 
S08:27:13   68 04 43 00 00 00 
R08:27:13   68 04 83 00 00 00 
S08:27:29   68 04 43 00 00 00 
R08:27:29   68 04 83 00 00 00 
S08:27:45   68 04 43 00 00 00 
R08:27:45   68 04 83 00 00 00 
R08:27:50   68 22 34 68 3C 07 0D 03 03 00 3F 06 39 40 00 F3 FD 68 42 00 44 40 00 79 E9 7C 42 00 46 40 00 51 
R08:27:50   8D 79 42 00 
S08:27:50   68 04 01 00 36 68 
R08:27:57   68 12 36 68 3C 07 0D 01 03 00 3F 06 3B 40 00 B2 9D 69 42 00 
S08:28:01   68 04 01 00 38 68 
S08:28:17   68 04 43 00 00 00 
R08:28:17   68 04 83 00 00 00 
S08:28:33   68 04 43 00 00 00 
R08:28:33   68 04 83 00 00 00 
S08:28:49   68 04 43 00 00 00 
R08:28:49   68 04 83 00 00 00 
S08:29:05   68 04 43 00 00 00 
R08:29:05   68 04 83 00 00 00 
S08:29:21   68 04 43 00 00 00 
R08:29:21   68 04 83 00 00 00 
S08:29:37   68 04 43 00 00 00 
R08:29:37   68 04 83 00 00 00 
S08:29:53   68 04 43 00 00 00 
R08:29:53   68 04 83 00 00 00 
S08:30:09   68 04 43 00 00 00 
R08:30:09   68 04 83 00 00 00 
S08:30:25   68 04 43 00 00 00 
R08:30:25   68 04 83 00 00 00 
S08:30:41   68 04 43 00 00 00 
R08:30:41   68 04 83 00 00 00 
S08:30:57   68 04 43 00 00 00 
R08:30:57   68 04 83 00 00 00 
S08:31:13   68 04 43 00 00 00 
R08:31:13   68 04 83 00 00 00 
S08:31:29   68 04 43 00 00 00 
R08:31:29   68 04 83 00 00 00 
S08:31:45   68 04 43 00 00 00 
R08:31:45   68 04 83 00 00 00 
S08:32:01   68 04 43 00 00 00 
R08:32:01   68 04 83 00 00 00 
S08:32:17   68 04 43 00 00 00 
R08:32:17   68 04 83 00 00 00 
S08:32:33   68 04 43 00 00 00 
R08:32:33   68 04 83 00 00 00 
S08:32:49   68 04 43 00 00 00 
R08:32:49   68 04 83 00 00 00 
S08:33:05   68 04 43 00 00 00 
R08:33:05   68 04 83 00 00 00 
S08:33:21   68 04 43 00 00 00 
R08:33:21   68 04 83 00 00 00 
S08:33:37   68 04 43 00 00 00 
R08:33:37   68 04 83 00 00 00 
S08:33:53   68 04 43 00 00 00 
R08:33:54   68 04 83 00 00 00 
S08:34:10   68 04 43 00 00 00 
R08:34:10   68 04 83 00 00 00 
S08:34:26   68 04 43 00 00 00 
R08:34:26   68 04 83 00 00 00 
S08:34:42   68 04 43 00 00 00 
R08:34:42   68 04 83 00 00 00 
S08:34:58   68 04 43 00 00 00 
R08:34:59   68 04 83 00 00 00 
S08:35:15   68 04 43 00 00 00 
R08:35:16   68 04 83 00 00 00 
S08:35:32   68 04 43 00 00 00 
R08:35:33   68 04 83 00 00 00 
S08:35:49   68 04 43 00 00 00 
R08:35:50   68 04 83 00 00 00 
S08:36:06   68 04 43 00 00 00 
R08:36:07   68 04 83 00 00 00 
S08:36:23   68 04 43 00 00 00 
R08:36:24   68 04 83 00 00 00 
S08:36:40   68 04 43 00 00 00 
R08:36:41   68 04 83 00 00 00 
S08:36:57   68 04 43 00 00 00 
R08:36:58   68 04 83 00 00 00 
S08:37:14   68 04 43 00 00 00 
R08:37:15   68 04 83 00 00 00 
S08:37:31   68 04 43 00 00 00 
R08:37:31   68 04 83 00 00 00 
S08:37:47   68 04 43 00 00 00 
R08:37:47   68 04 83 00 00 00 
S08:38:03   68 04 43 00 00 00 
R08:38:03   68 04 83 00 00 00 
S08:38:19   68 04 43 00 00 00 
R08:38:19   68 04 83 00 00 00 
R08:38:23   68 12 38 68 3C 07 0D 01 03 00 3F 06 3B 40 00 54 E3 4F 42 00 
S08:38:23   68 04 01 00 3A 68 
S08:38:39   68 04 43 00 00 00 
R08:38:39   68 04 83 00 00 00 
S08:38:55   68 04 43 00 00 00 
R08:38:55   68 04 83 00 00 00 
S08:39:11   68 04 43 00 00 00 
R08:39:11   68 04 83 00 00 00 
S08:39:27   68 04 43 00 00 00 
R08:39:27   68 04 83 00 00 00 
S08:39:43   68 04 43 00 00 00 
R08:39:43   68 04 83 00 00 00 
S08:39:59   68 04 43 00 00 00 
R08:39:59   68 04 83 00 00 00 
R08:40:09   68 12 3A 68 3C 07 0D 01 03 00 3F 06 44 40 00 70 3D 64 42 00 
S08:40:09   68 04 01 00 3C 68 
S08:40:25   68 04 43 00 00 00 
R08:40:25   68 04 83 00 00 00 
R08:40:39   68 12 3C 68 3C 07 0D 01 03 00 3F 06 46 40 00 EE 7C 5F 42 00 
S08:40:39   68 04 01 00 3E 68 
S08:40:55   68 04 43 00 00 00 
R08:40:55   68 04 83 00 00 00 
S08:40:59   68 0E 3C 07 3E 68 64 01 06 00 3F 06 00 00 00 14 
R08:40:59   68 0E 3E 68 3E 07 64 01 07 00 3F 06 00 00 00 14 
S08:40:59   68 04 01 00 40 68 
R08:41:00   68 E6 40 68 3E 07 01 37 14 00 3F 06 01 00 00 00 02 00 00 00 03 00 00 00 04 00 00 00 05 00 00 00 
R08:41:00   06 00 00 00 07 00 00 01 08 00 00 00 09 00 00 00 0A 00 00 00 0B 00 00 00 0C 00 00 00 0D 00 00 00 
R08:41:00   0E 00 00 00 0F 00 00 00 10 00 00 00 11 00 00 00 12 00 00 00 13 00 00 00 14 00 00 00 15 00 00 00 
R08:41:00   16 00 00 00 17 00 00 00 18 00 00 00 19 00 00 00 1A 00 00 01 1B 00 00 01 1C 00 00 00 1D 00 00 01 
R08:41:00   1E 00 00 01 1F 00 00 01 20 00 00 00 21 00 00 00 22 00 00 00 23 00 00 00 24 00 00 00 25 00 00 00 
R08:41:00   26 00 00 00 27 00 00 00 28 00 00 00 29 00 00 01 2A 00 00 00 2B 00 00 00 2C 00 00 00 2D 00 00 00 
R08:41:00   2E 00 00 00 2F 00 00 00 30 00 00 00 31 00 00 00 32 00 00 00 33 00 00 00 34 00 00 00 35 00 00 00 
R08:41:00   36 00 00 00 37 00 00 00 
R08:41:00   68 D2 42 68 3E 07 01 32 14 00 3F 06 38 00 00 00 39 00 00 00 3A 00 00 00 3B 00 00 01 3C 00 00 00 
R08:41:00   3D 00 00 00 3E 00 00 01 3F 00 00 01 40 00 00 00 41 00 00 00 42 00 00 01 43 00 00 00 44 00 00 00 
R08:41:00   45 00 00 00 46 00 00 00 47 00 00 00 48 00 00 00 49 00 00 00 4A 00 00 01 4B 00 00 00 4C 00 00 00 
R08:41:00   4D 00 00 00 4E 00 00 00 4F 00 00 00 50 00 00 00 51 00 00 00 52 00 00 00 53 00 00 00 54 00 00 00 
R08:41:00   55 00 00 00 56 00 00 00 57 00 00 00 58 00 00 00 59 00 00 00 5A 00 00 00 5B 00 00 00 5C 00 00 01 
R08:41:00   5D 00 00 00 5E 00 00 00 5F 00 00 01 60 00 00 01 61 00 00 00 62 00 00 00 63 00 00 01 64 00 00 00 
R08:41:00   65 00 00 00 66 00 00 00 67 00 00 00 68 00 00 00 69 00 00 00 
R08:41:00   68 E6 44 68 3E 07 01 37 14 00 3F 06 69 00 00 00 6A 00 00 01 6B 00 00 00 6C 00 00 00 6D 00 00 00 
R08:41:00   6E 00 00 00 6F 00 00 00 70 00 00 00 71 00 00 00 72 00 00 00 73 00 00 00 74 00 00 00 75 00 00 00 
R08:41:00   76 00 00 00 77 00 00 00 78 00 00 00 79 00 00 00 7A 00 00 00 7B 00 00 00 7C 00 00 00 7D 00 00 01 
R08:41:00   7E 00 00 01 7F 00 00 00 80 00 00 01 81 00 00 01 82 00 00 01 83 00 00 00 84 00 00 00 85 00 00 00 
R08:41:00   86 00 00 00 87 00 00 00 88 00 00 00 89 00 00 00 8A 00 00 00 8B 00 00 01 8C 00 00 00 8D 00 00 00 
R08:41:00   8E 00 00 00 8F 00 00 00 90 00 00 00 91 00 00 00 92 00 00 00 93 00 00 00 94 00 00 00 95 00 00 00 
R08:41:00   96 00 00 00 97 00 00 00 98 00 00 00 99 00 00 00 9A 00 00 00 9B 00 00 00 9C 00 00 00 9D 00 00 00 
R08:41:00   9E 00 00 01 9F 00 00 00 
S08:41:00   68 04 01 00 46 68 
R08:41:01   68 A6 46 68 3E 07 01 27 14 00 3F 06 A0 00 00 00 A1 00 00 01 A2 00 00 01 A3 00 00 01 A4 00 00 00 
R08:41:01   A5 00 00 00 A6 00 00 00 A7 00 00 00 A8 00 00 00 A9 00 00 00 AA 00 00 00 AB 00 00 00 AC 00 00 01 
R08:41:01   AD 00 00 00 AE 00 00 00 AF 00 00 00 B0 00 00 00 B1 00 00 00 B2 00 00 00 B3 00 00 00 B4 00 00 00 
R08:41:01   B5 00 00 00 B6 00 00 00 B7 00 00 00 B8 00 00 00 B9 00 00 00 BA 00 00 00 BB 00 00 00 BC 00 00 00 
R08:41:01   BD 00 00 00 BE 00 00 00 BF 00 00 01 C0 00 00 00 C1 00 00 00 C2 00 00 01 C3 00 00 01 C4 00 00 01 
R08:41:01   C5 00 00 00 C6 00 00 00 
R08:41:01   68 EA 48 68 3E 07 0D 1C 14 00 3F 06 01 40 00 00 00 63 43 00 02 40 00 7B 14 54 42 00 03 40 00 F0 
R08:41:01   A7 26 41 00 04 40 00 00 00 00 00 00 05 40 00 3E 0A 27 41 00 06 40 00 00 00 00 00 00 07 40 00 23 
R08:41:01   DB 47 42 00 08 40 00 00 00 00 00 00 09 40 00 00 00 00 00 00 0A 40 00 00 00 00 00 00 0B 40 00 00 
R08:41:01   00 00 00 00 0C 40 00 00 00 00 00 00 0D 40 00 00 00 00 00 00 0E 40 00 00 00 00 00 00 0F 40 00 00 
R08:41:01   00 00 00 00 10 40 00 00 00 00 00 00 11 40 00 00 00 00 00 00 12 40 00 00 00 00 00 00 13 40 00 00 
R08:41:01   00 00 00 00 14 40 00 00 00 00 00 00 15 40 00 00 00 00 00 00 16 40 00 00 00 00 00 00 17 40 00 00 
R08:41:01   00 00 00 00 18 40 00 00 00 00 00 00 19 40 00 00 00 00 00 00 1A 40 00 00 00 00 00 00 1B 40 00 00 
R08:41:01   00 00 00 00 1C 40 00 00 00 00 00 00 
R08:41:02   68 6A 4A 68 3E 07 0D 0C 14 00 3F 06 1D 40 00 00 00 00 00 00 1E 40 00 00 00 00 00 00 1F 40 00 00 
R08:41:02   00 00 00 00 20 40 00 00 00 00 00 00 21 40 00 00 00 00 00 00 22 40 00 00 00 00 00 00 23 40 00 00 
R08:41:02   00 00 00 00 24 40 00 00 00 00 00 00 25 40 00 00 00 00 00 00 26 40 00 00 00 00 00 00 27 40 00 00 
R08:41:02   00 00 00 00 28 40 00 00 00 00 00 00 
S08:41:02   68 04 01 00 4C 68 
R08:41:02   68 EA 4C 68 3E 07 0D 1C 14 00 3F 06 29 40 00 00 00 00 00 00 2A 40 00 00 00 00 00 00 2B 40 00 00 
R08:41:02   00 00 00 00 2C 40 00 00 00 00 00 00 2D 40 00 00 00 00 00 00 2E 40 00 00 00 00 00 00 2F 40 00 00 
R08:41:02   00 00 00 00 30 40 00 00 00 00 00 00 31 40 00 00 00 00 00 00 32 40 00 00 00 00 00 00 33 40 00 00 
R08:41:02   00 00 00 00 34 40 00 00 00 00 00 00 35 40 00 00 00 00 00 00 36 40 00 00 00 00 00 00 37 40 00 00 
R08:41:02   00 00 00 00 38 40 00 00 00 00 00 00 39 40 00 B0 72 54 42 00 3A 40 00 0C 02 4D 42 00 3B 40 00 2D 
R08:41:02   B2 55 42 00 3C 40 00 00 00 00 00 00 3D 40 00 3E CA 6C 44 00 3E 40 00 85 EB 59 C2 00 3F 40 00 EE 
R08:41:02   7C 7F 3F 00 40 40 00 00 00 00 00 00 41 40 00 00 00 00 00 00 42 40 00 00 00 00 00 00 43 40 00 00 
R08:41:02   00 00 00 00 44 40 00 02 2B 61 42 00 
R08:41:03   68 3A 4E 68 3E 07 0D 06 14 00 3F 06 45 40 00 35 5E 56 42 00 46 40 00 54 E3 61 42 00 47 40 00 00 
R08:41:03   00 00 00 00 48 40 00 71 BD 7A C4 00 49 40 00 EC 51 68 42 00 4A 40 00 EE 7C 7F BF 00 
R08:41:03   68 0E 50 68 3E 07 64 01 0A 00 3F 06 00 00 00 14 
S08:41:03   68 0E 3E 07 52 68 65 01 06 00 3F 06 00 00 00 05 
R08:41:04   68 0E 52 68 40 07 65 01 07 00 3F 06 00 00 00 05 
R08:41:04   68 4A 54 68 40 07 CE 08 25 00 3F 06 01 64 00 63 46 1C 49 00 02 64 00 66 66 03 44 00 03 64 00 67 
R08:41:04   66 FE 43 00 04 64 00 67 FA F4 47 00 05 64 00 00 00 AE 42 00 06 64 00 E8 1C F5 47 00 07 64 00 66 
R08:41:04   66 86 41 00 08 64 00 00 00 8A 42 00 
R08:41:05   68 82 56 68 40 07 CF 08 25 00 3F 06 09 64 00 FA 45 1C 49 00 00 00 1E 08 AC 06 1A 0A 64 00 66 66 
R08:41:05   03 44 00 00 00 1E 08 AC 06 1A 0B 64 00 67 66 FE 43 00 00 00 1E 08 AC 06 1A 0C 64 00 CD F9 F4 47 
R08:41:05   00 00 00 1E 08 AC 06 1A 0D 64 00 00 00 AE 42 00 00 00 1E 08 AC 06 1A 0E 64 00 4C 1C F5 47 00 00 
R08:41:05   00 1E 08 AC 06 1A 0F 64 00 66 66 86 41 00 00 00 1E 08 AC 06 1A 10 64 00 00 00 8A 42 00 00 00 1E 
R08:41:05   08 AC 06 1A 
S08:41:05   68 04 01 00 58 68 
R08:41:05   68 82 58 68 40 07 CF 08 25 00 3F 06 11 64 00 39 D0 1B 49 00 00 00 00 00 AC 06 1A 12 64 00 66 66 
R08:41:05   03 44 00 00 00 00 00 AC 06 1A 13 64 00 67 66 FE 43 00 00 00 00 00 AC 06 1A 14 64 00 66 55 F4 47 
R08:41:05   00 00 00 00 00 AC 06 1A 15 64 00 00 00 AE 42 00 00 00 00 00 AC 06 1A 16 64 00 E7 77 F4 47 00 00 
R08:41:05   00 00 00 AC 06 1A 17 64 00 66 66 86 41 00 00 00 00 00 AC 06 1A 18 64 00 00 00 8A 42 00 00 00 00 
R08:41:05   00 AC 06 1A 
R08:41:06   68 82 5A 68 40 07 CF 08 25 00 3F 06 19 64 00 00 00 00 00 00 00 00 00 00 AC 06 1A 1A 64 00 00 00 
R08:41:06   00 00 00 00 00 00 00 AC 06 1A 1B 64 00 00 00 00 00 00 00 00 00 00 AC 06 1A 1C 64 00 00 00 00 00 
R08:41:06   00 00 00 00 00 AC 06 1A 1D 64 00 00 00 00 00 00 00 00 00 00 AC 06 1A 1E 64 00 00 00 00 00 00 00 
R08:41:06   00 00 00 AC 06 1A 1F 64 00 00 00 00 00 00 00 00 00 00 AC 06 1A 20 64 00 00 00 00 00 00 00 00 00 
R08:41:06   00 AC 06 1A 
R08:41:06   68 4A 5C 68 40 07 CE 08 25 00 3F 06 21 64 00 CC CC 41 43 00 22 64 00 34 33 0B 43 00 23 64 00 66 
R08:41:06   66 AA 42 00 24 64 00 CD CC EE 42 00 25 64 00 CD CC C4 42 00 26 64 00 CC CC 29 43 00 27 64 00 FF 
R08:41:06   FF 57 42 00 28 64 00 99 99 49 42 00 
R08:41:06   68 82 5E 68 40 07 CF 08 25 00 3F 06 29 64 00 CC CC 41 43 00 00 00 1E 08 AC 06 1A 2A 64 00 34 33 
R08:41:06   0B 43 00 00 00 1E 08 AC 06 1A 2B 64 00 66 66 AA 42 00 00 00 1E 08 AC 06 1A 2C 64 00 CD CC EE 42 
R08:41:06   00 00 00 1E 08 AC 06 1A 2D 64 00 CD CC C4 42 00 00 00 1E 08 AC 06 1A 2E 64 00 CC CC 29 43 00 00 
R08:41:06   00 1E 08 AC 06 1A 2F 64 00 FF FF 57 42 00 00 00 1E 08 AC 06 1A 30 64 00 99 99 49 42 00 00 00 1E 
R08:41:06   08 AC 06 1A 
S08:41:06   68 04 01 00 60 68 
R08:41:07   68 82 60 68 40 07 CF 08 25 00 3F 06 31 64 00 CC CC 41 43 00 00 00 00 00 AC 06 1A 32 64 00 34 33 
R08:41:07   0B 43 00 00 00 00 00 AC 06 1A 33 64 00 66 66 AA 42 00 00 00 00 00 AC 06 1A 34 64 00 CD CC EE 42 
R08:41:07   00 00 00 00 00 AC 06 1A 35 64 00 CD CC C4 42 00 00 00 00 00 AC 06 1A 36 64 00 CC CC 29 43 00 00 
R08:41:07   00 00 00 AC 06 1A 37 64 00 FF FF 57 42 00 00 00 00 00 AC 06 1A 38 64 00 99 99 49 42 00 00 00 00 
R08:41:07   00 AC 06 1A 
R08:41:07   68 82 62 68 40 07 CF 08 25 00 3F 06 39 64 00 00 00 00 00 00 00 00 00 00 AC 06 1A 3A 64 00 00 00 
R08:41:07   00 00 00 00 00 00 00 AC 06 1A 3B 64 00 00 00 00 00 00 00 00 00 00 AC 06 1A 3C 64 00 00 00 00 00 
R08:41:07   00 00 00 00 00 AC 06 1A 3D 64 00 00 00 00 00 00 00 00 00 00 AC 06 1A 3E 64 00 00 00 00 00 00 00 
R08:41:07   00 00 00 AC 06 1A 3F 64 00 00 00 00 00 00 00 00 00 00 AC 06 1A 40 64 00 00 00 00 00 00 00 00 00 
R08:41:07   00 AC 06 1A 
R08:41:08   68 4A 64 68 40 07 CE 08 25 00 3F 06 41 64 00 CC CC 5F 43 00 42 64 00 33 33 47 43 00 43 64 00 9A 
R08:41:08   99 22 43 00 44 64 00 CC CC 74 42 00 45 64 00 00 00 A8 42 00 46 64 00 00 00 F6 42 00 47 64 00 66 
R08:41:08   66 12 42 00 48 64 00 34 33 77 42 00 
S08:41:08   68 04 01 00 66 68 
R08:41:09   68 82 66 68 40 07 CF 08 25 00 3F 06 49 64 00 CC CC 5F 43 00 00 00 1E 08 AC 06 1A 4A 64 00 33 33 
R08:41:09   47 43 00 00 00 1E 08 AC 06 1A 4B 64 00 9A 99 22 43 00 00 00 1E 08 AC 06 1A 4C 64 00 CC CC 74 42 
R08:41:09   00 00 00 1E 08 AC 06 1A 4D 64 00 00 00 A8 42 00 00 00 1E 08 AC 06 1A 4E 64 00 00 00 F6 42 00 00 
R08:41:09   00 1E 08 AC 06 1A 4F 64 00 66 66 12 42 00 00 00 1E 08 AC 06 1A 50 64 00 34 33 77 42 00 00 00 1E 
R08:41:09   08 AC 06 1A 
R08:41:09   68 82 68 68 40 07 CF 08 25 00 3F 06 51 64 00 CC CC 5F 43 00 00 00 00 00 AC 06 1A 52 64 00 33 33 
R08:41:09   47 43 00 00 00 00 00 AC 06 1A 53 64 00 9A 99 22 43 00 00 00 00 00 AC 06 1A 54 64 00 CC CC 74 42 
R08:41:09   00 00 00 00 00 AC 06 1A 55 64 00 00 00 A8 42 00 00 00 00 00 AC 06 1A 56 64 00 00 00 F6 42 00 00 
R08:41:09   00 00 00 AC 06 1A 57 64 00 66 66 12 42 00 00 00 00 00 AC 06 1A 58 64 00 34 33 77 42 00 00 00 00 
R08:41:09   00 AC 06 1A 
R08:41:09   68 82 6A 68 40 07 CF 08 25 00 3F 06 59 64 00 00 00 00 00 00 00 00 00 00 AC 06 1A 5A 64 00 00 00 
R08:41:09   00 00 00 00 00 00 00 AC 06 1A 5B 64 00 00 00 00 00 00 00 00 00 00 AC 06 1A 5C 64 00 00 00 00 00 
R08:41:09   00 00 00 00 00 AC 06 1A 5D 64 00 00 00 00 00 00 00 00 00 00 AC 06 1A 5E 64 00 00 00 00 00 00 00 
R08:41:09   00 00 00 AC 06 1A 5F 64 00 00 00 00 00 00 00 00 00 00 AC 06 1A 60 64 00 00 00 00 00 00 00 00 00 
R08:41:09   00 AC 06 1A 
S08:41:09   68 04 01 00 6C 68 
R08:41:10   68 4A 6C 68 40 07 CE 08 25 00 3F 06 61 64 00 67 DC 0B 48 00 62 64 00 66 66 18 43 00 63 64 00 99 
R08:41:10   99 C9 42 00 64 64 00 00 24 70 46 00 65 64 00 34 33 8B 42 00 66 64 00 34 EB 70 46 00 67 64 00 67 
R08:41:10   66 4E 42 00 68 64 00 33 33 47 42 00 
R08:41:10   68 82 6E 68 40 07 CF 08 25 00 3F 06 69 64 00 C0 DA 0B 48 00 00 00 1E 08 AC 06 1A 6A 64 00 66 66 
R08:41:10   18 43 00 00 00 1E 08 AC 06 1A 6B 64 00 99 99 C9 42 00 00 00 1E 08 AC 06 1A 6C 64 00 99 21 70 46 
R08:41:10   00 00 00 1E 08 AC 06 1A 6D 64 00 34 33 8B 42 00 00 00 1E 08 AC 06 1A 6E 64 00 CD E8 70 46 00 00 
R08:41:10   00 1E 08 AC 06 1A 6F 64 00 67 66 4E 42 00 00 00 1E 08 AC 06 1A 70 64 00 33 33 47 42 00 00 00 1E 
R08:41:10   08 AC 06 1A 
R08:41:11   68 82 70 68 40 07 CF 08 25 00 3F 06 71 64 00 8C 9A 0B 48 00 00 00 00 00 AC 06 1A 72 64 00 66 66 
R08:41:11   18 43 00 00 00 00 00 AC 06 1A 73 64 00 99 99 C9 42 00 00 00 00 00 AC 06 1A 74 64 00 00 A0 6F 46 
R08:41:11   00 00 00 00 00 AC 06 1A 75 64 00 34 33 8B 42 00 00 00 00 00 AC 06 1A 76 64 00 34 67 70 46 00 00 
R08:41:11   00 00 00 AC 06 1A 77 64 00 67 66 4E 42 00 00 00 00 00 AC 06 1A 78 64 00 33 33 47 42 00 00 00 00 
R08:41:11   00 AC 06 1A 
S08:41:11   68 04 01 00 72 68 
R08:41:11   68 82 72 68 40 07 CF 08 25 00 3F 06 79 64 00 FF 44 DE 47 00 3A AE 25 0D F1 05 1A 7A 64 00 66 66 
R08:41:11   18 43 00 3A AE 25 0D F1 05 1A 7B 64 00 99 99 C9 42 00 3A AE 25 0D F1 05 1A 7C 64 00 67 46 50 46 
R08:41:11   00 3A AE 25 0D F1 05 1A 7D 64 00 34 33 8B 42 00 3A AE 25 0D F1 05 1A 7E 64 00 33 0B 51 46 00 3A 
R08:41:11   AE 25 0D F1 05 1A 7F 64 00 67 66 4E 42 00 3A AE 25 0D F1 05 1A 80 64 00 CD CC 44 42 00 3A AE 25 
R08:41:11   0D F1 05 1A 
R08:41:12   68 4A 74 68 40 07 CE 08 25 00 3F 06 81 64 00 D4 C3 48 4A 00 82 64 00 CC 6C 38 46 00 83 64 00 9A 
R08:41:12   31 2A 46 00 84 64 00 4D 9F F0 47 00 85 64 00 CC 4C 8A 43 00 86 64 00 99 D2 F0 47 00 87 64 00 34 
R08:41:12   B3 63 44 00 88 64 00 34 33 CD 42 00 
R08:41:12   68 82 76 68 40 07 CF 08 25 00 3F 06 89 64 00 1F C1 48 4A 00 00 00 1E 08 AC 06 1A 8A 64 00 CC 6C 
R08:41:12   38 46 00 00 00 1E 08 AC 06 1A 8B 64 00 9A 31 2A 46 00 00 00 1E 08 AC 06 1A 8C 64 00 B4 9B F0 47 
R08:41:12   00 00 00 1E 08 AC 06 1A 8D 64 00 CC 4C 8A 43 00 00 00 1E 08 AC 06 1A 8E 64 00 00 CF F0 47 00 00 
R08:41:12   00 1E 08 AC 06 1A 8F 64 00 34 B3 63 44 00 00 00 1E 08 AC 06 1A 90 64 00 34 33 CD 42 00 00 00 1E 
R08:41:12   08 AC 06 1A 
R08:41:12   68 82 78 68 40 07 CF 08 25 00 3F 06 91 64 00 AE 6C 48 4A 00 00 00 00 00 AC 06 1A 92 64 00 CC 6C 
R08:41:12   38 46 00 00 00 00 00 AC 06 1A 93 64 00 9A 31 2A 46 00 00 00 00 00 AC 06 1A 94 64 00 B3 3E F0 47 
R08:41:12   00 00 00 00 00 AC 06 1A 95 64 00 CC 4C 8A 43 00 00 00 00 00 AC 06 1A 96 64 00 00 72 F0 47 00 00 
R08:41:12   00 00 00 AC 06 1A 97 64 00 34 B3 63 44 00 00 00 00 00 AC 06 1A 98 64 00 34 33 CD 42 00 00 00 00 
R08:41:12   00 AC 06 1A 
S08:41:12   68 04 01 00 7A 68 
R08:41:13   68 82 7A 68 40 07 CF 08 25 00 3F 06 99 64 00 2B C0 DB 49 00 BB 6F 25 0B 6F 04 1A 9A 64 00 00 00 
R08:41:13   99 44 00 BB 6F 25 0B 6F 04 1A 9B 64 00 9A 99 9C 43 00 BB 6F 25 0B 6F 04 1A 9C 64 00 CC 8A AC 47 
R08:41:13   00 BB 6F 25 0B 6F 04 1A 9D 64 00 66 66 89 43 00 BB 6F 25 0B 6F 04 1A 9E 64 00 19 BE AC 47 00 BB 
R08:41:13   6F 25 0B 6F 04 1A 9F 64 00 34 B3 63 44 00 BB 6F 25 0B 6F 04 1A A0 64 00 34 33 CD 42 00 BB 6F 25 
R08:41:13   0B 6F 04 1A 
R08:41:13   68 4A 7C 68 40 07 CE 08 25 00 3F 06 A1 64 00 33 73 4C 44 00 A2 64 00 34 0A 6A 48 00 A3 64 00 98 
R08:41:13   99 CF 42 00 A4 64 00 66 26 AE 44 00 A5 64 00 3E B1 79 4A 00 A6 64 00 34 5B F9 45 00 A7 64 00 40 
R08:41:13   F0 69 48 00 A8 64 00 9A D1 CD 45 00 
R08:41:13   68 82 7E 68 40 07 CF 08 25 00 3F 06 A9 64 00 33 73 4C 44 00 00 00 1E 08 AC 06 1A AA 64 00 F3 07 
R08:41:13   6A 48 00 00 00 1E 08 AC 06 1A AB 64 00 98 99 CF 42 00 00 00 1E 08 AC 06 1A AC 64 00 66 26 AE 44 
R08:41:13   00 00 00 1E 08 AC 06 1A AD 64 00 50 AE 79 4A 00 00 00 1E 08 AC 06 1A AE 64 00 34 5B F9 45 00 00 
R08:41:13   00 1E 08 AC 06 1A AF 64 00 00 EE 69 48 00 00 00 1E 08 AC 06 1A B0 64 00 9A D1 CD 45 00 00 00 1E 
R08:41:13   08 AC 06 1A 
S08:41:13   68 04 01 00 80 68 
R08:41:14   68 82 80 68 40 07 CF 08 25 00 3F 06 B1 64 00 33 73 4C 44 00 00 00 00 00 AC 06 1A B2 64 00 27 8B 
R08:41:14   69 48 00 00 00 00 00 AC 06 1A B3 64 00 98 99 CF 42 00 00 00 00 00 AC 06 1A B4 64 00 66 26 AE 44 
R08:41:14   00 00 00 00 00 AC 06 1A B5 64 00 CB 37 79 4A 00 00 00 00 00 AC 06 1A B6 64 00 34 5B F9 45 00 00 
R08:41:14   00 00 00 AC 06 1A B7 64 00 34 71 69 48 00 00 00 00 00 AC 06 1A B8 64 00 9A D1 CD 45 00 00 00 00 
R08:41:14   00 AC 06 1A 
R08:41:14   68 82 82 68 40 07 CF 08 25 00 3F 06 B9 64 00 33 73 4C 44 00 7A 6D 25 0B 6F 04 1A BA 64 00 00 A3 
R08:41:14   1E 48 00 7A 6D 25 0B 6F 04 1A BB 64 00 98 99 CF 42 00 7A 6D 25 0B 6F 04 1A BC 64 00 66 26 AE 44 
R08:41:14   00 7A 6D 25 0B 6F 04 1A BD 64 00 7A F6 0A 4A 00 7A 6D 25 0B 6F 04 1A BE 64 00 CC 0C BB 44 00 7A 
R08:41:14   6D 25 0B 6F 04 1A BF 64 00 0D 89 1E 48 00 7A 6D 25 0B 6F 04 1A C0 64 00 67 66 CE 42 00 7A 6D 25 
R08:41:14   0B 6F 04 1A 
R08:41:15   68 0E 84 68 40 07 65 01 0A 00 3F 06 00 00 00 05 
S08:41:15   68 14 40 07 86 68 67 01 06 00 3F 06 00 00 00 0E 3D 29 08 AC 06 1A 
R08:41:16   68 14 86 68 42 07 67 01 07 00 3F 06 00 00 00 0E 3D 29 08 AC 06 1A 
S08:41:24   68 04 01 00 88 68 
S08:41:40   68 04 43 00 00 00 
R08:41:40   68 04 83 00 00 00 
S08:41:56   68 04 43 00 00 00 
R08:41:56   68 04 83 00 00 00 
R08:42:05   68 12 88 68 42 07 0D 01 03 00 3F 06 01 40 00 00 00 66 43 00 
S08:42:05   68 04 01 00 8A 68 
S08:42:21   68 04 43 00 00 00 
R08:42:21   68 04 83 00 00 00 
S08:42:37   68 04 43 00 00 00 
R08:42:37   68 04 83 00 00 00 
S08:42:53   68 04 43 00 00 00 
R08:42:53   68 04 83 00 00 00 
S08:43:09   68 04 43 00 00 00 
R08:43:09   68 04 83 00 00 00 
S08:43:25   68 04 43 00 00 00 
R08:43:25   68 04 83 00 00 00 
S08:43:41   68 04 43 00 00 00 
R08:43:41   68 04 83 00 00 00 
R08:43:44   68 12 8A 68 42 07 0D 01 03 00 3F 06 01 40 00 00 00 63 43 00 
S08:43:44   68 04 01 00 8C 68 
S08:44:00   68 04 43 00 00 00 
R08:44:00   68 04 83 00 00 00 
S08:44:16   68 04 43 00 00 00 
R08:44:16   68 04 83 00 00 00 
S08:44:32   68 04 43 00 00 00 
R08:44:35   68 04 83 00 00 00 
S08:44:51   68 04 43 00 00 00 
R08:44:52   68 04 83 00 00 00 
S08:45:08   68 04 43 00 00 00 
R08:45:08   68 04 83 00 00 00 
S08:45:24   68 04 43 00 00 00 
R08:45:24   68 04 83 00 00 00 
S08:45:40   68 04 43 00 00 00 
R08:45:40   68 04 83 00 00 00 
R08:45:52   68 12 8C 68 42 07 0D 01 03 00 3F 06 3A 40 00 08 AC 34 42 00 
S08:45:52   68 04 01 00 8E 68 
S08:46:08   68 04 43 00 00 00 
R08:46:09   68 04 83 00 00 00 
S08:46:25   68 04 43 00 00 00 
R08:46:26   68 04 83 00 00 00 
R08:46:32   68 22 8E 68 42 07 0D 03 03 00 3F 06 0D 40 00 D1 22 CB 40 00 0E 40 00 21 B0 C2 40 00 13 40 00 CF 
R08:46:32   F7 73 3F 00 
S08:46:32   68 04 01 00 90 68 
S08:46:48   68 04 43 00 00 00 
R08:46:49   68 04 83 00 00 00 
S08:47:05   68 04 43 00 00 00 
R08:47:06   68 04 83 00 00 00 
R08:47:12   68 1A 90 68 42 07 0D 02 03 00 3F 06 0F 40 00 78 E9 16 41 00 13 40 00 91 ED 7C 3F 00 
S08:47:12   68 04 01 00 92 68 
S08:47:28   68 04 43 00 00 00 
R08:47:29   68 04 83 00 00 00 
S08:47:45   68 04 43 00 00 00 
R08:47:46   68 04 83 00 00 00 
S08:48:02   68 04 43 00 00 00 
R08:48:03   68 04 83 00 00 00 
R08:48:10   68 12 92 68 42 07 0D 01 03 00 3F 06 39 40 00 AC 1C 3C 42 00 
S08:48:10   68 04 01 00 94 68 
S08:48:26   68 04 43 00 00 00 
R08:48:27   68 04 83 00 00 00 
R08:48:35   68 12 94 68 42 07 0D 01 03 00 3F 06 3B 40 00 DB F9 3C 42 00 
S08:48:35   68 04 01 00 96 68 
S08:48:51   68 04 43 00 00 00 
R08:48:52   68 04 83 00 00 00 
S08:49:08   68 04 43 00 00 00 
R08:49:08   68 04 83 00 00 00 
S08:49:24   68 04 43 00 00 00 
R08:49:25   68 04 83 00 00 00 
S08:49:41   68 04 43 00 00 00 
R08:49:41   68 04 83 00 00 00 
S08:49:57   68 04 43 00 00 00 
R08:49:57   68 04 83 00 00 00 
S08:50:13   68 04 43 00 00 00 
R08:50:13   68 04 83 00 00 00 
S08:50:29   68 04 43 00 00 00 
R08:50:29   68 04 83 00 00 00 
S08:50:45   68 04 43 00 00 00 
R08:50:45   68 04 83 00 00 00 
S08:51:01   68 04 43 00 00 00 
R08:51:01   68 04 83 00 00 00 
S08:51:17   68 04 43 00 00 00 
R08:51:17   68 04 83 00 00 00 
S08:51:33   68 04 43 00 00 00 
R08:51:33   68 04 83 00 00 00 
S08:51:49   68 04 43 00 00 00 
R08:51:49   68 04 83 00 00 00 
S08:52:05   68 04 43 00 00 00 
R08:52:05   68 04 83 00 00 00 
S08:52:21   68 04 43 00 00 00 
R08:52:21   68 04 83 00 00 00 
S08:52:37   68 04 43 00 00 00 
R08:52:37   68 04 83 00 00 00 
S08:52:53   68 04 43 00 00 00 
R08:52:53   68 04 83 00 00 00 
S08:53:09   68 04 43 00 00 00 
R08:53:09   68 04 83 00 00 00 
S08:53:25   68 04 43 00 00 00 
R08:53:25   68 04 83 00 00 00 
S08:53:41   68 04 43 00 00 00 
R08:53:41   68 04 83 00 00 00 
S08:53:57   68 04 43 00 00 00 
R08:53:57   68 04 83 00 00 00 
S08:54:13   68 04 43 00 00 00 
R08:54:13   68 04 83 00 00 00 
S08:54:29   68 04 43 00 00 00 
R08:54:29   68 04 83 00 00 00 
S08:54:45   68 04 43 00 00 00 
R08:54:45   68 04 83 00 00 00 
S08:55:01   68 04 43 00 00 00 
R08:55:01   68 04 83 00 00 00 
S08:55:17   68 04 43 00 00 00 
R08:55:17   68 04 83 00 00 00 
S08:55:33   68 04 43 00 00 00 
R08:55:33   68 04 83 00 00 00 
S08:55:49   68 04 43 00 00 00 
R08:55:49   68 04 83 00 00 00 
S08:55:59   68 0E 42 07 96 68 64 01 06 00 3F 06 00 00 00 14 
R08:56:00   68 0E 96 68 44 07 64 01 07 00 3F 06 00 00 00 14 
R08:56:00   68 E6 98 68 44 07 01 37 14 00 3F 06 01 00 00 00 02 00 00 00 03 00 00 00 04 00 00 00 05 00 00 00 
R08:56:00   06 00 00 00 07 00 00 01 08 00 00 00 09 00 00 00 0A 00 00 00 0B 00 00 00 0C 00 00 00 0D 00 00 00 
R08:56:00   0E 00 00 00 0F 00 00 00 10 00 00 00 11 00 00 00 12 00 00 00 13 00 00 00 14 00 00 00 15 00 00 00 
R08:56:00   16 00 00 00 17 00 00 00 18 00 00 00 19 00 00 00 1A 00 00 01 1B 00 00 01 1C 00 00 00 1D 00 00 01 
R08:56:00   1E 00 00 01 1F 00 00 01 20 00 00 00 21 00 00 00 22 00 00 00 23 00 00 00 24 00 00 00 25 00 00 00 
R08:56:00   26 00 00 00 27 00 00 00 28 00 00 00 29 00 00 01 2A 00 00 00 2B 00 00 00 2C 00 00 00 2D 00 00 00 
R08:56:00   2E 00 00 00 2F 00 00 00 30 00 00 00 31 00 00 00 32 00 00 00 33 00 00 00 34 00 00 00 35 00 00 00 
R08:56:00   36 00 00 00 37 00 00 00 
S08:56:00   68 04 01 00 9A 68 
R08:56:00   68 D2 9A 68 44 07 01 32 14 00 3F 06 38 00 00 00 39 00 00 00 3A 00 00 00 3B 00 00 01 3C 00 00 00 
R08:56:00   3D 00 00 00 3E 00 00 01 3F 00 00 01 40 00 00 00 41 00 00 00 42 00 00 01 43 00 00 00 44 00 00 00 
R08:56:00   45 00 00 00 46 00 00 00 47 00 00 00 48 00 00 00 49 00 00 00 4A 00 00 01 4B 00 00 00 4C 00 00 00 
R08:56:00   4D 00 00 00 4E 00 00 00 4F 00 00 00 50 00 00 00 51 00 00 00 52 00 00 00 53 00 00 00 54 00 00 00 
R08:56:00   55 00 00 00 56 00 00 00 57 00 00 00 58 00 00 00 59 00 00 00 5A 00 00 00 5B 00 00 00 5C 00 00 01 
R08:56:00   5D 00 00 00 5E 00 00 00 5F 00 00 01 60 00 00 01 61 00 00 00 62 00 00 00 63 00 00 01 64 00 00 00 
R08:56:00   65 00 00 00 66 00 00 00 67 00 00 00 68 00 00 00 69 00 00 00 
R08:56:00   68 E6 9C 68 44 07 01 37 14 00 3F 06 69 00 00 00 6A 00 00 01 6B 00 00 00 6C 00 00 00 6D 00 00 00 
R08:56:00   6E 00 00 00 6F 00 00 00 70 00 00 00 71 00 00 00 72 00 00 00 73 00 00 00 74 00 00 00 75 00 00 00 
R08:56:00   76 00 00 00 77 00 00 00 78 00 00 00 79 00 00 00 7A 00 00 00 7B 00 00 00 7C 00 00 00 7D 00 00 01 
R08:56:00   7E 00 00 01 7F 00 00 00 80 00 00 01 81 00 00 01 82 00 00 01 83 00 00 00 84 00 00 00 85 00 00 00 
R08:56:00   86 00 00 00 87 00 00 00 88 00 00 00 89 00 00 00 8A 00 00 00 8B 00 00 01 8C 00 00 00 8D 00 00 00 
R08:56:00   8E 00 00 00 8F 00 00 00 90 00 00 00 91 00 00 00 92 00 00 00 93 00 00 00 94 00 00 00 95 00 00 00 
R08:56:00   96 00 00 00 97 00 00 00 98 00 00 00 99 00 00 00 9A 00 00 00 9B 00 00 00 9C 00 00 00 9D 00 00 00 
R08:56:00   9E 00 00 01 9F 00 00 00 
R08:56:01   68 A6 9E 68 44 07 01 27 14 00 3F 06 A0 00 00 00 A1 00 00 01 A2 00 00 01 A3 00 00 01 A4 00 00 00 
R08:56:01   A5 00 00 00 A6 00 00 00 A7 00 00 00 A8 00 00 00 A9 00 00 00 AA 00 00 00 AB 00 00 00 AC 00 00 01 
R08:56:01   AD 00 00 00 AE 00 00 00 AF 00 00 00 B0 00 00 00 B1 00 00 00 B2 00 00 00 B3 00 00 00 B4 00 00 00 
R08:56:01   B5 00 00 00 B6 00 00 00 B7 00 00 00 B8 00 00 00 B9 00 00 00 BA 00 00 00 BB 00 00 00 BC 00 00 00 
R08:56:01   BD 00 00 00 BE 00 00 00 BF 00 00 01 C0 00 00 00 C1 00 00 00 C2 00 00 01 C3 00 00 01 C4 00 00 01 
R08:56:01   C5 00 00 00 C6 00 00 00 
R08:56:01   68 EA A0 68 44 07 0D 1C 14 00 3F 06 01 40 00 00 00 65 43 00 02 40 00 7B 14 54 42 00 03 40 00 F0 
R08:56:01   A7 26 41 00 04 40 00 00 00 00 00 00 05 40 00 64 3B 27 41 00 06 40 00 00 00 00 00 00 07 40 00 BC 
R08:56:01   F4 47 42 00 08 40 00 00 00 00 00 00 09 40 00 00 00 00 00 00 0A 40 00 00 00 00 00 00 0B 40 00 00 
R08:56:01   00 00 00 00 0C 40 00 00 00 00 00 00 0D 40 00 68 91 15 41 00 0E 40 00 EF A7 0E 41 00 0F 40 00 46 
R08:56:01   B6 03 41 00 10 40 00 00 00 00 00 00 11 40 00 5C 8F 1D 43 00 12 40 00 8F C2 C5 C1 00 13 40 00 08 
R08:56:01   AC 7C 3F 00 14 40 00 00 00 00 00 00 15 40 00 00 00 00 00 00 16 40 00 00 00 00 00 00 17 40 00 00 
R08:56:01   00 00 00 00 18 40 00 00 00 00 00 00 19 40 00 00 00 00 00 00 1A 40 00 00 00 00 00 00 1B 40 00 00 
R08:56:01   00 00 00 00 1C 40 00 00 00 00 00 00 
S08:56:02   68 04 01 00 A2 68 
R08:56:02   68 6A A2 68 44 07 0D 0C 14 00 3F 06 1D 40 00 00 00 00 00 00 1E 40 00 00 00 00 00 00 1F 40 00 00 
R08:56:02   00 00 00 00 20 40 00 00 00 00 00 00 21 40 00 00 00 00 00 00 22 40 00 00 00 00 00 00 23 40 00 00 
R08:56:02   00 00 00 00 24 40 00 00 00 00 00 00 25 40 00 00 00 00 00 00 26 40 00 00 00 00 00 00 27 40 00 00 
R08:56:02   00 00 00 00 28 40 00 00 00 00 00 00 
R08:56:02   68 EA A4 68 44 07 0D 1C 14 00 3F 06 29 40 00 00 00 00 00 00 2A 40 00 00 00 00 00 00 2B 40 00 00 
R08:56:02   00 00 00 00 2C 40 00 00 00 00 00 00 2D 40 00 00 00 00 00 00 2E 40 00 00 00 00 00 00 2F 40 00 00 
R08:56:02   00 00 00 00 30 40 00 00 00 00 00 00 31 40 00 00 00 00 00 00 32 40 00 00 00 00 00 00 33 40 00 00 
R08:56:02   00 00 00 00 34 40 00 00 00 00 00 00 35 40 00 00 00 00 00 00 36 40 00 00 00 00 00 00 37 40 00 00 
R08:56:02   00 00 00 00 38 40 00 00 00 00 00 00 39 40 00 A8 C6 3B 42 00 3A 40 00 7F 6A 2C 42 00 3B 40 00 2E 
R08:56:02   B2 3D 42 00 3C 40 00 00 00 00 00 00 3D 40 00 7B 94 4E 44 00 3E 40 00 34 33 23 C2 00 3F 40 00 EE 
R08:56:02   7C 7F 3F 00 40 40 00 00 00 00 00 00 41 40 00 00 00 00 00 00 42 40 00 00 00 00 00 00 43 40 00 00 
R08:56:02   00 00 00 00 44 40 00 DB F9 66 42 00 
R08:56:03   68 3A A6 68 44 07 0D 06 14 00 3F 06 45 40 00 8B 6C 57 42 00 46 40 00 29 5C 67 42 00 47 40 00 00 
R08:56:03   00 00 00 00 48 40 00 2A 5C 7F C4 00 49 40 00 D6 A3 6C 42 00 4A 40 00 EE 7C 7F BF 00 
R08:56:03   68 0E A8 68 44 07 64 01 0A 00 3F 06 00 00 00 14 
S08:56:03   68 0E 44 07 AA 68 65 01 06 00 3F 06 00 00 00 05 
R08:56:04   68 0E AA 68 46 07 65 01 07 00 3F 06 00 00 00 05 
R08:56:04   68 4A AC 68 46 07 CE 08 25 00 3F 06 01 64 00 0A 48 1C 49 00 02 64 00 66 66 03 44 00 03 64 00 67 
R08:56:04   66 FE 43 00 04 64 00 80 FC F4 47 00 05 64 00 00 00 AE 42 00 06 64 00 00 1F F5 47 00 07 64 00 66 
R08:56:04   66 86 41 00 08 64 00 00 00 8A 42 00 
R08:56:05   68 82 AE 68 46 07 CF 08 25 00 3F 06 09 64 00 6D 46 1C 49 00 00 00 2D 08 AC 06 1A 0A 64 00 66 66 
R08:56:05   03 44 00 00 00 2D 08 AC 06 1A 0B 64 00 67 66 FE 43 00 00 00 2D 08 AC 06 1A 0C 64 00 67 FA F4 47 
R08:56:05   00 00 00 2D 08 AC 06 1A 0D 64 00 00 00 AE 42 00 00 00 2D 08 AC 06 1A 0E 64 00 E8 1C F5 47 00 00 
R08:56:05   00 2D 08 AC 06 1A 0F 64 00 66 66 86 41 00 00 00 2D 08 AC 06 1A 10 64 00 00 00 8A 42 00 00 00 2D 
R08:56:05   08 AC 06 1A 
S08:56:05   68 04 01 00 B0 68 
R08:56:05   68 82 B0 68 46 07 CF 08 25 00 3F 06 11 64 00 39 D0 1B 49 00 00 00 00 00 AC 06 1A 12 64 00 66 66 
R08:56:05   03 44 00 00 00 00 00 AC 06 1A 13 64 00 67 66 FE 43 00 00 00 00 00 AC 06 1A 14 64 00 66 55 F4 47 
R08:56:05   00 00 00 00 00 AC 06 1A 15 64 00 00 00 AE 42 00 00 00 00 00 AC 06 1A 16 64 00 E7 77 F4 47 00 00 
R08:56:05   00 00 00 AC 06 1A 17 64 00 66 66 86 41 00 00 00 00 00 AC 06 1A 18 64 00 00 00 8A 42 00 00 00 00 
R08:56:05   00 AC 06 1A 
R08:56:06   68 82 B2 68 46 07 CF 08 25 00 3F 06 19 64 00 00 00 00 00 00 00 00 00 00 AC 06 1A 1A 64 00 00 00 
R08:56:06   00 00 00 00 00 00 00 AC 06 1A 1B 64 00 00 00 00 00 00 00 00 00 00 AC 06 1A 1C 64 00 00 00 00 00 
R08:56:06   00 00 00 00 00 AC 06 1A 1D 64 00 00 00 00 00 00 00 00 00 00 AC 06 1A 1E 64 00 00 00 00 00 00 00 
R08:56:06   00 00 00 AC 06 1A 1F 64 00 00 00 00 00 00 00 00 00 00 AC 06 1A 20 64 00 00 00 00 00 00 00 00 00 
R08:56:06   00 AC 06 1A 
R08:56:06   68 4A B4 68 46 07 CE 08 25 00 3F 06 21 64 00 CC CC 41 43 00 22 64 00 34 33 0B 43 00 23 64 00 66 
R08:56:06   66 AA 42 00 24 64 00 CD CC EE 42 00 25 64 00 CD CC C4 42 00 26 64 00 CC CC 29 43 00 27 64 00 FF 
R08:56:06   FF 57 42 00 28 64 00 99 99 49 42 00 
S08:56:06   68 04 01 00 B6 68 
R08:56:07   68 82 B6 68 46 07 CF 08 25 00 3F 06 29 64 00 CC CC 41 43 00 00 00 2D 08 AC 06 1A 2A 64 00 34 33 
R08:56:07   0B 43 00 00 00 2D 08 AC 06 1A 2B 64 00 66 66 AA 42 00 00 00 2D 08 AC 06 1A 2C 64 00 CD CC EE 42 
R08:56:07   00 00 00 2D 08 AC 06 1A 2D 64 00 CD CC C4 42 00 00 00 2D 08 AC 06 1A 2E 64 00 CC CC 29 43 00 00 
R08:56:07   00 2D 08 AC 06 1A 2F 64 00 FF FF 57 42 00 00 00 2D 08 AC 06 1A 30 64 00 99 99 49 42 00 00 00 2D 
R08:56:07   08 AC 06 1A 
R08:56:08   68 82 B8 68 46 07 CF 08 25 00 3F 06 31 64 00 CC CC 41 43 00 00 00 00 00 AC 06 1A 32 64 00 34 33 
R08:56:08   0B 43 00 00 00 00 00 AC 06 1A 33 64 00 66 66 AA 42 00 00 00 00 00 AC 06 1A 34 64 00 CD CC EE 42 
R08:56:08   00 00 00 00 00 AC 06 1A 35 64 00 CD CC C4 42 00 00 00 00 00 AC 06 1A 36 64 00 CC CC 29 43 00 00 
R08:56:08   00 00 00 AC 06 1A 37 64 00 FF FF 57 42 00 00 00 00 00 AC 06 1A 38 64 00 99 99 49 42 00 00 00 00 
R08:56:08   00 AC 06 1A 
R08:56:08   68 82 BA 68 46 07 CF 08 25 00 3F 06 39 64 00 00 00 00 00 00 00 00 00 00 AC 06 1A 3A 64 00 00 00 
R08:56:08   00 00 00 00 00 00 00 AC 06 1A 3B 64 00 00 00 00 00 00 00 00 00 00 AC 06 1A 3C 64 00 00 00 00 00 
R08:56:08   00 00 00 00 00 AC 06 1A 3D 64 00 00 00 00 00 00 00 00 00 00 AC 06 1A 3E 64 00 00 00 00 00 00 00 
R08:56:08   00 00 00 AC 06 1A 3F 64 00 00 00 00 00 00 00 00 00 00 AC 06 1A 40 64 00 00 00 00 00 00 00 00 00 
R08:56:08   00 AC 06 1A 
R08:56:08   68 4A BC 68 46 07 CE 08 25 00 3F 06 41 64 00 CC CC 5F 43 00 42 64 00 33 33 47 43 00 43 64 00 9A 
R08:56:08   99 22 43 00 44 64 00 CC CC 74 42 00 45 64 00 00 00 A8 42 00 46 64 00 00 00 F6 42 00 47 64 00 66 
R08:56:08   66 12 42 00 48 64 00 34 33 77 42 00 
S08:56:09   68 04 01 00 BE 68 
R08:56:09   68 82 BE 68 46 07 CF 08 25 00 3F 06 49 64 00 CC CC 5F 43 00 00 00 2D 08 AC 06 1A 4A 64 00 33 33 
R08:56:09   47 43 00 00 00 2D 08 AC 06 1A 4B 64 00 9A 99 22 43 00 00 00 2D 08 AC 06 1A 4C 64 00 CC CC 74 42 
R08:56:09   00 00 00 2D 08 AC 06 1A 4D 64 00 00 00 A8 42 00 00 00 2D 08 AC 06 1A 4E 64 00 00 00 F6 42 00 00 
R08:56:09   00 2D 08 AC 06 1A 4F 64 00 66 66 12 42 00 00 00 2D 08 AC 06 1A 50 64 00 34 33 77 42 00 00 00 2D 
R08:56:09   08 AC 06 1A 
R08:56:09   68 82 C0 68 46 07 CF 08 25 00 3F 06 51 64 00 CC CC 5F 43 00 00 00 00 00 AC 06 1A 52 64 00 33 33 
R08:56:09   47 43 00 00 00 00 00 AC 06 1A 53 64 00 9A 99 22 43 00 00 00 00 00 AC 06 1A 54 64 00 CC CC 74 42 
R08:56:09   00 00 00 00 00 AC 06 1A 55 64 00 00 00 A8 42 00 00 00 00 00 AC 06 1A 56 64 00 00 00 F6 42 00 00 
R08:56:09   00 00 00 AC 06 1A 57 64 00 66 66 12 42 00 00 00 00 00 AC 06 1A 58 64 00 34 33 77 42 00 00 00 00 
R08:56:09   00 AC 06 1A 
R08:56:10   68 82 C2 68 46 07 CF 08 25 00 3F 06 59 64 00 00 00 00 00 00 00 00 00 00 AC 06 1A 5A 64 00 00 00 
R08:56:10   00 00 00 00 00 00 00 AC 06 1A 5B 64 00 00 00 00 00 00 00 00 00 00 AC 06 1A 5C 64 00 00 00 00 00 
R08:56:10   00 00 00 00 00 AC 06 1A 5D 64 00 00 00 00 00 00 00 00 00 00 AC 06 1A 5E 64 00 00 00 00 00 00 00 
R08:56:10   00 00 00 AC 06 1A 5F 64 00 00 00 00 00 00 00 00 00 00 AC 06 1A 60 64 00 00 00 00 00 00 00 00 00 
R08:56:10   00 AC 06 1A 
R08:56:10   68 4A C4 68 46 07 CE 08 25 00 3F 06 61 64 00 A6 DE 0B 48 00 62 64 00 66 66 18 43 00 63 64 00 99 
R08:56:10   99 C9 42 00 64 64 00 CC 28 70 46 00 65 64 00 34 33 8B 42 00 66 64 00 00 F0 70 46 00 67 64 00 67 
R08:56:10   66 4E 42 00 68 64 00 33 33 47 42 00 
S08:56:11   68 04 01 00 C6 68 
R08:56:11   68 82 C6 68 46 07 CF 08 25 00 3F 06 69 64 00 00 DD 0B 48 00 00 00 2D 08 AC 06 1A 6A 64 00 66 66 
R08:56:11   18 43 00 00 00 2D 08 AC 06 1A 6B 64 00 99 99 C9 42 00 00 00 2D 08 AC 06 1A 6C 64 00 68 26 70 46 
R08:56:11   00 00 00 2D 08 AC 06 1A 6D 64 00 34 33 8B 42 00 00 00 2D 08 AC 06 1A 6E 64 00 98 ED 70 46 00 00 
R08:56:11   00 2D 08 AC 06 1A 6F 64 00 67 66 4E 42 00 00 00 2D 08 AC 06 1A 70 64 00 33 33 47 42 00 00 00 2D 
R08:56:11   08 AC 06 1A 
R08:56:11   68 82 C8 68 46 07 CF 08 25 00 3F 06 71 64 00 8C 9A 0B 48 00 00 00 00 00 AC 06 1A 72 64 00 66 66 
R08:56:11   18 43 00 00 00 00 00 AC 06 1A 73 64 00 99 99 C9 42 00 00 00 00 00 AC 06 1A 74 64 00 00 A0 6F 46 
R08:56:11   00 00 00 00 00 AC 06 1A 75 64 00 34 33 8B 42 00 00 00 00 00 AC 06 1A 76 64 00 34 67 70 46 00 00 
R08:56:11   00 00 00 AC 06 1A 77 64 00 67 66 4E 42 00 00 00 00 00 AC 06 1A 78 64 00 33 33 47 42 00 00 00 00 
R08:56:11   00 AC 06 1A 
R08:56:12   68 82 CA 68 46 07 CF 08 25 00 3F 06 79 64 00 FF 44 DE 47 00 3A AE 25 0D F1 05 1A 7A 64 00 66 66 
R08:56:12   18 43 00 3A AE 25 0D F1 05 1A 7B 64 00 99 99 C9 42 00 3A AE 25 0D F1 05 1A 7C 64 00 67 46 50 46 
R08:56:12   00 3A AE 25 0D F1 05 1A 7D 64 00 34 33 8B 42 00 3A AE 25 0D F1 05 1A 7E 64 00 33 0B 51 46 00 3A 
R08:56:12   AE 25 0D F1 05 1A 7F 64 00 67 66 4E 42 00 3A AE 25 0D F1 05 1A 80 64 00 CD CC 44 42 00 3A AE 25 
R08:56:12   0D F1 05 1A 
R08:56:12   68 4A CC 68 46 07 CE 08 25 00 3F 06 81 64 00 5D C7 48 4A 00 82 64 00 CC 6C 38 46 00 83 64 00 9A 
R08:56:12   31 2A 46 00 84 64 00 80 A3 F0 47 00 85 64 00 CC 4C 8A 43 00 86 64 00 CC D6 F0 47 00 87 64 00 34 
R08:56:12   B3 63 44 00 88 64 00 34 33 CD 42 00 
S08:56:12   68 04 01 00 CE 68 
R08:56:13   68 82 CE 68 46 07 CF 08 25 00 3F 06 89 64 00 F5 C4 48 4A 00 00 00 2D 08 AC 06 1A 8A 64 00 CC 6C 
R08:56:13   38 46 00 00 00 2D 08 AC 06 1A 8B 64 00 9A 31 2A 46 00 00 00 2D 08 AC 06 1A 8C 64 00 81 A0 F0 47 
R08:56:13   00 00 00 2D 08 AC 06 1A 8D 64 00 CC 4C 8A 43 00 00 00 2D 08 AC 06 1A 8E 64 00 CD D3 F0 47 00 00 
R08:56:13   00 2D 08 AC 06 1A 8F 64 00 34 B3 63 44 00 00 00 2D 08 AC 06 1A 90 64 00 34 33 CD 42 00 00 00 2D 
R08:56:13   08 AC 06 1A 
R08:56:13   68 82 D0 68 46 07 CF 08 25 00 3F 06 91 64 00 AE 6C 48 4A 00 00 00 00 00 AC 06 1A 92 64 00 CC 6C 
R08:56:13   38 46 00 00 00 00 00 AC 06 1A 93 64 00 9A 31 2A 46 00 00 00 00 00 AC 06 1A 94 64 00 B3 3E F0 47 
R08:56:13   00 00 00 00 00 AC 06 1A 95 64 00 CC 4C 8A 43 00 00 00 00 00 AC 06 1A 96 64 00 00 72 F0 47 00 00 
R08:56:13   00 00 00 AC 06 1A 97 64 00 34 B3 63 44 00 00 00 00 00 AC 06 1A 98 64 00 34 33 CD 42 00 00 00 00 
R08:56:13   00 AC 06 1A 
R08:56:13   68 82 D2 68 46 07 CF 08 25 00 3F 06 99 64 00 2B C0 DB 49 00 BB 6F 25 0B 6F 04 1A 9A 64 00 00 00 
R08:56:13   99 44 00 BB 6F 25 0B 6F 04 1A 9B 64 00 9A 99 9C 43 00 BB 6F 25 0B 6F 04 1A 9C 64 00 CC 8A AC 47 
R08:56:13   00 BB 6F 25 0B 6F 04 1A 9D 64 00 66 66 89 43 00 BB 6F 25 0B 6F 04 1A 9E 64 00 19 BE AC 47 00 BB 
R08:56:13   6F 25 0B 6F 04 1A 9F 64 00 34 B3 63 44 00 BB 6F 25 0B 6F 04 1A A0 64 00 34 33 CD 42 00 BB 6F 25 
R08:56:13   0B 6F 04 1A 
S08:56:13   68 04 01 00 D4 68 
R08:56:14   68 4A D4 68 46 07 CE 08 25 00 3F 06 A1 64 00 33 73 4C 44 00 A2 64 00 34 0D 6A 48 00 A3 64 00 98 
R08:56:14   99 CF 42 00 A4 64 00 66 26 AE 44 00 A5 64 00 5C B5 79 4A 00 A6 64 00 34 5B F9 45 00 A7 64 00 41 
R08:56:14   F3 69 48 00 A8 64 00 9A D1 CD 45 00 
R08:56:14   68 82 D6 68 46 07 CF 08 25 00 3F 06 A9 64 00 33 73 4C 44 00 00 00 2D 08 AC 06 1A AA 64 00 A6 0A 
R08:56:14   6A 48 00 00 00 2D 08 AC 06 1A AB 64 00 98 99 CF 42 00 00 00 2D 08 AC 06 1A AC 64 00 66 26 AE 44 
R08:56:14   00 00 00 2D 08 AC 06 1A AD 64 00 6C B2 79 4A 00 00 00 2D 08 AC 06 1A AE 64 00 34 5B F9 45 00 00 
R08:56:14   00 2D 08 AC 06 1A AF 64 00 B3 F0 69 48 00 00 00 2D 08 AC 06 1A B0 64 00 9A D1 CD 45 00 00 00 2D 
R08:56:14   08 AC 06 1A 
R08:56:14   68 82 D8 68 46 07 CF 08 25 00 3F 06 B1 64 00 33 73 4C 44 00 00 00 00 00 AC 06 1A B2 64 00 27 8B 
R08:56:14   69 48 00 00 00 00 00 AC 06 1A B3 64 00 98 99 CF 42 00 00 00 00 00 AC 06 1A B4 64 00 66 26 AE 44 
R08:56:14   00 00 00 00 00 AC 06 1A B5 64 00 CB 37 79 4A 00 00 00 00 00 AC 06 1A B6 64 00 34 5B F9 45 00 00 
R08:56:14   00 00 00 AC 06 1A B7 64 00 34 71 69 48 00 00 00 00 00 AC 06 1A B8 64 00 9A D1 CD 45 00 00 00 00 
R08:56:14   00 AC 06 1A 
S08:56:14   68 04 01 00 DA 68 
R08:56:15   68 82 DA 68 46 07 CF 08 25 00 3F 06 B9 64 00 33 73 4C 44 00 7A 6D 25 0B 6F 04 1A BA 64 00 00 A3 
R08:56:15   1E 48 00 7A 6D 25 0B 6F 04 1A BB 64 00 98 99 CF 42 00 7A 6D 25 0B 6F 04 1A BC 64 00 66 26 AE 44 
R08:56:15   00 7A 6D 25 0B 6F 04 1A BD 64 00 7A F6 0A 4A 00 7A 6D 25 0B 6F 04 1A BE 64 00 CC 0C BB 44 00 7A 
R08:56:15   6D 25 0B 6F 04 1A BF 64 00 0D 89 1E 48 00 7A 6D 25 0B 6F 04 1A C0 64 00 67 66 CE 42 00 7A 6D 25 
R08:56:15   0B 6F 04 1A 
R08:56:15   68 0E DC 68 46 07 65 01 0A 00 3F 06 00 00 00 05 
S08:56:15   68 14 46 07 DE 68 67 01 06 00 3F 06 00 00 00 D5 3D 38 08 AC 06 1A 
R08:56:16   68 14 DE 68 48 07 67 01 07 00 3F 06 00 00 00 D5 3D 38 08 AC 06 1A 
S08:56:25   68 04 01 00 E0 68 
S08:56:41   68 04 43 00 00 00 
R08:56:41   68 04 83 00 00 00 
S08:56:57   68 04 43 00 00 00 
R08:56:57   68 04 83 00 00 00 
S08:57:13   68 04 43 00 00 00 
R08:57:13   68 04 83 00 00 00 
S08:57:29   68 04 43 00 00 00 
R08:57:29   68 04 83 00 00 00 
S08:57:45   68 04 43 00 00 00 
R08:57:45   68 04 83 00 00 00 
S08:58:01   68 04 43 00 00 00 
R08:58:01   68 04 83 00 00 00 
S08:58:17   68 04 43 00 00 00 
R08:58:17   68 04 83 00 00 00 
S08:58:33   68 04 43 00 00 00 
R08:58:34   68 04 83 00 00 00 
S08:58:50   68 04 43 00 00 00 
R08:58:51   68 04 83 00 00 00 
S08:59:07   68 04 43 00 00 00 
R08:59:08   68 04 83 00 00 00 
S08:59:24   68 04 43 00 00 00 
R08:59:25   68 04 83 00 00 00 
S08:59:41   68 04 43 00 00 00 
R08:59:42   68 04 83 00 00 00 
S08:59:58   68 04 43 00 00 00 
R08:59:59   68 04 83 00 00 00 
S09:00:15   68 04 43 00 00 00 
R09:00:16   68 04 83 00 00 00 
S09:00:32   68 04 43 00 00 00 
R09:00:33   68 04 83 00 00 00 
S09:00:49   68 04 43 00 00 00 
R09:00:50   68 04 83 00 00 00 
S09:01:06   68 04 43 00 00 00 
R09:01:07   68 04 83 00 00 00 
S09:01:23   68 04 43 00 00 00 
R09:01:24   68 04 83 00 00 00 
S09:01:40   68 04 43 00 00 00 
R09:01:41   68 04 83 00 00 00 
R09:01:49   68 12 E0 68 48 07 0D 01 03 00 3F 06 45 40 00 ED 7C 71 42 00 
S09:01:49   68 04 01 00 E2 68 
S09:02:05   68 04 43 00 00 00 
R09:02:06   68 04 83 00 00 00 
S09:02:22   68 04 43 00 00 00 
R09:02:23   68 04 83 00 00 00 
S09:02:39   68 04 43 00 00 00 
R09:02:40   68 04 83 00 00 00 
S09:02:56   68 04 43 00 00 00 
R09:02:57   68 04 83 00 00 00 
R09:03:11   68 12 E2 68 48 07 0D 01 03 00 3F 06 44 40 00 DF 4F 7F 42 00 
S09:03:11   68 04 01 00 E4 68 
S09:03:27   68 04 43 00 00 00 
R09:03:28   68 04 83 00 00 00 
S09:03:44   68 04 43 00 00 00 
R09:03:44   68 04 83 00 00 00 
S09:04:00   68 04 43 00 00 00 
R09:04:00   68 04 83 00 00 00 
S09:04:16   68 04 43 00 00 00 
R09:04:16   68 04 83 00 00 00 
S09:04:32   68 04 43 00 00 00 
R09:04:32   68 04 83 00 00 00 
R09:04:42   68 22 E4 68 48 07 0D 03 03 00 3F 06 13 40 00 B4 C8 76 3F 00 44 40 00 75 93 58 42 00 45 40 00 31 
R09:04:42   08 56 42 00 
S09:04:42   68 04 01 00 E6 68 
S09:04:58   68 04 43 00 00 00 
R09:04:58   68 04 83 00 00 00 
S09:05:14   68 04 43 00 00 00 
R09:05:14   68 04 83 00 00 00 
S09:05:30   68 04 43 00 00 00 
R09:05:30   68 04 83 00 00 00 
R09:05:38   68 12 E6 68 48 07 0D 01 03 00 3F 06 44 40 00 D0 F7 71 42 00 
S09:05:38   68 04 01 00 E8 68 
S09:05:54   68 04 43 00 00 00 
R09:05:54   68 04 83 00 00 00 
S09:06:10   68 04 43 00 00 00 
R09:06:10   68 04 83 00 00 00 
S09:06:26   68 04 43 00 00 00 
R09:06:26   68 04 83 00 00 00 
S09:06:42   68 04 43 00 00 00 
R09:06:42   68 04 83 00 00 00 
S09:06:58   68 04 43 00 00 00 
R09:06:58   68 04 83 00 00 00 
S09:07:14   68 04 43 00 00 00 
R09:07:14   68 04 83 00 00 00 
S09:07:30   68 04 43 00 00 00 
R09:07:30   68 04 83 00 00 00 
R09:07:32   68 12 E8 68 48 07 0D 01 03 00 3F 06 45 40 00 31 08 6E 42 00 
S09:07:32   68 04 01 00 EA 68 
S09:07:48   68 04 43 00 00 00 
R09:07:48   68 04 83 00 00 00 
S09:08:04   68 04 43 00 00 00 
R09:08:04   68 04 83 00 00 00 
R09:08:06   68 1A EA 68 48 07 0D 02 03 00 3F 06 0F 40 00 89 41 78 41 00 13 40 00 6D E7 7B 3F 00 
S09:08:06   68 04 01 00 EC 68 
R09:08:07   68 12 EC 68 48 07 0D 01 03 00 3F 06 46 40 00 4A 0C 81 42 00 
R09:08:07   68 1A EE 68 48 07 0D 02 03 00 3F 06 0D 40 00 F7 53 7B 41 00 0E 40 00 89 41 78 41 00 
S09:08:17   68 04 01 00 F0 68 
S09:08:33   68 04 43 00 00 00 
R09:08:33   68 04 83 00 00 00 
R09:08:46   68 12 F0 68 48 07 0D 01 03 00 3F 06 44 40 00 54 E3 87 42 00 
S09:08:46   68 04 01 00 F2 68 
S09:09:02   68 04 43 00 00 00 
R09:09:02   68 04 83 00 00 00 
R09:09:05   68 12 F2 68 48 07 0D 01 03 00 3F 06 45 40 00 42 60 83 42 00 
S09:09:05   68 04 01 00 F4 68 
S09:09:21   68 04 43 00 00 00 
R09:09:21   68 04 83 00 00 00 
S09:09:37   68 04 43 00 00 00 
R09:09:37   68 04 83 00 00 00 
S09:09:53   68 04 43 00 00 00 
R09:09:53   68 04 83 00 00 00 
S09:10:09   68 04 43 00 00 00 
R09:10:09   68 04 83 00 00 00 
S09:10:25   68 04 43 00 00 00 
R09:10:25   68 04 83 00 00 00 
R09:10:34   68 12 F4 68 48 07 0D 01 03 00 3F 06 46 40 00 7B 14 8E 42 00 
S09:10:34   68 04 01 00 F6 68 
S09:10:50   68 04 43 00 00 00 
R09:10:50   68 04 83 00 00 00 
S09:10:59   68 0E 48 07 F6 68 64 01 06 00 3F 06 00 00 00 14 
R09:10:59   68 0E F6 68 4A 07 64 01 07 00 3F 06 00 00 00 14 
S09:10:59   68 04 01 00 F8 68 
R09:11:00   68 E6 F8 68 4A 07 01 37 14 00 3F 06 01 00 00 00 02 00 00 00 03 00 00 00 04 00 00 00 05 00 00 00 
R09:11:00   06 00 00 00 07 00 00 01 08 00 00 00 09 00 00 00 0A 00 00 00 0B 00 00 00 0C 00 00 00 0D 00 00 00 
R09:11:00   0E 00 00 00 0F 00 00 00 10 00 00 00 11 00 00 00 12 00 00 00 13 00 00 00 14 00 00 00 15 00 00 00 
R09:11:00   16 00 00 00 17 00 00 00 18 00 00 00 19 00 00 00 1A 00 00 01 1B 00 00 01 1C 00 00 00 1D 00 00 01 
R09:11:00   1E 00 00 01 1F 00 00 01 20 00 00 00 21 00 00 00 22 00 00 00 23 00 00 00 24 00 00 00 25 00 00 00 
R09:11:00   26 00 00 00 27 00 00 00 28 00 00 00 29 00 00 01 2A 00 00 00 2B 00 00 00 2C 00 00 00 2D 00 00 00 
R09:11:00   2E 00 00 00 2F 00 00 00 30 00 00 00 31 00 00 00 32 00 00 00 33 00 00 00 34 00 00 00 35 00 00 00 
R09:11:00   36 00 00 00 37 00 00 00 
R09:11:00   68 D2 FA 68 4A 07 01 32 14 00 3F 06 38 00 00 00 39 00 00 00 3A 00 00 00 3B 00 00 01 3C 00 00 00 
R09:11:00   3D 00 00 00 3E 00 00 01 3F 00 00 01 40 00 00 00 41 00 00 00 42 00 00 01 43 00 00 00 44 00 00 00 
R09:11:00   45 00 00 00 46 00 00 00 47 00 00 00 48 00 00 00 49 00 00 00 4A 00 00 01 4B 00 00 00 4C 00 00 00 
R09:11:00   4D 00 00 00 4E 00 00 00 4F 00 00 00 50 00 00 00 51 00 00 00 52 00 00 00 53 00 00 00 54 00 00 00 
R09:11:00   55 00 00 00 56 00 00 00 57 00 00 00 58 00 00 00 59 00 00 00 5A 00 00 00 5B 00 00 00 5C 00 00 01 
R09:11:00   5D 00 00 00 5E 00 00 00 5F 00 00 01 60 00 00 01 61 00 00 00 62 00 00 00 63 00 00 01 64 00 00 00 
R09:11:00   65 00 00 00 66 00 00 00 67 00 00 00 68 00 00 00 69 00 00 00 
R09:11:00   68 E6 FC 68 4A 07 01 37 14 00 3F 06 69 00 00 00 6A 00 00 01 6B 00 00 00 6C 00 00 00 6D 00 00 00 
R09:11:00   6E 00 00 00 6F 00 00 00 70 00 00 00 71 00 00 00 72 00 00 00 73 00 00 00 74 00 00 00 75 00 00 00 
R09:11:00   76 00 00 00 77 00 00 00 78 00 00 00 79 00 00 00 7A 00 00 00 7B 00 00 00 7C 00 00 00 7D 00 00 01 
R09:11:00   7E 00 00 01 7F 00 00 00 80 00 00 01 81 00 00 01 82 00 00 01 83 00 00 00 84 00 00 00 85 00 00 00 
R09:11:00   86 00 00 00 87 00 00 00 88 00 00 00 89 00 00 00 8A 00 00 00 8B 00 00 01 8C 00 00 00 8D 00 00 00 
R09:11:00   8E 00 00 00 8F 00 00 00 90 00 00 00 91 00 00 00 92 00 00 00 93 00 00 00 94 00 00 00 95 00 00 00 
R09:11:00   96 00 00 00 97 00 00 00 98 00 00 00 99 00 00 00 9A 00 00 00 9B 00 00 00 9C 00 00 00 9D 00 00 00 
R09:11:00   9E 00 00 01 9F 00 00 00 
S09:11:01   68 04 01 00 FE 68 
R09:11:01   68 A6 FE 68 4A 07 01 27 14 00 3F 06 A0 00 00 00 A1 00 00 01 A2 00 00 01 A3 00 00 01 A4 00 00 00 
R09:11:01   A5 00 00 00 A6 00 00 00 A7 00 00 00 A8 00 00 00 A9 00 00 00 AA 00 00 00 AB 00 00 00 AC 00 00 01 
R09:11:01   AD 00 00 00 AE 00 00 00 AF 00 00 00 B0 00 00 00 B1 00 00 00 B2 00 00 00 B3 00 00 00 B4 00 00 00 
R09:11:01   B5 00 00 00 B6 00 00 00 B7 00 00 00 B8 00 00 00 B9 00 00 00 BA 00 00 00 BB 00 00 00 BC 00 00 00 
R09:11:01   BD 00 00 00 BE 00 00 00 BF 00 00 01 C0 00 00 00 C1 00 00 00 C2 00 00 01 C3 00 00 01 C4 00 00 01 
R09:11:01   C5 00 00 00 C6 00 00 00 
R09:11:01   68 EA 00 69 4A 07 0D 1C 14 00 3F 06 01 40 00 00 00 63 43 00 02 40 00 7B 14 54 42 00 03 40 00 A6 
R09:11:01   9B 26 41 00 04 40 00 00 00 00 00 00 05 40 00 A0 1A 27 41 00 06 40 00 00 00 00 00 00 07 40 00 9E 
R09:11:01   EF 47 42 00 08 40 00 00 00 00 00 00 09 40 00 00 00 00 00 00 0A 40 00 00 00 00 00 00 0B 40 00 00 
R09:11:01   00 00 00 00 0C 40 00 00 00 00 00 00 0D 40 00 15 AE 97 41 00 0E 40 00 D5 78 95 41 00 0F 40 00 70 
R09:11:01   3D 96 41 00 10 40 00 00 00 00 00 00 11 40 00 C2 75 A7 43 00 12 40 00 5C 8F 6E C2 00 13 40 00 6D 
R09:11:01   E7 7B 3F 00 14 40 00 00 00 00 00 00 15 40 00 00 00 00 00 00 16 40 00 00 00 00 00 00 17 40 00 00 
R09:11:01   00 00 00 00 18 40 00 00 00 00 00 00 19 40 00 00 00 00 00 00 1A 40 00 00 00 00 00 00 1B 40 00 00 
R09:11:01   00 00 00 00 1C 40 00 00 00 00 00 00 
R09:11:02   68 6A 02 69 4A 07 0D 0C 14 00 3F 06 1D 40 00 00 00 00 00 00 1E 40 00 00 00 00 00 00 1F 40 00 00 
R09:11:02   00 00 00 00 20 40 00 00 00 00 00 00 21 40 00 00 00 00 00 00 22 40 00 00 00 00 00 00 23 40 00 00 
R09:11:02   00 00 00 00 24 40 00 00 00 00 00 00 25 40 00 00 00 00 00 00 26 40 00 00 00 00 00 00 27 40 00 00 
R09:11:02   00 00 00 00 28 40 00 00 00 00 00 00 
S09:11:02   68 04 01 00 04 69 
R09:11:02   68 EA 04 69 4A 07 0D 1C 14 00 3F 06 29 40 00 00 00 00 00 00 2A 40 00 00 00 00 00 00 2B 40 00 00 
R09:11:02   00 00 00 00 2C 40 00 00 00 00 00 00 2D 40 00 00 00 00 00 00 2E 40 00 00 00 00 00 00 2F 40 00 00 
R09:11:02   00 00 00 00 30 40 00 00 00 00 00 00 31 40 00 00 00 00 00 00 32 40 00 00 00 00 00 00 33 40 00 00 
R09:11:02   00 00 00 00 34 40 00 00 00 00 00 00 35 40 00 00 00 00 00 00 36 40 00 00 00 00 00 00 37 40 00 00 
R09:11:02   00 00 00 00 38 40 00 00 00 00 00 00 39 40 00 46 B6 45 42 00 3A 40 00 04 56 40 42 00 3B 40 00 3E 
R09:11:02   0A 4B 42 00 3C 40 00 00 00 00 00 00 3D 40 00 B8 DE 5E 44 00 3E 40 00 D6 A3 60 C1 00 3F 40 00 77 
R09:11:02   BE 7F 3F 00 40 40 00 00 00 00 00 00 41 40 00 00 00 00 00 00 42 40 00 00 00 00 00 00 43 40 00 00 
R09:11:02   00 00 00 00 44 40 00 4C 37 8D 42 00 
R09:11:03   68 3A 06 69 4A 07 0D 06 14 00 3F 06 45 40 00 12 83 88 42 00 46 40 00 AC 1C 8F 42 00 47 40 00 00 
R09:11:03   00 00 00 00 48 40 00 E1 5A 9E C4 00 49 40 00 5C 8F 82 42 00 4A 40 00 EE 7C 7F BF 00 
R09:11:03   68 0E 08 69 4A 07 64 01 0A 00 3F 06 00 00 00 14 
S09:11:03   68 0E 4A 07 0A 69 65 01 06 00 3F 06 00 00 00 05 
R09:11:04   68 0E 0A 69 4C 07 65 01 07 00 3F 06 00 00 00 05 
R09:11:05   68 4A 0C 69 4C 07 CE 08 25 00 3F 06 01 64 00 90 4B 1C 49 00 02 64 00 66 66 03 44 00 03 64 00 67 
R09:11:05   66 FE 43 00 04 64 00 4C 01 F5 47 00 05 64 00 00 00 AE 42 00 06 64 00 CD 23 F5 47 00 07 64 00 66 
R09:11:05   66 86 41 00 08 64 00 00 00 8A 42 00 
R09:11:05   68 82 0E 69 4C 07 CF 08 25 00 3F 06 09 64 00 B6 48 1C 49 00 00 00 00 09 AC 06 1A 0A 64 00 66 66 
R09:11:05   03 44 00 00 00 00 09 AC 06 1A 0B 64 00 67 66 FE 43 00 00 00 00 09 AC 06 1A 0C 64 00 66 FD F4 47 
R09:11:05   00 00 00 00 09 AC 06 1A 0D 64 00 00 00 AE 42 00 00 00 00 09 AC 06 1A 0E 64 00 E7 1F F5 47 00 00 
R09:11:05   00 00 09 AC 06 1A 0F 64 00 66 66 86 41 00 00 00 00 09 AC 06 1A 10 64 00 00 00 8A 42 00 00 00 00 
R09:11:05   09 AC 06 1A 
R09:11:05   68 82 10 69 4C 07 CF 08 25 00 3F 06 11 64 00 39 D0 1B 49 00 00 00 00 00 AC 06 1A 12 64 00 66 66 
R09:11:05   03 44 00 00 00 00 00 AC 06 1A 13 64 00 67 66 FE 43 00 00 00 00 00 AC 06 1A 14 64 00 66 55 F4 47 
R09:11:05   00 00 00 00 00 AC 06 1A 15 64 00 00 00 AE 42 00 00 00 00 00 AC 06 1A 16 64 00 E7 77 F4 47 00 00 
R09:11:05   00 00 00 AC 06 1A 17 64 00 66 66 86 41 00 00 00 00 00 AC 06 1A 18 64 00 00 00 8A 42 00 00 00 00 
R09:11:05   00 AC 06 1A 
S09:11:05   68 04 01 00 12 69 
R09:11:06   68 82 12 69 4C 07 CF 08 25 00 3F 06 19 64 00 00 00 00 00 00 00 00 00 00 AC 06 1A 1A 64 00 00 00 
R09:11:06   00 00 00 00 00 00 00 AC 06 1A 1B 64 00 00 00 00 00 00 00 00 00 00 AC 06 1A 1C 64 00 00 00 00 00 
R09:11:06   00 00 00 00 00 AC 06 1A 1D 64 00 00 00 00 00 00 00 00 00 00 AC 06 1A 1E 64 00 00 00 00 00 00 00 
R09:11:06   00 00 00 AC 06 1A 1F 64 00 00 00 00 00 00 00 00 00 00 AC 06 1A 20 64 00 00 00 00 00 00 00 00 00 
R09:11:06   00 AC 06 1A 
R09:11:06   68 4A 14 69 4C 07 CE 08 25 00 3F 06 21 64 00 CC CC 41 43 00 22 64 00 34 33 0B 43 00 23 64 00 66 
R09:11:06   66 AA 42 00 24 64 00 CD CC EE 42 00 25 64 00 CD CC C4 42 00 26 64 00 CC CC 29 43 00 27 64 00 FF 
R09:11:06   FF 57 42 00 28 64 00 99 99 49 42 00 
R09:11:07   68 82 16 69 4C 07 CF 08 25 00 3F 06 29 64 00 CC CC 41 43 00 00 00 00 09 AC 06 1A 2A 64 00 34 33 
R09:11:07   0B 43 00 00 00 00 09 AC 06 1A 2B 64 00 66 66 AA 42 00 00 00 00 09 AC 06 1A 2C 64 00 CD CC EE 42 
R09:11:07   00 00 00 00 09 AC 06 1A 2D 64 00 CD CC C4 42 00 00 00 00 09 AC 06 1A 2E 64 00 CC CC 29 43 00 00 
R09:11:07   00 00 09 AC 06 1A 2F 64 00 FF FF 57 42 00 00 00 00 09 AC 06 1A 30 64 00 99 99 49 42 00 00 00 00 
R09:11:07   09 AC 06 1A 
S09:11:08   68 04 01 00 18 69 
R09:11:08   68 82 18 69 4C 07 CF 08 25 00 3F 06 31 64 00 CC CC 41 43 00 00 00 00 00 AC 06 1A 32 64 00 34 33 
R09:11:08   0B 43 00 00 00 00 00 AC 06 1A 33 64 00 66 66 AA 42 00 00 00 00 00 AC 06 1A 34 64 00 CD CC EE 42 
R09:11:08   00 00 00 00 00 AC 06 1A 35 64 00 CD CC C4 42 00 00 00 00 00 AC 06 1A 36 64 00 CC CC 29 43 00 00 
R09:11:08   00 00 00 AC 06 1A 37 64 00 FF FF 57 42 00 00 00 00 00 AC 06 1A 38 64 00 99 99 49 42 00 00 00 00 
R09:11:08   00 AC 06 1A 
R09:11:08   68 82 1A 69 4C 07 CF 08 25 00 3F 06 39 64 00 00 00 00 00 00 00 00 00 00 AC 06 1A 3A 64 00 00 00 
R09:11:08   00 00 00 00 00 00 00 AC 06 1A 3B 64 00 00 00 00 00 00 00 00 00 00 AC 06 1A 3C 64 00 00 00 00 00 
R09:11:08   00 00 00 00 00 AC 06 1A 3D 64 00 00 00 00 00 00 00 00 00 00 AC 06 1A 3E 64 00 00 00 00 00 00 00 
R09:11:08   00 00 00 AC 06 1A 3F 64 00 00 00 00 00 00 00 00 00 00 AC 06 1A 40 64 00 00 00 00 00 00 00 00 00 
R09:11:08   00 AC 06 1A 
R09:11:09   68 4A 1C 69 4C 07 CE 08 25 00 3F 06 41 64 00 CC CC 5F 43 00 42 64 00 33 33 47 43 00 43 64 00 9A 
R09:11:09   99 22 43 00 44 64 00 CC CC 74 42 00 45 64 00 00 00 A8 42 00 46 64 00 00 00 F6 42 00 47 64 00 66 
R09:11:09   66 12 42 00 48 64 00 34 33 77 42 00 
S09:11:09   68 04 01 00 1E 69 
R09:11:09   68 82 1E 69 4C 07 CF 08 25 00 3F 06 49 64 00 CC CC 5F 43 00 00 00 00 09 AC 06 1A 4A 64 00 33 33 
R09:11:09   47 43 00 00 00 00 09 AC 06 1A 4B 64 00 9A 99 22 43 00 00 00 00 09 AC 06 1A 4C 64 00 CC CC 74 42 
R09:11:09   00 00 00 00 09 AC 06 1A 4D 64 00 00 00 A8 42 00 00 00 00 09 AC 06 1A 4E 64 00 00 00 F6 42 00 00 
R09:11:09   00 00 09 AC 06 1A 4F 64 00 66 66 12 42 00 00 00 00 09 AC 06 1A 50 64 00 34 33 77 42 00 00 00 00 
R09:11:09   09 AC 06 1A 
R09:11:09   68 82 20 69 4C 07 CF 08 25 00 3F 06 51 64 00 CC CC 5F 43 00 00 00 00 00 AC 06 1A 52 64 00 33 33 
R09:11:09   47 43 00 00 00 00 00 AC 06 1A 53 64 00 9A 99 22 43 00 00 00 00 00 AC 06 1A 54 64 00 CC CC 74 42 
R09:11:09   00 00 00 00 00 AC 06 1A 55 64 00 00 00 A8 42 00 00 00 00 00 AC 06 1A 56 64 00 00 00 F6 42 00 00 
R09:11:09   00 00 00 AC 06 1A 57 64 00 66 66 12 42 00 00 00 00 00 AC 06 1A 58 64 00 34 33 77 42 00 00 00 00 
R09:11:09   00 AC 06 1A 
R09:11:10   68 82 22 69 4C 07 CF 08 25 00 3F 06 59 64 00 00 00 00 00 00 00 00 00 00 AC 06 1A 5A 64 00 00 00 
R09:11:10   00 00 00 00 00 00 00 AC 06 1A 5B 64 00 00 00 00 00 00 00 00 00 00 AC 06 1A 5C 64 00 00 00 00 00 
R09:11:10   00 00 00 00 00 AC 06 1A 5D 64 00 00 00 00 00 00 00 00 00 00 AC 06 1A 5E 64 00 00 00 00 00 00 00 
R09:11:10   00 00 00 AC 06 1A 5F 64 00 00 00 00 00 00 00 00 00 00 AC 06 1A 60 64 00 00 00 00 00 00 00 00 00 
R09:11:10   00 AC 06 1A 
S09:11:11   68 04 01 00 24 69 
R09:11:11   68 4A 24 69 4C 07 CE 08 25 00 3F 06 61 64 00 C0 E0 0B 48 00 62 64 00 66 66 18 43 00 63 64 00 99 
R09:11:11   99 C9 42 00 64 64 00 33 2B 70 46 00 65 64 00 34 33 8B 42 00 66 64 00 67 F2 70 46 00 67 64 00 67 
R09:11:11   66 4E 42 00 68 64 00 33 33 47 42 00 
R09:11:11   68 82 26 69 4C 07 CF 08 25 00 3F 06 69 64 00 1A DF 0B 48 00 00 00 00 09 AC 06 1A 6A 64 00 66 66 
R09:11:11   18 43 00 00 00 00 09 AC 06 1A 6B 64 00 99 99 C9 42 00 00 00 00 09 AC 06 1A 6C 64 00 CC 28 70 46 
R09:11:11   00 00 00 00 09 AC 06 1A 6D 64 00 34 33 8B 42 00 00 00 00 09 AC 06 1A 6E 64 00 00 F0 70 46 00 00 
R09:11:11   00 00 09 AC 06 1A 6F 64 00 67 66 4E 42 00 00 00 00 09 AC 06 1A 70 64 00 33 33 47 42 00 00 00 00 
R09:11:11   09 AC 06 1A 
R09:11:12   68 82 28 69 4C 07 CF 08 25 00 3F 06 71 64 00 8C 9A 0B 48 00 00 00 00 00 AC 06 1A 72 64 00 66 66 
R09:11:12   18 43 00 00 00 00 00 AC 06 1A 73 64 00 99 99 C9 42 00 00 00 00 00 AC 06 1A 74 64 00 00 A0 6F 46 
R09:11:12   00 00 00 00 00 AC 06 1A 75 64 00 34 33 8B 42 00 00 00 00 00 AC 06 1A 76 64 00 34 67 70 46 00 00 
R09:11:12   00 00 00 AC 06 1A 77 64 00 67 66 4E 42 00 00 00 00 00 AC 06 1A 78 64 00 33 33 47 42 00 00 00 00 
R09:11:12   00 AC 06 1A 
R09:11:12   68 82 2A 69 4C 07 CF 08 25 00 3F 06 79 64 00 FF 44 DE 47 00 3A AE 25 0D F1 05 1A 7A 64 00 66 66 
R09:11:12   18 43 00 3A AE 25 0D F1 05 1A 7B 64 00 99 99 C9 42 00 3A AE 25 0D F1 05 1A 7C 64 00 67 46 50 46 
R09:11:12   00 3A AE 25 0D F1 05 1A 7D 64 00 34 33 8B 42 00 3A AE 25 0D F1 05 1A 7E 64 00 33 0B 51 46 00 3A 
R09:11:12   AE 25 0D F1 05 1A 7F 64 00 67 66 4E 42 00 3A AE 25 0D F1 05 1A 80 64 00 CD CC 44 42 00 3A AE 25 
R09:11:12   0D F1 05 1A 
S09:11:12   68 04 01 00 2C 69 
R09:11:12   68 4A 2C 69 4C 07 CE 08 25 00 3F 06 81 64 00 9F CA 48 4A 00 82 64 00 CC 6C 38 46 00 83 64 00 9A 
R09:11:12   31 2A 46 00 84 64 00 B3 A7 F0 47 00 85 64 00 CC 4C 8A 43 00 86 64 00 00 DB F0 47 00 87 64 00 34 
R09:11:12   B3 63 44 00 88 64 00 34 33 CD 42 00 
R09:11:13   68 82 2E 69 4C 07 CF 08 25 00 3F 06 89 64 00 43 C8 48 4A 00 00 00 00 09 AC 06 1A 8A 64 00 CC 6C 
R09:11:13   38 46 00 00 00 00 09 AC 06 1A 8B 64 00 9A 31 2A 46 00 00 00 00 09 AC 06 1A 8C 64 00 68 A4 F0 47 
R09:11:13   00 00 00 00 09 AC 06 1A 8D 64 00 CC 4C 8A 43 00 00 00 00 09 AC 06 1A 8E 64 00 B4 D7 F0 47 00 00 
R09:11:13   00 00 09 AC 06 1A 8F 64 00 34 B3 63 44 00 00 00 00 09 AC 06 1A 90 64 00 34 33 CD 42 00 00 00 00 
R09:11:13   09 AC 06 1A 
R09:11:13   68 82 30 69 4C 07 CF 08 25 00 3F 06 91 64 00 AE 6C 48 4A 00 00 00 00 00 AC 06 1A 92 64 00 CC 6C 
R09:11:13   38 46 00 00 00 00 00 AC 06 1A 93 64 00 9A 31 2A 46 00 00 00 00 00 AC 06 1A 94 64 00 B3 3E F0 47 
R09:11:13   00 00 00 00 00 AC 06 1A 95 64 00 CC 4C 8A 43 00 00 00 00 00 AC 06 1A 96 64 00 00 72 F0 47 00 00 
R09:11:13   00 00 00 AC 06 1A 97 64 00 34 B3 63 44 00 00 00 00 00 AC 06 1A 98 64 00 34 33 CD 42 00 00 00 00 
R09:11:13   00 AC 06 1A 
S09:11:14   68 04 01 00 32 69 
R09:11:14   68 82 32 69 4C 07 CF 08 25 00 3F 06 99 64 00 2B C0 DB 49 00 BB 6F 25 0B 6F 04 1A 9A 64 00 00 00 
R09:11:14   99 44 00 BB 6F 25 0B 6F 04 1A 9B 64 00 9A 99 9C 43 00 BB 6F 25 0B 6F 04 1A 9C 64 00 CC 8A AC 47 
R09:11:14   00 BB 6F 25 0B 6F 04 1A 9D 64 00 66 66 89 43 00 BB 6F 25 0B 6F 04 1A 9E 64 00 19 BE AC 47 00 BB 
R09:11:14   6F 25 0B 6F 04 1A 9F 64 00 34 B3 63 44 00 BB 6F 25 0B 6F 04 1A A0 64 00 34 33 CD 42 00 BB 6F 25 
R09:11:14   0B 6F 04 1A 
R09:11:14   68 4A 34 69 4C 07 CE 08 25 00 3F 06 A1 64 00 33 73 4C 44 00 A2 64 00 B3 11 6A 48 00 A3 64 00 98 
R09:11:14   99 CF 42 00 A4 64 00 66 26 AE 44 00 A5 64 00 A3 B9 79 4A 00 A6 64 00 34 5B F9 45 00 A7 64 00 C0 
R09:11:14   F7 69 48 00 A8 64 00 9A D1 CD 45 00 
R09:11:15   68 82 36 69 4C 07 CF 08 25 00 3F 06 A9 64 00 33 73 4C 44 00 00 00 00 09 AC 06 1A AA 64 00 1A 0E 
R09:11:15   6A 48 00 00 00 00 09 AC 06 1A AB 64 00 98 99 CF 42 00 00 00 00 09 AC 06 1A AC 64 00 66 26 AE 44 
R09:11:15   00 00 00 00 09 AC 06 1A AD 64 00 78 B6 79 4A 00 00 00 00 09 AC 06 1A AE 64 00 34 5B F9 45 00 00 
R09:11:15   00 00 09 AC 06 1A AF 64 00 27 F4 69 48 00 00 00 00 09 AC 06 1A B0 64 00 9A D1 CD 45 00 00 00 00 
R09:11:15   09 AC 06 1A 
S09:11:15   68 04 01 00 38 69 
R09:11:15   68 82 38 69 4C 07 CF 08 25 00 3F 06 B1 64 00 33 73 4C 44 00 00 00 00 00 AC 06 1A B2 64 00 27 8B 
R09:11:15   69 48 00 00 00 00 00 AC 06 1A B3 64 00 98 99 CF 42 00 00 00 00 00 AC 06 1A B4 64 00 66 26 AE 44 
R09:11:15   00 00 00 00 00 AC 06 1A B5 64 00 CB 37 79 4A 00 00 00 00 00 AC 06 1A B6 64 00 34 5B F9 45 00 00 
R09:11:15   00 00 00 AC 06 1A B7 64 00 34 71 69 48 00 00 00 00 00 AC 06 1A B8 64 00 9A D1 CD 45 00 00 00 00 
R09:11:15   00 AC 06 1A 
R09:11:15   68 82 3A 69 4C 07 CF 08 25 00 3F 06 B9 64 00 33 73 4C 44 00 7A 6D 25 0B 6F 04 1A BA 64 00 00 A3 
R09:11:15   1E 48 00 7A 6D 25 0B 6F 04 1A BB 64 00 98 99 CF 42 00 7A 6D 25 0B 6F 04 1A BC 64 00 66 26 AE 44 
R09:11:15   00 7A 6D 25 0B 6F 04 1A BD 64 00 7A F6 0A 4A 00 7A 6D 25 0B 6F 04 1A BE 64 00 CC 0C BB 44 00 7A 
R09:11:15   6D 25 0B 6F 04 1A BF 64 00 0D 89 1E 48 00 7A 6D 25 0B 6F 04 1A C0 64 00 67 66 CE 42 00 7A 6D 25 
R09:11:15   0B 6F 04 1A 
R09:11:16   68 0E 3C 69 4C 07 65 01 0A 00 3F 06 00 00 00 05 
S09:11:16   68 14 4C 07 3E 69 67 01 06 00 3F 06 00 00 00 D2 41 0B 09 AC 06 1A 
R09:11:17   68 14 3E 69 4E 07 67 01 07 00 3F 06 00 00 00 D2 41 0B 09 AC 06 1A 
S09:11:26   68 04 01 00 40 69 
S09:11:42   68 04 43 00 00 00 
R09:11:42   68 04 83 00 00 00 
S09:11:58   68 04 43 00 00 00 
R09:11:59   68 04 83 00 00 00 
S09:12:14   68 04 43 00 00 00 
R09:12:14   68 04 83 00 00 00 
S09:12:30   68 04 43 00 00 00 
R09:12:31   68 04 83 00 00 00 
S09:12:47   68 04 43 00 00 00 
R09:12:47   68 04 83 00 00 00 
S09:13:03   68 04 43 00 00 00 
R09:13:04   68 04 83 00 00 00 
R09:13:05   68 12 40 69 4E 07 0D 01 03 00 3F 06 45 40 00 22 B0 78 42 00 
S09:13:05   68 04 01 00 42 69 
S09:13:21   68 04 43 00 00 00 
R09:13:22   68 04 83 00 00 00 
S09:13:38   68 04 43 00 00 00 
R09:13:39   68 04 83 00 00 00 
S09:13:55   68 04 43 00 00 00 
R09:13:56   68 04 83 00 00 00 
R09:14:11   68 12 42 69 4E 07 0D 01 03 00 3F 06 46 40 00 A6 9B 82 42 00 
S09:14:11   68 04 01 00 44 69 
R09:14:17   68 12 44 69 4E 07 0D 01 03 00 3F 06 01 40 00 00 00 66 43 00 
S09:14:22   68 04 01 00 46 69 
R09:14:22   68 12 46 69 4E 07 0D 01 03 00 3F 06 44 40 00 4C 37 81 42 00 
R09:14:31   68 12 48 69 4E 07 0D 01 03 00 3F 06 01 40 00 00 00 63 43 00 
S09:14:33   68 04 01 00 4A 69 
S09:14:49   68 04 43 00 00 00 
R09:14:49   68 04 83 00 00 00 
S09:15:05   68 04 43 00 00 00 
R09:15:05   68 04 83 00 00 00 
S09:15:21   68 04 43 00 00 00 
R09:15:21   68 04 83 00 00 00 
S09:15:37   68 04 43 00 00 00 
R09:15:40   68 04 83 00 00 00 
S09:15:56   68 04 43 00 00 00 
R09:15:56   68 04 83 00 00 00 
S09:16:12   68 04 43 00 00 00 
R09:16:12   68 04 83 00 00 00 
S09:16:28   68 04 43 00 00 00 
R09:16:28   68 12 4A 69 4E 07 0D 01 03 00 3F 06 0E 40 00 AA F1 4A 41 00 
S09:16:28   68 04 01 00 4C 69 
R09:16:28   68 04 83 00 00 00 
R09:16:30   68 1A 4C 69 4E 07 0D 02 03 00 3F 06 0D 40 00 D0 22 1B 41 00 0F 40 00 68 91 15 41 00 
S09:16:39   68 04 01 00 4E 69 
S09:16:55   68 04 43 00 00 00 
R09:16:55   68 04 83 00 00 00 
S09:17:11   68 04 43 00 00 00 
R09:17:11   68 04 83 00 00 00 
S09:17:27   68 04 43 00 00 00 
R09:17:27   68 04 83 00 00 00 
S09:17:43   68 04 43 00 00 00 
R09:17:43   68 04 83 00 00 00 
S09:17:59   68 04 43 00 00 00 
R09:17:59   68 04 83 00 00 00 
S09:18:15   68 04 43 00 00 00 
R09:18:15   68 04 83 00 00 00 
R09:18:24   68 12 4E 69 4E 07 0D 01 03 00 3F 06 13 40 00 B4 C8 76 3F 00 
S09:18:24   68 04 01 00 50 69 
S09:18:40   68 04 43 00 00 00 
R09:18:40   68 04 83 00 00 00 
S09:18:56   68 04 43 00 00 00 
R09:18:56   68 04 83 00 00 00 
S09:19:12   68 04 43 00 00 00 
R09:19:12   68 04 83 00 00 00 
S09:19:28   68 04 43 00 00 00 
R09:19:28   68 04 83 00 00 00 
S09:19:44   68 04 43 00 00 00 
R09:19:44   68 04 83 00 00 00 
S09:20:00   68 04 43 00 00 00 
R09:20:00   68 04 83 00 00 00 
S09:20:16   68 04 43 00 00 00 
R09:20:16   68 04 83 00 00 00 
S09:20:32   68 04 43 00 00 00 
R09:20:32   68 04 83 00 00 00 
R09:20:38   68 12 50 69 4E 07 0D 01 03 00 3F 06 46 40 00 F6 28 6C 42 00 
S09:20:38   68 04 01 00 52 69 
S09:20:54   68 04 43 00 00 00 
R09:20:54   68 04 83 00 00 00 
S09:21:10   68 04 43 00 00 00 
R09:21:10   68 04 83 00 00 00 
S09:21:26   68 04 43 00 00 00 
R09:21:26   68 04 83 00 00 00 
S09:21:42   68 04 43 00 00 00 
R09:21:42   68 04 83 00 00 00 
S09:21:58   68 04 43 00 00 00 
R09:21:58   68 04 83 00 00 00 
R09:21:59   68 12 52 69 4E 07 0D 01 03 00 3F 06 46 40 00 AA F1 82 42 00 
S09:21:59   68 04 01 00 54 69 
S09:22:15   68 04 43 00 00 00 
R09:22:15   68 04 83 00 00 00 
S09:22:31   68 04 43 00 00 00 
R09:22:31   68 04 83 00 00 00 
S09:22:47   68 04 43 00 00 00 
R09:22:47   68 04 83 00 00 00 
S09:23:03   68 04 43 00 00 00 
R09:23:03   68 04 83 00 00 00 
S09:23:19   68 04 43 00 00 00 
R09:23:19   68 04 83 00 00 00 
S09:23:35   68 04 43 00 00 00 
R09:23:35   68 04 83 00 00 00 
S09:23:51   68 04 43 00 00 00 
R09:23:51   68 04 83 00 00 00 
S09:24:07   68 04 43 00 00 00 
R09:24:08   68 04 83 00 00 00 
S09:24:24   68 04 43 00 00 00 
R09:24:25   68 04 83 00 00 00 
S09:24:41   68 04 43 00 00 00 
R09:24:41   68 12 54 69 4E 07 0D 01 03 00 3F 06 39 40 00 00 00 5E 42 00 
S09:24:41   68 04 01 00 56 69 
R09:24:42   68 04 83 00 00 00 
S09:24:58   68 04 43 00 00 00 
R09:24:59   68 04 83 00 00 00 
S09:25:15   68 04 43 00 00 00 
R09:25:16   68 04 83 00 00 00 
R09:25:27   68 12 56 69 4E 07 0D 01 03 00 3F 06 3A 40 00 05 56 58 42 00 
S09:25:27   68 04 01 00 58 69 
S09:25:43   68 04 43 00 00 00 
R09:25:44   68 04 83 00 00 00 
S09:25:59   68 0E 4E 07 58 69 64 01 06 00 3F 06 00 00 00 14 
R09:26:00   68 0E 58 69 50 07 64 01 07 00 3F 06 00 00 00 14 
R09:26:00   68 E6 5A 69 50 07 01 37 14 00 3F 06 01 00 00 00 02 00 00 00 03 00 00 00 04 00 00 00 05 00 00 00 
R09:26:00   06 00 00 00 07 00 00 01 08 00 00 00 09 00 00 00 0A 00 00 00 0B 00 00 00 0C 00 00 00 0D 00 00 00 
R09:26:00   0E 00 00 00 0F 00 00 00 10 00 00 00 11 00 00 00 12 00 00 00 13 00 00 00 14 00 00 00 15 00 00 00 
R09:26:00   16 00 00 00 17 00 00 00 18 00 00 00 19 00 00 00 1A 00 00 01 1B 00 00 01 1C 00 00 00 1D 00 00 01 
R09:26:00   1E 00 00 01 1F 00 00 01 20 00 00 00 21 00 00 00 22 00 00 00 23 00 00 00 24 00 00 00 25 00 00 00 
R09:26:00   26 00 00 00 27 00 00 00 28 00 00 00 29 00 00 01 2A 00 00 00 2B 00 00 00 2C 00 00 00 2D 00 00 00 
R09:26:00   2E 00 00 00 2F 00 00 00 30 00 00 00 31 00 00 00 32 00 00 00 33 00 00 00 34 00 00 00 35 00 00 00 
R09:26:00   36 00 00 00 37 00 00 00 
S09:26:00   68 04 01 00 5C 69 
R09:26:01   68 D2 5C 69 50 07 01 32 14 00 3F 06 38 00 00 00 39 00 00 00 3A 00 00 00 3B 00 00 01 3C 00 00 00 
R09:26:01   3D 00 00 00 3E 00 00 01 3F 00 00 01 40 00 00 00 41 00 00 00 42 00 00 01 43 00 00 00 44 00 00 00 
R09:26:01   45 00 00 00 46 00 00 00 47 00 00 00 48 00 00 00 49 00 00 00 4A 00 00 01 4B 00 00 00 4C 00 00 00 
R09:26:01   4D 00 00 00 4E 00 00 00 4F 00 00 00 50 00 00 00 51 00 00 00 52 00 00 00 53 00 00 00 54 00 00 00 
R09:26:01   55 00 00 00 56 00 00 00 57 00 00 00 58 00 00 00 59 00 00 00 5A 00 00 00 5B 00 00 00 5C 00 00 01 
R09:26:01   5D 00 00 00 5E 00 00 00 5F 00 00 01 60 00 00 01 61 00 00 00 62 00 00 00 63 00 00 01 64 00 00 00 
R09:26:01   65 00 00 00 66 00 00 00 67 00 00 00 68 00 00 00 69 00 00 00 
R09:26:01   68 E6 5E 69 50 07 01 37 14 00 3F 06 69 00 00 00 6A 00 00 01 6B 00 00 00 6C 00 00 00 6D 00 00 00 
R09:26:01   6E 00 00 00 6F 00 00 00 70 00 00 00 71 00 00 00 72 00 00 00 73 00 00 00 74 00 00 00 75 00 00 00 
R09:26:01   76 00 00 00 77 00 00 00 78 00 00 00 79 00 00 00 7A 00 00 00 7B 00 00 00 7C 00 00 00 7D 00 00 01 
R09:26:01   7E 00 00 01 7F 00 00 00 80 00 00 01 81 00 00 01 82 00 00 01 83 00 00 00 84 00 00 00 85 00 00 00 
R09:26:01   86 00 00 00 87 00 00 00 88 00 00 00 89 00 00 00 8A 00 00 00 8B 00 00 01 8C 00 00 00 8D 00 00 00 
R09:26:01   8E 00 00 00 8F 00 00 00 90 00 00 00 91 00 00 00 92 00 00 00 93 00 00 00 94 00 00 00 95 00 00 00 
R09:26:01   96 00 00 00 97 00 00 00 98 00 00 00 99 00 00 00 9A 00 00 00 9B 00 00 00 9C 00 00 00 9D 00 00 00 
R09:26:01   9E 00 00 01 9F 00 00 00 
R09:26:01   68 A6 60 69 50 07 01 27 14 00 3F 06 A0 00 00 00 A1 00 00 01 A2 00 00 01 A3 00 00 01 A4 00 00 00 
R09:26:01   A5 00 00 00 A6 00 00 00 A7 00 00 00 A8 00 00 00 A9 00 00 00 AA 00 00 00 AB 00 00 00 AC 00 00 01 
R09:26:01   AD 00 00 00 AE 00 00 00 AF 00 00 00 B0 00 00 00 B1 00 00 00 B2 00 00 00 B3 00 00 00 B4 00 00 00 
R09:26:01   B5 00 00 00 B6 00 00 00 B7 00 00 00 B8 00 00 00 B9 00 00 00 BA 00 00 00 BB 00 00 00 BC 00 00 00 
R09:26:01   BD 00 00 00 BE 00 00 00 BF 00 00 01 C0 00 00 00 C1 00 00 00 C2 00 00 01 C3 00 00 01 C4 00 00 01 
R09:26:01   C5 00 00 00 C6 00 00 00 
S09:26:01   68 04 01 00 62 69 
R09:26:02   68 EA 62 69 50 07 0D 1C 14 00 3F 06 01 40 00 00 00 63 43 00 02 40 00 48 E1 53 42 00 03 40 00 8E 
R09:26:02   97 26 41 00 04 40 00 00 00 00 00 00 05 40 00 16 D9 26 41 00 06 40 00 00 00 00 00 00 07 40 00 60 
R09:26:02   E5 47 42 00 08 40 00 00 00 00 00 00 09 40 00 00 00 00 00 00 0A 40 00 00 00 00 00 00 0B 40 00 00 
R09:26:02   00 00 00 00 0C 40 00 00 00 00 00 00 0D 40 00 EF A7 0E 41 00 0E 40 00 A8 C6 0B 41 00 0F 40 00 87 
R09:26:02   16 09 41 00 10 40 00 00 00 00 00 00 11 40 00 71 3D 19 43 00 12 40 00 29 5C 13 C2 00 13 40 00 FE 
R09:26:02   D4 78 3F 00 14 40 00 00 00 00 00 00 15 40 00 00 00 00 00 00 16 40 00 00 00 00 00 00 17 40 00 00 
R09:26:02   00 00 00 00 18 40 00 00 00 00 00 00 19 40 00 00 00 00 00 00 1A 40 00 00 00 00 00 00 1B 40 00 00 
R09:26:02   00 00 00 00 1C 40 00 00 00 00 00 00 
R09:26:02   68 6A 64 69 50 07 0D 0C 14 00 3F 06 1D 40 00 00 00 00 00 00 1E 40 00 00 00 00 00 00 1F 40 00 00 
R09:26:02   00 00 00 00 20 40 00 00 00 00 00 00 21 40 00 00 00 00 00 00 22 40 00 00 00 00 00 00 23 40 00 00 
R09:26:02   00 00 00 00 24 40 00 00 00 00 00 00 25 40 00 00 00 00 00 00 26 40 00 00 00 00 00 00 27 40 00 00 
R09:26:02   00 00 00 00 28 40 00 00 00 00 00 00 
R09:26:03   68 EA 66 69 50 07 0D 1C 14 00 3F 06 29 40 00 00 00 00 00 00 2A 40 00 00 00 00 00 00 2B 40 00 00 
R09:26:03   00 00 00 00 2C 40 00 00 00 00 00 00 2D 40 00 00 00 00 00 00 2E 40 00 00 00 00 00 00 2F 40 00 00 
R09:26:03   00 00 00 00 30 40 00 00 00 00 00 00 31 40 00 00 00 00 00 00 32 40 00 00 00 00 00 00 33 40 00 00 
R09:26:03   00 00 00 00 34 40 00 00 00 00 00 00 35 40 00 00 00 00 00 00 36 40 00 00 00 00 00 00 37 40 00 00 
R09:26:03   00 00 00 00 38 40 00 00 00 00 00 00 39 40 00 CD CC 62 42 00 3A 40 00 48 E1 54 42 00 3B 40 00 25 
R09:26:03   06 55 42 00 3C 40 00 00 00 00 00 00 3D 40 00 99 19 75 44 00 3E 40 00 0A D7 37 C2 00 3F 40 00 EE 
R09:26:03   7C 7F 3F 00 40 40 00 00 00 00 00 00 41 40 00 00 00 00 00 00 42 40 00 00 00 00 00 00 43 40 00 00 
R09:26:03   00 00 00 00 44 40 00 23 DB 86 42 00 
S09:26:03   68 04 01 00 68 69 
R09:26:03   68 3A 68 69 50 07 0D 06 14 00 3F 06 45 40 00 88 16 7B 42 00 46 40 00 59 39 7A 42 00 47 40 00 00 
R09:26:03   00 00 00 00 48 40 00 8F 82 90 C4 00 49 40 00 7B 14 9A 42 00 4A 40 00 64 3B 7F BF 00 
R09:26:04   68 0E 6A 69 50 07 64 01 0A 00 3F 06 00 00 00 14 
S09:26:04   68 0E 50 07 6C 69 65 01 06 00 3F 06 00 00 00 05 
R09:26:05   68 0E 6C 69 52 07 65 01 07 00 3F 06 00 00 00 05 
R09:26:05   68 4A 6E 69 52 07 CE 08 25 00 3F 06 01 64 00 CA 4E 1C 49 00 02 64 00 66 66 03 44 00 03 64 00 67 
R09:26:05   66 FE 43 00 04 64 00 00 07 F5 47 00 05 64 00 00 00 AE 42 00 06 64 00 80 29 F5 47 00 07 64 00 66 
R09:26:05   66 86 41 00 08 64 00 00 00 8A 42 00 
R09:26:05   68 82 70 69 52 07 CF 08 25 00 3F 06 09 64 00 C4 4C 1C 49 00 00 00 0F 09 AC 06 1A 0A 64 00 66 66 
R09:26:05   03 44 00 00 00 0F 09 AC 06 1A 0B 64 00 67 66 FE 43 00 00 00 0F 09 AC 06 1A 0C 64 00 19 03 F5 47 
R09:26:05   00 00 00 0F 09 AC 06 1A 0D 64 00 00 00 AE 42 00 00 00 0F 09 AC 06 1A 0E 64 00 99 25 F5 47 00 00 
R09:26:05   00 0F 09 AC 06 1A 0F 64 00 66 66 86 41 00 00 00 0F 09 AC 06 1A 10 64 00 00 00 8A 42 00 00 00 0F 
R09:26:05   09 AC 06 1A 
S09:26:05   68 04 01 00 72 69 
R09:26:06   68 82 72 69 52 07 CF 08 25 00 3F 06 11 64 00 39 D0 1B 49 00 00 00 00 00 AC 06 1A 12 64 00 66 66 
R09:26:06   03 44 00 00 00 00 00 AC 06 1A 13 64 00 67 66 FE 43 00 00 00 00 00 AC 06 1A 14 64 00 66 55 F4 47 
R09:26:06   00 00 00 00 00 AC 06 1A 15 64 00 00 00 AE 42 00 00 00 00 00 AC 06 1A 16 64 00 E7 77 F4 47 00 00 
R09:26:06   00 00 00 AC 06 1A 17 64 00 66 66 86 41 00 00 00 00 00 AC 06 1A 18 64 00 00 00 8A 42 00 00 00 00 
R09:26:06   00 AC 06 1A 
R09:26:06   68 82 74 69 52 07 CF 08 25 00 3F 06 19 64 00 00 00 00 00 00 00 00 00 00 AC 06 1A 1A 64 00 00 00 
R09:26:06   00 00 00 00 00 00 00 AC 06 1A 1B 64 00 00 00 00 00 00 00 00 00 00 AC 06 1A 1C 64 00 00 00 00 00 
R09:26:06   00 00 00 00 00 AC 06 1A 1D 64 00 00 00 00 00 00 00 00 00 00 AC 06 1A 1E 64 00 00 00 00 00 00 00 
R09:26:06   00 00 00 AC 06 1A 1F 64 00 00 00 00 00 00 00 00 00 00 AC 06 1A 20 64 00 00 00 00 00 00 00 00 00 
R09:26:06   00 AC 06 1A 
R09:26:07   68 4A 76 69 52 07 CE 08 25 00 3F 06 21 64 00 CC CC 41 43 00 22 64 00 34 33 0B 43 00 23 64 00 66 
R09:26:07   66 AA 42 00 24 64 00 CD CC EE 42 00 25 64 00 CD CC C4 42 00 26 64 00 CC CC 29 43 00 27 64 00 FF 
R09:26:07   FF 57 42 00 28 64 00 99 99 49 42 00 
S09:26:07   68 04 01 00 78 69 
R09:26:07   68 82 78 69 52 07 CF 08 25 00 3F 06 29 64 00 CC CC 41 43 00 00 00 0F 09 AC 06 1A 2A 64 00 34 33 
R09:26:07   0B 43 00 00 00 0F 09 AC 06 1A 2B 64 00 66 66 AA 42 00 00 00 0F 09 AC 06 1A 2C 64 00 CD CC EE 42 
R09:26:07   00 00 00 0F 09 AC 06 1A 2D 64 00 CD CC C4 42 00 00 00 0F 09 AC 06 1A 2E 64 00 CC CC 29 43 00 00 
R09:26:07   00 0F 09 AC 06 1A 2F 64 00 FF FF 57 42 00 00 00 0F 09 AC 06 1A 30 64 00 99 99 49 42 00 00 00 0F 
R09:26:07   09 AC 06 1A 
R09:26:08   68 82 7A 69 52 07 CF 08 25 00 3F 06 31 64 00 CC CC 41 43 00 00 00 00 00 AC 06 1A 32 64 00 34 33 
R09:26:08   0B 43 00 00 00 00 00 AC 06 1A 33 64 00 66 66 AA 42 00 00 00 00 00 AC 06 1A 34 64 00 CD CC EE 42 
R09:26:08   00 00 00 00 00 AC 06 1A 35 64 00 CD CC C4 42 00 00 00 00 00 AC 06 1A 36 64 00 CC CC 29 43 00 00 
R09:26:08   00 00 00 AC 06 1A 37 64 00 FF FF 57 42 00 00 00 00 00 AC 06 1A 38 64 00 99 99 49 42 00 00 00 00 
R09:26:08   00 AC 06 1A 
R09:26:08   68 82 7C 69 52 07 CF 08 25 00 3F 06 39 64 00 00 00 00 00 00 00 00 00 00 AC 06 1A 3A 64 00 00 00 
R09:26:08   00 00 00 00 00 00 00 AC 06 1A 3B 64 00 00 00 00 00 00 00 00 00 00 AC 06 1A 3C 64 00 00 00 00 00 
R09:26:08   00 00 00 00 00 AC 06 1A 3D 64 00 00 00 00 00 00 00 00 00 00 AC 06 1A 3E 64 00 00 00 00 00 00 00 
R09:26:08   00 00 00 AC 06 1A 3F 64 00 00 00 00 00 00 00 00 00 00 AC 06 1A 40 64 00 00 00 00 00 00 00 00 00 
R09:26:08   00 AC 06 1A 
R09:26:08   68 4A 7E 69 52 07 CE 08 25 00 3F 06 41 64 00 CC CC 5F 43 00 42 64 00 33 33 47 43 00 43 64 00 9A 
R09:26:08   99 22 43 00 44 64 00 CC CC 74 42 00 45 64 00 00 00 A8 42 00 46 64 00 00 00 F6 42 00 47 64 00 66 
R09:26:08   66 12 42 00 48 64 00 34 33 77 42 00 
S09:26:08   68 04 01 00 80 69 
R09:26:09   68 82 80 69 52 07 CF 08 25 00 3F 06 49 64 00 CC CC 5F 43 00 00 00 0F 09 AC 06 1A 4A 64 00 33 33 
R09:26:09   47 43 00 00 00 0F 09 AC 06 1A 4B 64 00 9A 99 22 43 00 00 00 0F 09 AC 06 1A 4C 64 00 CC CC 74 42 
R09:26:09   00 00 00 0F 09 AC 06 1A 4D 64 00 00 00 A8 42 00 00 00 0F 09 AC 06 1A 4E 64 00 00 00 F6 42 00 00 
R09:26:09   00 0F 09 AC 06 1A 4F 64 00 66 66 12 42 00 00 00 0F 09 AC 06 1A 50 64 00 34 33 77 42 00 00 00 0F 
R09:26:09   09 AC 06 1A 
R09:26:09   68 82 82 69 52 07 CF 08 25 00 3F 06 51 64 00 CC CC 5F 43 00 00 00 00 00 AC 06 1A 52 64 00 33 33 
R09:26:09   47 43 00 00 00 00 00 AC 06 1A 53 64 00 9A 99 22 43 00 00 00 00 00 AC 06 1A 54 64 00 CC CC 74 42 
R09:26:09   00 00 00 00 00 AC 06 1A 55 64 00 00 00 A8 42 00 00 00 00 00 AC 06 1A 56 64 00 00 00 F6 42 00 00 
R09:26:09   00 00 00 AC 06 1A 57 64 00 66 66 12 42 00 00 00 00 00 AC 06 1A 58 64 00 34 33 77 42 00 00 00 00 
R09:26:09   00 AC 06 1A 
R09:26:10   68 82 84 69 52 07 CF 08 25 00 3F 06 59 64 00 00 00 00 00 00 00 00 00 00 AC 06 1A 5A 64 00 00 00 
R09:26:10   00 00 00 00 00 00 00 AC 06 1A 5B 64 00 00 00 00 00 00 00 00 00 00 AC 06 1A 5C 64 00 00 00 00 00 
R09:26:10   00 00 00 00 00 AC 06 1A 5D 64 00 00 00 00 00 00 00 00 00 00 AC 06 1A 5E 64 00 00 00 00 00 00 00 
R09:26:10   00 00 00 AC 06 1A 5F 64 00 00 00 00 00 00 00 00 00 00 AC 06 1A 60 64 00 00 00 00 00 00 00 00 00 
R09:26:10   00 AC 06 1A 
R09:26:10   68 4A 86 69 52 07 CE 08 25 00 3F 06 61 64 00 00 E3 0B 48 00 62 64 00 66 66 18 43 00 63 64 00 99 
R09:26:10   99 C9 42 00 64 64 00 00 30 70 46 00 65 64 00 34 33 8B 42 00 66 64 00 34 F7 70 46 00 67 64 00 67 
R09:26:10   66 4E 42 00 68 64 00 33 33 47 42 00 
S09:26:10   68 04 01 00 88 69 
R09:26:11   68 82 88 69 52 07 CF 08 25 00 3F 06 69 64 00 80 E1 0B 48 00 00 00 0F 09 AC 06 1A 6A 64 00 66 66 
R09:26:11   18 43 00 00 00 0F 09 AC 06 1A 6B 64 00 99 99 C9 42 00 00 00 0F 09 AC 06 1A 6C 64 00 99 2D 70 46 
R09:26:11   00 00 00 0F 09 AC 06 1A 6D 64 00 34 33 8B 42 00 00 00 0F 09 AC 06 1A 6E 64 00 CD F4 70 46 00 00 
R09:26:11   00 0F 09 AC 06 1A 6F 64 00 67 66 4E 42 00 00 00 0F 09 AC 06 1A 70 64 00 33 33 47 42 00 00 00 0F 
R09:26:11   09 AC 06 1A 
R09:26:11   68 82 8A 69 52 07 CF 08 25 00 3F 06 71 64 00 8C 9A 0B 48 00 00 00 00 00 AC 06 1A 72 64 00 66 66 
R09:26:11   18 43 00 00 00 00 00 AC 06 1A 73 64 00 99 99 C9 42 00 00 00 00 00 AC 06 1A 74 64 00 00 A0 6F 46 
R09:26:11   00 00 00 00 00 AC 06 1A 75 64 00 34 33 8B 42 00 00 00 00 00 AC 06 1A 76 64 00 34 67 70 46 00 00 
R09:26:11   00 00 00 AC 06 1A 77 64 00 67 66 4E 42 00 00 00 00 00 AC 06 1A 78 64 00 33 33 47 42 00 00 00 00 
R09:26:11   00 AC 06 1A 
R09:26:12   68 82 8C 69 52 07 CF 08 25 00 3F 06 79 64 00 FF 44 DE 47 00 3A AE 25 0D F1 05 1A 7A 64 00 66 66 
R09:26:12   18 43 00 3A AE 25 0D F1 05 1A 7B 64 00 99 99 C9 42 00 3A AE 25 0D F1 05 1A 7C 64 00 67 46 50 46 
R09:26:12   00 3A AE 25 0D F1 05 1A 7D 64 00 34 33 8B 42 00 3A AE 25 0D F1 05 1A 7E 64 00 33 0B 51 46 00 3A 
R09:26:12   AE 25 0D F1 05 1A 7F 64 00 67 66 4E 42 00 3A AE 25 0D F1 05 1A 80 64 00 CD CC 44 42 00 3A AE 25 
R09:26:12   0D F1 05 1A 
R09:26:12   68 4A 8E 69 52 07 CE 08 25 00 3F 06 81 64 00 E0 CD 48 4A 00 82 64 00 CC 6C 38 46 00 83 64 00 9A 
R09:26:12   31 2A 46 00 84 64 00 CC AC F0 47 00 85 64 00 CC 4C 8A 43 00 86 64 00 19 E0 F0 47 00 87 64 00 34 
R09:26:12   B3 63 44 00 88 64 00 34 33 CD 42 00 
S09:26:12   68 04 01 00 90 69 
R09:26:13   68 82 90 69 52 07 CF 08 25 00 3F 06 89 64 00 85 CB 48 4A 00 00 00 0F 09 AC 06 1A 8A 64 00 CC 6C 
R09:26:13   38 46 00 00 00 0F 09 AC 06 1A 8B 64 00 9A 31 2A 46 00 00 00 0F 09 AC 06 1A 8C 64 00 E7 A8 F0 47 
R09:26:13   00 00 00 0F 09 AC 06 1A 8D 64 00 CC 4C 8A 43 00 00 00 0F 09 AC 06 1A 8E 64 00 33 DC F0 47 00 00 
R09:26:13   00 0F 09 AC 06 1A 8F 64 00 34 B3 63 44 00 00 00 0F 09 AC 06 1A 90 64 00 34 33 CD 42 00 00 00 0F 
R09:26:13   09 AC 06 1A 
R09:26:13   68 82 92 69 52 07 CF 08 25 00 3F 06 91 64 00 AE 6C 48 4A 00 00 00 00 00 AC 06 1A 92 64 00 CC 6C 
R09:26:13   38 46 00 00 00 00 00 AC 06 1A 93 64 00 9A 31 2A 46 00 00 00 00 00 AC 06 1A 94 64 00 B3 3E F0 47 
R09:26:13   00 00 00 00 00 AC 06 1A 95 64 00 CC 4C 8A 43 00 00 00 00 00 AC 06 1A 96 64 00 00 72 F0 47 00 00 
R09:26:13   00 00 00 AC 06 1A 97 64 00 34 B3 63 44 00 00 00 00 00 AC 06 1A 98 64 00 34 33 CD 42 00 00 00 00 
R09:26:13   00 AC 06 1A 
R09:26:14   68 82 94 69 52 07 CF 08 25 00 3F 06 99 64 00 2B C0 DB 49 00 BB 6F 25 0B 6F 04 1A 9A 64 00 00 00 
R09:26:14   99 44 00 BB 6F 25 0B 6F 04 1A 9B 64 00 9A 99 9C 43 00 BB 6F 25 0B 6F 04 1A 9C 64 00 CC 8A AC 47 
R09:26:14   00 BB 6F 25 0B 6F 04 1A 9D 64 00 66 66 89 43 00 BB 6F 25 0B 6F 04 1A 9E 64 00 19 BE AC 47 00 BB 
R09:26:14   6F 25 0B 6F 04 1A 9F 64 00 34 B3 63 44 00 BB 6F 25 0B 6F 04 1A A0 64 00 34 33 CD 42 00 BB 6F 25 
R09:26:14   0B 6F 04 1A 
R09:26:14   68 4A 96 69 52 07 CE 08 25 00 3F 06 A1 64 00 33 73 4C 44 00 A2 64 00 CC 16 6A 48 00 A3 64 00 98 
R09:26:14   99 CF 42 00 A4 64 00 66 26 AE 44 00 A5 64 00 E1 BD 79 4A 00 A6 64 00 34 5B F9 45 00 A7 64 00 D9 
R09:26:14   FC 69 48 00 A8 64 00 9A D1 CD 45 00 
S09:26:14   68 04 01 00 98 69 
R09:26:15   68 82 98 69 52 07 CF 08 25 00 3F 06 A9 64 00 33 73 4C 44 00 00 00 0F 09 AC 06 1A AA 64 00 0D 13 
R09:26:15   6A 48 00 00 00 0F 09 AC 06 1A AB 64 00 98 99 CF 42 00 00 00 0F 09 AC 06 1A AC 64 00 66 26 AE 44 
R09:26:15   00 00 00 0F 09 AC 06 1A AD 64 00 E4 BA 79 4A 00 00 00 0F 09 AC 06 1A AE 64 00 34 5B F9 45 00 00 
R09:26:15   00 0F 09 AC 06 1A AF 64 00 1A F9 69 48 00 00 00 0F 09 AC 06 1A B0 64 00 9A D1 CD 45 00 00 00 0F 
R09:26:15   09 AC 06 1A 
R09:26:15   68 82 9A 69 52 07 CF 08 25 00 3F 06 B1 64 00 33 73 4C 44 00 00 00 00 00 AC 06 1A B2 64 00 27 8B 
R09:26:15   69 48 00 00 00 00 00 AC 06 1A B3 64 00 98 99 CF 42 00 00 00 00 00 AC 06 1A B4 64 00 66 26 AE 44 
R09:26:15   00 00 00 00 00 AC 06 1A B5 64 00 CB 37 79 4A 00 00 00 00 00 AC 06 1A B6 64 00 34 5B F9 45 00 00 
R09:26:15   00 00 00 AC 06 1A B7 64 00 34 71 69 48 00 00 00 00 00 AC 06 1A B8 64 00 9A D1 CD 45 00 00 00 00 
R09:26:15   00 AC 06 1A 
R09:26:15   68 82 9C 69 52 07 CF 08 25 00 3F 06 B9 64 00 33 73 4C 44 00 7A 6D 25 0B 6F 04 1A BA 64 00 00 A3 
R09:26:15   1E 48 00 7A 6D 25 0B 6F 04 1A BB 64 00 98 99 CF 42 00 7A 6D 25 0B 6F 04 1A BC 64 00 66 26 AE 44 
R09:26:15   00 7A 6D 25 0B 6F 04 1A BD 64 00 7A F6 0A 4A 00 7A 6D 25 0B 6F 04 1A BE 64 00 CC 0C BB 44 00 7A 
R09:26:15   6D 25 0B 6F 04 1A BF 64 00 0D 89 1E 48 00 7A 6D 25 0B 6F 04 1A C0 64 00 67 66 CE 42 00 7A 6D 25 
R09:26:15   0B 6F 04 1A 
S09:26:15   68 04 01 00 9E 69 
R09:26:16   68 0E 9E 69 52 07 65 01 0A 00 3F 06 00 00 00 05 
S09:26:16   68 14 52 07 A0 69 67 01 06 00 3F 06 00 00 00 DA 3F 1A 09 AC 06 1A 
R09:26:17   68 14 A0 69 54 07 67 01 07 00 3F 06 00 00 00 DA 3F 1A 09 AC 06 1A 
S09:26:26   68 04 01 00 A2 69 
S09:26:42   68 04 43 00 00 00 
R09:26:43   68 04 83 00 00 00 
S09:26:59   68 04 43 00 00 00 
R09:26:59   68 04 83 00 00 00 
S09:27:15   68 04 43 00 00 00 
R09:27:15   68 04 83 00 00 00 
S09:27:31   68 04 43 00 00 00 
R09:27:31   68 04 83 00 00 00 
S09:27:47   68 04 43 00 00 00 
R09:27:47   68 04 83 00 00 00 
S09:28:03   68 04 43 00 00 00 
R09:28:03   68 04 83 00 00 00 
S09:28:19   68 04 43 00 00 00 
R09:28:19   68 04 83 00 00 00 
S09:28:35   68 04 43 00 00 00 
R09:28:35   68 04 83 00 00 00 
S09:28:51   68 04 43 00 00 00 
R09:28:51   68 04 83 00 00 00 
S09:29:07   68 04 43 00 00 00 
R09:29:07   68 04 83 00 00 00 
S09:29:23   68 04 43 00 00 00 
R09:29:23   68 04 83 00 00 00 
S09:29:39   68 04 43 00 00 00 
R09:29:39   68 04 83 00 00 00 
S09:29:55   68 04 43 00 00 00 
R09:29:55   68 04 83 00 00 00 
S09:30:11   68 04 43 00 00 00 
R09:30:11   68 04 83 00 00 00 
S09:30:27   68 04 43 00 00 00 
R09:30:27   68 04 83 00 00 00 
S09:30:43   68 04 43 00 00 00 
R09:30:43   68 04 83 00 00 00 
S09:30:59   68 04 43 00 00 00 
R09:31:01   68 04 83 00 00 00 
S09:31:17   68 04 43 00 00 00 
R09:31:17   68 04 83 00 00 00 
R09:31:21   68 12 A2 69 54 07 0D 01 03 00 3F 06 46 40 00 19 04 8C 42 00 
S09:31:21   68 04 01 00 A4 69 
R09:31:22   68 12 A4 69 54 07 0D 01 03 00 3F 06 44 40 00 27 31 93 42 00 
S09:31:32   68 04 01 00 A6 69 
S09:31:48   68 04 43 00 00 00 
R09:31:48   68 04 83 00 00 00 
R09:31:49   68 12 A6 69 54 07 0D 01 03 00 3F 06 45 40 00 77 BE 8A 42 00 
S09:31:49   68 04 01 00 A8 69 
S09:32:05   68 04 43 00 00 00 
R09:32:05   68 04 83 00 00 00 
S09:32:21   68 04 43 00 00 00 
R09:32:21   68 04 83 00 00 00 
S09:32:37   68 04 43 00 00 00 
R09:32:37   68 04 83 00 00 00 
S09:32:53   68 04 43 00 00 00 
R09:32:53   68 04 83 00 00 00 
S09:33:09   68 04 43 00 00 00 
R09:33:09   68 04 83 00 00 00 
S09:33:25   68 04 43 00 00 00 
R09:33:25   68 04 83 00 00 00 
S09:33:41   68 04 43 00 00 00 
R09:33:41   68 04 83 00 00 00 
S09:33:57   68 04 43 00 00 00 
R09:33:57   68 04 83 00 00 00 
R09:34:06   68 12 A8 69 54 07 0D 01 03 00 3F 06 44 40 00 1D 5A 86 42 00 
S09:34:06   68 04 01 00 AA 69 
S09:34:22   68 04 43 00 00 00 
R09:34:22   68 04 83 00 00 00 
S09:34:38   68 04 43 00 00 00 
R09:34:38   68 04 83 00 00 00 
S09:34:54   68 04 43 00 00 00 
R09:34:55   68 04 83 00 00 00 
S09:35:11   68 04 43 00 00 00 
R09:35:12   68 04 83 00 00 00 
R09:35:23   68 12 AA 69 54 07 0D 01 03 00 3F 06 44 40 00 50 8D 93 42 00 
S09:35:23   68 04 01 00 AC 69 
R09:35:30   68 12 AC 69 54 07 0D 01 03 00 3F 06 3B 40 00 2D B2 6D 42 00 
S09:35:34   68 04 01 00 AE 69 
S09:35:50   68 04 43 00 00 00 
R09:35:50   68 04 83 00 00 00 
S09:36:06   68 04 43 00 00 00 
R09:36:07   68 04 83 00 00 00 
S09:36:23   68 04 43 00 00 00 
R09:36:24   68 04 83 00 00 00 
S09:36:40   68 04 43 00 00 00 
R09:36:41   68 04 83 00 00 00 
S09:36:57   68 04 43 00 00 00 
R09:36:58   68 04 83 00 00 00 
S09:37:14   68 04 43 00 00 00 
R09:37:15   68 04 83 00 00 00 
S09:37:31   68 04 43 00 00 00 
R09:37:32   68 04 83 00 00 00 
S09:37:48   68 04 43 00 00 00 
R09:37:49   68 04 83 00 00 00 
S09:38:05   68 04 43 00 00 00 
R09:38:06   68 04 83 00 00 00 
S09:38:22   68 04 43 00 00 00 
R09:38:23   68 04 83 00 00 00 
S09:38:39   68 04 43 00 00 00 
R09:38:40   68 04 83 00 00 00 
S09:38:56   68 04 43 00 00 00 
R09:38:56   68 04 83 00 00 00 
S09:39:12   68 04 43 00 00 00 
R09:39:12   68 04 83 00 00 00 
S09:39:28   68 04 43 00 00 00 
R09:39:28   68 04 83 00 00 00 
S09:39:44   68 04 43 00 00 00 
R09:39:44   68 04 83 00 00 00 
S09:40:00   68 04 43 00 00 00 
R09:40:00   68 04 83 00 00 00 
S09:40:16   68 04 43 00 00 00 
R09:40:22   68 04 83 00 00 00 
R09:40:36   68 04 43 00 00 00 
S09:40:36   68 04 83 00 00 00 
S09:40:52   68 04 43 00 00 00 
R09:40:52   68 04 83 00 00 00 
S09:40:59   68 0E 54 07 AE 69 64 01 06 00 3F 06 00 00 00 14 
R09:40:59   68 0E AE 69 56 07 64 01 07 00 3F 06 00 00 00 14 
S09:40:59   68 04 01 00 B0 69 
R09:41:00   68 E6 B0 69 56 07 01 37 14 00 3F 06 01 00 00 00 02 00 00 00 03 00 00 00 04 00 00 00 05 00 00 00 
R09:41:00   06 00 00 00 07 00 00 01 08 00 00 00 09 00 00 00 0A 00 00 00 0B 00 00 00 0C 00 00 00 0D 00 00 00 
R09:41:00   0E 00 00 00 0F 00 00 00 10 00 00 00 11 00 00 00 12 00 00 00 13 00 00 00 14 00 00 00 15 00 00 00 
R09:41:00   16 00 00 00 17 00 00 00 18 00 00 00 19 00 00 00 1A 00 00 01 1B 00 00 01 1C 00 00 00 1D 00 00 01 
R09:41:00   1E 00 00 01 1F 00 00 01 20 00 00 00 21 00 00 00 22 00 00 00 23 00 00 00 24 00 00 00 25 00 00 00 
R09:41:00   26 00 00 00 27 00 00 00 28 00 00 00 29 00 00 01 2A 00 00 00 2B 00 00 00 2C 00 00 00 2D 00 00 00 
R09:41:00   2E 00 00 00 2F 00 00 00 30 00 00 00 31 00 00 00 32 00 00 00 33 00 00 00 34 00 00 00 35 00 00 00 
R09:41:00   36 00 00 00 37 00 00 00 
R09:41:00   68 D2 B2 69 56 07 01 32 14 00 3F 06 38 00 00 00 39 00 00 00 3A 00 00 00 3B 00 00 01 3C 00 00 00 
R09:41:00   3D 00 00 00 3E 00 00 01 3F 00 00 01 40 00 00 00 41 00 00 00 42 00 00 01 43 00 00 00 44 00 00 00 
R09:41:00   45 00 00 00 46 00 00 00 47 00 00 00 48 00 00 00 49 00 00 00 4A 00 00 01 4B 00 00 00 4C 00 00 00 
R09:41:00   4D 00 00 00 4E 00 00 00 4F 00 00 00 50 00 00 00 51 00 00 00 52 00 00 00 53 00 00 00 54 00 00 00 
R09:41:00   55 00 00 00 56 00 00 00 57 00 00 00 58 00 00 00 59 00 00 00 5A 00 00 00 5B 00 00 00 5C 00 00 01 
R09:41:00   5D 00 00 00 5E 00 00 00 5F 00 00 01 60 00 00 01 61 00 00 00 62 00 00 00 63 00 00 01 64 00 00 00 
R09:41:00   65 00 00 00 66 00 00 00 67 00 00 00 68 00 00 00 69 00 00 00 
R09:41:01   68 E6 B4 69 56 07 01 37 14 00 3F 06 69 00 00 00 6A 00 00 01 6B 00 00 00 6C 00 00 00 6D 00 00 00 
R09:41:01   6E 00 00 00 6F 00 00 00 70 00 00 00 71 00 00 00 72 00 00 00 73 00 00 00 74 00 00 00 75 00 00 00 
R09:41:01   76 00 00 00 77 00 00 00 78 00 00 00 79 00 00 00 7A 00 00 00 7B 00 00 00 7C 00 00 00 7D 00 00 01 
R09:41:01   7E 00 00 01 7F 00 00 00 80 00 00 01 81 00 00 01 82 00 00 01 83 00 00 00 84 00 00 00 85 00 00 00 
R09:41:01   86 00 00 00 87 00 00 00 88 00 00 00 89 00 00 00 8A 00 00 00 8B 00 00 01 8C 00 00 00 8D 00 00 00 
R09:41:01   8E 00 00 00 8F 00 00 00 90 00 00 00 91 00 00 00 92 00 00 00 93 00 00 00 94 00 00 00 95 00 00 00 
R09:41:01   96 00 00 00 97 00 00 00 98 00 00 00 99 00 00 00 9A 00 00 00 9B 00 00 00 9C 00 00 00 9D 00 00 00 
R09:41:01   9E 00 00 01 9F 00 00 00 
R09:41:01   68 A6 B6 69 56 07 01 27 14 00 3F 06 A0 00 00 00 A1 00 00 01 A2 00 00 01 A3 00 00 01 A4 00 00 00 
R09:41:01   A5 00 00 00 A6 00 00 00 A7 00 00 00 A8 00 00 00 A9 00 00 00 AA 00 00 00 AB 00 00 00 AC 00 00 01 
R09:41:01   AD 00 00 00 AE 00 00 00 AF 00 00 00 B0 00 00 00 B1 00 00 00 B2 00 00 00 B3 00 00 00 B4 00 00 00 
R09:41:01   B5 00 00 00 B6 00 00 00 B7 00 00 00 B8 00 00 00 B9 00 00 00 BA 00 00 00 BB 00 00 00 BC 00 00 00 
R09:41:01   BD 00 00 00 BE 00 00 00 BF 00 00 01 C0 00 00 00 C1 00 00 00 C2 00 00 01 C3 00 00 01 C4 00 00 01 
R09:41:01   C5 00 00 00 C6 00 00 00 
S09:41:01   68 04 01 00 B8 69 
R09:41:02   68 EA B8 69 56 07 0D 1C 14 00 3F 06 01 40 00 00 00 63 43 00 02 40 00 CD CC 53 42 00 03 40 00 E7 
R09:41:02   FB 25 41 00 04 40 00 00 00 00 00 00 05 40 00 97 6E 26 41 00 06 40 00 00 00 00 00 00 07 40 00 79 
R09:41:02   E9 47 42 00 08 40 00 00 00 00 00 00 09 40 00 00 00 00 00 00 0A 40 00 00 00 00 00 00 0B 40 00 00 
R09:41:02   00 00 00 00 0C 40 00 00 00 00 00 00 0D 40 00 D0 22 1B 41 00 0E 40 00 41 60 15 41 00 0F 40 00 31 
R09:41:02   08 14 41 00 10 40 00 00 00 00 00 00 11 40 00 00 00 25 43 00 12 40 00 D7 A3 30 C2 00 13 40 00 3D 
R09:41:02   0A 77 3F 00 14 40 00 00 00 00 00 00 15 40 00 00 00 00 00 00 16 40 00 00 00 00 00 00 17 40 00 00 
R09:41:02   00 00 00 00 18 40 00 00 00 00 00 00 19 40 00 00 00 00 00 00 1A 40 00 00 00 00 00 00 1B 40 00 00 
R09:41:02   00 00 00 00 1C 40 00 00 00 00 00 00 
R09:41:02   68 6A BA 69 56 07 0D 0C 14 00 3F 06 1D 40 00 00 00 00 00 00 1E 40 00 00 00 00 00 00 1F 40 00 00 
R09:41:02   00 00 00 00 20 40 00 00 00 00 00 00 21 40 00 00 00 00 00 00 22 40 00 00 00 00 00 00 23 40 00 00 
R09:41:02   00 00 00 00 24 40 00 00 00 00 00 00 25 40 00 00 00 00 00 00 26 40 00 00 00 00 00 00 27 40 00 00 
R09:41:02   00 00 00 00 28 40 00 00 00 00 00 00 
R09:41:02   68 EA BC 69 56 07 0D 1C 14 00 3F 06 29 40 00 00 00 00 00 00 2A 40 00 00 00 00 00 00 2B 40 00 00 
R09:41:02   00 00 00 00 2C 40 00 00 00 00 00 00 2D 40 00 00 00 00 00 00 2E 40 00 00 00 00 00 00 2F 40 00 00 
R09:41:02   00 00 00 00 30 40 00 00 00 00 00 00 31 40 00 00 00 00 00 00 32 40 00 00 00 00 00 00 33 40 00 00 
R09:41:02   00 00 00 00 34 40 00 00 00 00 00 00 35 40 00 00 00 00 00 00 36 40 00 00 00 00 00 00 37 40 00 00 
R09:41:02   00 00 00 00 38 40 00 00 00 00 00 00 39 40 00 EF A7 68 42 00 3A 40 00 3B DF 5F 42 00 3B 40 00 58 
R09:41:02   39 68 42 00 3C 40 00 00 00 00 00 00 3D 40 00 66 C6 80 44 00 3E 40 00 48 E1 4E C2 00 3F 40 00 EE 
R09:41:02   7C 7F 3F 00 40 40 00 00 00 00 00 00 41 40 00 00 00 00 00 00 42 40 00 00 00 00 00 00 43 40 00 00 
R09:41:02   00 00 00 00 44 40 00 23 DB 8C 42 00 
S09:41:02   68 04 01 00 BE 69 
R09:41:03   68 3A BE 69 56 07 0D 06 14 00 3F 06 45 40 00 D9 CE 86 42 00 46 40 00 E2 7A 8A 42 00 47 40 00 00 
R09:41:03   00 00 00 00 48 40 00 66 06 9B C4 00 49 40 00 29 5C AB 42 00 4A 40 00 64 3B 7F BF 00 
R09:41:03   68 0E C0 69 56 07 64 01 0A 00 3F 06 00 00 00 14 
S09:41:03   68 0E 56 07 C2 69 65 01 06 00 3F 06 00 00 00 05 
R09:41:04   68 0E C2 69 58 07 65 01 07 00 3F 06 00 00 00 05 
R09:41:04   68 4A C4 69 58 07 CE 08 25 00 3F 06 01 64 00 C0 51 1C 49 00 02 64 00 66 66 03 44 00 03 64 00 67 
R09:41:04   66 FE 43 00 04 64 00 CC 0B F5 47 00 05 64 00 00 00 AE 42 00 06 64 00 4D 2E F5 47 00 07 64 00 66 
R09:41:04   66 86 41 00 08 64 00 00 00 8A 42 00 
R09:41:05   68 82 C6 69 58 07 CF 08 25 00 3F 06 09 64 00 94 4F 1C 49 00 00 00 1E 09 AC 06 1A 0A 64 00 66 66 
R09:41:05   03 44 00 00 00 1E 09 AC 06 1A 0B 64 00 67 66 FE 43 00 00 00 1E 09 AC 06 1A 0C 64 00 80 08 F5 47 
R09:41:05   00 00 00 1E 09 AC 06 1A 0D 64 00 00 00 AE 42 00 00 00 1E 09 AC 06 1A 0E 64 00 00 2B F5 47 00 00 
R09:41:05   00 1E 09 AC 06 1A 0F 64 00 66 66 86 41 00 00 00 1E 09 AC 06 1A 10 64 00 00 00 8A 42 00 00 00 1E 
R09:41:05   09 AC 06 1A 
S09:41:05   68 04 01 00 C8 69 
R09:41:05   68 82 C8 69 58 07 CF 08 25 00 3F 06 11 64 00 39 D0 1B 49 00 00 00 00 00 AC 06 1A 12 64 00 66 66 
R09:41:05   03 44 00 00 00 00 00 AC 06 1A 13 64 00 67 66 FE 43 00 00 00 00 00 AC 06 1A 14 64 00 66 55 F4 47 
R09:41:05   00 00 00 00 00 AC 06 1A 15 64 00 00 00 AE 42 00 00 00 00 00 AC 06 1A 16 64 00 E7 77 F4 47 00 00 
R09:41:05   00 00 00 AC 06 1A 17 64 00 66 66 86 41 00 00 00 00 00 AC 06 1A 18 64 00 00 00 8A 42 00 00 00 00 
R09:41:05   00 AC 06 1A 
R09:41:06   68 82 CA 69 58 07 CF 08 25 00 3F 06 19 64 00 00 00 00 00 00 00 00 00 00 AC 06 1A 1A 64 00 00 00 
R09:41:06   00 00 00 00 00 00 00 AC 06 1A 1B 64 00 00 00 00 00 00 00 00 00 00 AC 06 1A 1C 64 00 00 00 00 00 
R09:41:06   00 00 00 00 00 AC 06 1A 1D 64 00 00 00 00 00 00 00 00 00 00 AC 06 1A 1E 64 00 00 00 00 00 00 00 
R09:41:06   00 00 00 AC 06 1A 1F 64 00 00 00 00 00 00 00 00 00 00 AC 06 1A 20 64 00 00 00 00 00 00 00 00 00 
R09:41:06   00 AC 06 1A 
R09:41:06   68 4A CC 69 58 07 CE 08 25 00 3F 06 21 64 00 CC CC 41 43 00 22 64 00 34 33 0B 43 00 23 64 00 66 
R09:41:06   66 AA 42 00 24 64 00 CD CC EE 42 00 25 64 00 CD CC C4 42 00 26 64 00 CC CC 29 43 00 27 64 00 FF 
R09:41:06   FF 57 42 00 28 64 00 99 99 49 42 00 
S09:41:06   68 04 01 00 CE 69 
R09:41:07   68 82 CE 69 58 07 CF 08 25 00 3F 06 29 64 00 CC CC 41 43 00 00 00 1E 09 AC 06 1A 2A 64 00 34 33 
R09:41:07   0B 43 00 00 00 1E 09 AC 06 1A 2B 64 00 66 66 AA 42 00 00 00 1E 09 AC 06 1A 2C 64 00 CD CC EE 42 
R09:41:07   00 00 00 1E 09 AC 06 1A 2D 64 00 CD CC C4 42 00 00 00 1E 09 AC 06 1A 2E 64 00 CC CC 29 43 00 00 
R09:41:07   00 1E 09 AC 06 1A 2F 64 00 FF FF 57 42 00 00 00 1E 09 AC 06 1A 30 64 00 99 99 49 42 00 00 00 1E 
R09:41:07   09 AC 06 1A 
R09:41:07   68 82 D0 69 58 07 CF 08 25 00 3F 06 31 64 00 CC CC 41 43 00 00 00 00 00 AC 06 1A 32 64 00 34 33 
R09:41:07   0B 43 00 00 00 00 00 AC 06 1A 33 64 00 66 66 AA 42 00 00 00 00 00 AC 06 1A 34 64 00 CD CC EE 42 
R09:41:07   00 00 00 00 00 AC 06 1A 35 64 00 CD CC C4 42 00 00 00 00 00 AC 06 1A 36 64 00 CC CC 29 43 00 00 
R09:41:07   00 00 00 AC 06 1A 37 64 00 FF FF 57 42 00 00 00 00 00 AC 06 1A 38 64 00 99 99 49 42 00 00 00 00 
R09:41:07   00 AC 06 1A 
R09:41:07   68 82 D2 69 58 07 CF 08 25 00 3F 06 39 64 00 00 00 00 00 00 00 00 00 00 AC 06 1A 3A 64 00 00 00 
R09:41:07   00 00 00 00 00 00 00 AC 06 1A 3B 64 00 00 00 00 00 00 00 00 00 00 AC 06 1A 3C 64 00 00 00 00 00 
R09:41:07   00 00 00 00 00 AC 06 1A 3D 64 00 00 00 00 00 00 00 00 00 00 AC 06 1A 3E 64 00 00 00 00 00 00 00 
R09:41:07   00 00 00 AC 06 1A 3F 64 00 00 00 00 00 00 00 00 00 00 AC 06 1A 40 64 00 00 00 00 00 00 00 00 00 
R09:41:07   00 AC 06 1A 
S09:41:07   68 04 01 00 D4 69 
R09:41:08   68 4A D4 69 58 07 CE 08 25 00 3F 06 41 64 00 CC CC 5F 43 00 42 64 00 33 33 47 43 00 43 64 00 9A 
R09:41:08   99 22 43 00 44 64 00 CC CC 74 42 00 45 64 00 00 00 A8 42 00 46 64 00 00 00 F6 42 00 47 64 00 66 
R09:41:08   66 12 42 00 48 64 00 34 33 77 42 00 
R09:41:08   68 82 D6 69 58 07 CF 08 25 00 3F 06 49 64 00 CC CC 5F 43 00 00 00 1E 09 AC 06 1A 4A 64 00 33 33 
R09:41:08   47 43 00 00 00 1E 09 AC 06 1A 4B 64 00 9A 99 22 43 00 00 00 1E 09 AC 06 1A 4C 64 00 CC CC 74 42 
R09:41:08   00 00 00 1E 09 AC 06 1A 4D 64 00 00 00 A8 42 00 00 00 1E 09 AC 06 1A 4E 64 00 00 00 F6 42 00 00 
R09:41:08   00 1E 09 AC 06 1A 4F 64 00 66 66 12 42 00 00 00 1E 09 AC 06 1A 50 64 00 34 33 77 42 00 00 00 1E 
R09:41:08   09 AC 06 1A 
R09:41:09   68 82 D8 69 58 07 CF 08 25 00 3F 06 51 64 00 CC CC 5F 43 00 00 00 00 00 AC 06 1A 52 64 00 33 33 
R09:41:09   47 43 00 00 00 00 00 AC 06 1A 53 64 00 9A 99 22 43 00 00 00 00 00 AC 06 1A 54 64 00 CC CC 74 42 
R09:41:09   00 00 00 00 00 AC 06 1A 55 64 00 00 00 A8 42 00 00 00 00 00 AC 06 1A 56 64 00 00 00 F6 42 00 00 
R09:41:09   00 00 00 AC 06 1A 57 64 00 66 66 12 42 00 00 00 00 00 AC 06 1A 58 64 00 34 33 77 42 00 00 00 00 
R09:41:09   00 AC 06 1A 
S09:41:09   68 04 01 00 DA 69 
R09:41:10   68 82 DA 69 58 07 CF 08 25 00 3F 06 59 64 00 00 00 00 00 00 00 00 00 00 AC 06 1A 5A 64 00 00 00 
R09:41:10   00 00 00 00 00 00 00 AC 06 1A 5B 64 00 00 00 00 00 00 00 00 00 00 AC 06 1A 5C 64 00 00 00 00 00 
R09:41:10   00 00 00 00 00 AC 06 1A 5D 64 00 00 00 00 00 00 00 00 00 00 AC 06 1A 5E 64 00 00 00 00 00 00 00 
R09:41:10   00 00 00 AC 06 1A 5F 64 00 00 00 00 00 00 00 00 00 00 AC 06 1A 60 64 00 00 00 00 00 00 00 00 00 
R09:41:10   00 AC 06 1A 
R09:41:10   68 4A DC 69 58 07 CE 08 25 00 3F 06 61 64 00 1A E5 0B 48 00 62 64 00 66 66 18 43 00 63 64 00 99 
R09:41:10   99 C9 42 00 64 64 00 CD 34 70 46 00 65 64 00 34 33 8B 42 00 66 64 00 FF FB 70 46 00 67 64 00 67 
R09:41:10   66 4E 42 00 68 64 00 33 33 47 42 00 
R09:41:11   68 82 DE 69 58 07 CF 08 25 00 3F 06 69 64 00 9A E3 0B 48 00 00 00 1E 09 AC 06 1A 6A 64 00 66 66 
R09:41:11   18 43 00 00 00 1E 09 AC 06 1A 6B 64 00 99 99 C9 42 00 00 00 1E 09 AC 06 1A 6C 64 00 00 30 70 46 
R09:41:11   00 00 00 1E 09 AC 06 1A 6D 64 00 34 33 8B 42 00 00 00 1E 09 AC 06 1A 6E 64 00 34 F7 70 46 00 00 
R09:41:11   00 1E 09 AC 06 1A 6F 64 00 67 66 4E 42 00 00 00 1E 09 AC 06 1A 70 64 00 33 33 47 42 00 00 00 1E 
R09:41:11   09 AC 06 1A 
S09:41:11   68 04 01 00 E0 69 
R09:41:11   68 82 E0 69 58 07 CF 08 25 00 3F 06 71 64 00 8C 9A 0B 48 00 00 00 00 00 AC 06 1A 72 64 00 66 66 
R09:41:11   18 43 00 00 00 00 00 AC 06 1A 73 64 00 99 99 C9 42 00 00 00 00 00 AC 06 1A 74 64 00 00 A0 6F 46 
R09:41:11   00 00 00 00 00 AC 06 1A 75 64 00 34 33 8B 42 00 00 00 00 00 AC 06 1A 76 64 00 34 67 70 46 00 00 
R09:41:11   00 00 00 AC 06 1A 77 64 00 67 66 4E 42 00 00 00 00 00 AC 06 1A 78 64 00 33 33 47 42 00 00 00 00 
R09:41:11   00 AC 06 1A 
R09:41:12   68 82 E2 69 58 07 CF 08 25 00 3F 06 79 64 00 FF 44 DE 47 00 3A AE 25 0D F1 05 1A 7A 64 00 66 66 
R09:41:12   18 43 00 3A AE 25 0D F1 05 1A 7B 64 00 99 99 C9 42 00 3A AE 25 0D F1 05 1A 7C 64 00 67 46 50 46 
R09:41:12   00 3A AE 25 0D F1 05 1A 7D 64 00 34 33 8B 42 00 3A AE 25 0D F1 05 1A 7E 64 00 33 0B 51 46 00 3A 
R09:41:12   AE 25 0D F1 05 1A 7F 64 00 67 66 4E 42 00 3A AE 25 0D F1 05 1A 80 64 00 CD CC 44 42 00 3A AE 25 
R09:41:12   0D F1 05 1A 
R09:41:12   68 4A E4 69 58 07 CE 08 25 00 3F 06 81 64 00 DD D1 48 4A 00 82 64 00 CC 6C 38 46 00 83 64 00 9A 
R09:41:12   31 2A 46 00 84 64 00 33 B2 F0 47 00 85 64 00 CC 4C 8A 43 00 86 64 00 80 E5 F0 47 00 87 64 00 34 
R09:41:12   B3 63 44 00 88 64 00 34 33 CD 42 00 
S09:41:12   68 04 01 00 E6 69 
R09:41:13   68 82 E6 69 58 07 CF 08 25 00 3F 06 89 64 00 1D CF 48 4A 00 00 00 1E 09 AC 06 1A 8A 64 00 CC 6C 
R09:41:13   38 46 00 00 00 1E 09 AC 06 1A 8B 64 00 9A 31 2A 46 00 00 00 1E 09 AC 06 1A 8C 64 00 98 AE F0 47 
R09:41:13   00 00 00 1E 09 AC 06 1A 8D 64 00 CC 4C 8A 43 00 00 00 1E 09 AC 06 1A 8E 64 00 E8 E1 F0 47 00 00 
R09:41:13   00 1E 09 AC 06 1A 8F 64 00 34 B3 63 44 00 00 00 1E 09 AC 06 1A 90 64 00 34 33 CD 42 00 00 00 1E 
R09:41:13   09 AC 06 1A 
R09:41:13   68 82 E8 69 58 07 CF 08 25 00 3F 06 91 64 00 AE 6C 48 4A 00 00 00 00 00 AC 06 1A 92 64 00 CC 6C 
R09:41:13   38 46 00 00 00 00 00 AC 06 1A 93 64 00 9A 31 2A 46 00 00 00 00 00 AC 06 1A 94 64 00 B3 3E F0 47 
R09:41:13   00 00 00 00 00 AC 06 1A 95 64 00 CC 4C 8A 43 00 00 00 00 00 AC 06 1A 96 64 00 00 72 F0 47 00 00 
R09:41:13   00 00 00 AC 06 1A 97 64 00 34 B3 63 44 00 00 00 00 00 AC 06 1A 98 64 00 34 33 CD 42 00 00 00 00 
R09:41:13   00 AC 06 1A 
R09:41:14   68 82 EA 69 58 07 CF 08 25 00 3F 06 99 64 00 2B C0 DB 49 00 BB 6F 25 0B 6F 04 1A 9A 64 00 00 00 
R09:41:14   99 44 00 BB 6F 25 0B 6F 04 1A 9B 64 00 9A 99 9C 43 00 BB 6F 25 0B 6F 04 1A 9C 64 00 CC 8A AC 47 
R09:41:14   00 BB 6F 25 0B 6F 04 1A 9D 64 00 66 66 89 43 00 BB 6F 25 0B 6F 04 1A 9E 64 00 19 BE AC 47 00 BB 
R09:41:14   6F 25 0B 6F 04 1A 9F 64 00 34 B3 63 44 00 BB 6F 25 0B 6F 04 1A A0 64 00 34 33 CD 42 00 BB 6F 25 
R09:41:14   0B 6F 04 1A 
S09:41:14   68 04 01 00 EC 69 
R09:41:14   68 4A EC 69 58 07 CE 08 25 00 3F 06 A1 64 00 33 73 4C 44 00 A2 64 00 BF 1B 6A 48 00 A3 64 00 98 
R09:41:14   99 CF 42 00 A4 64 00 66 26 AE 44 00 A5 64 00 C4 C2 79 4A 00 A6 64 00 34 5B F9 45 00 A7 64 00 CC 
R09:41:14   01 6A 48 00 A8 64 00 9A D1 CD 45 00 
R09:41:15   68 82 EE 69 58 07 CF 08 25 00 3F 06 A9 64 00 33 73 4C 44 00 00 00 1E 09 AC 06 1A AA 64 00 4C 18 
R09:41:15   6A 48 00 00 00 1E 09 AC 06 1A AB 64 00 98 99 CF 42 00 00 00 1E 09 AC 06 1A AC 64 00 66 26 AE 44 
R09:41:15   00 00 00 1E 09 AC 06 1A AD 64 00 55 BF 79 4A 00 00 00 1E 09 AC 06 1A AE 64 00 34 5B F9 45 00 00 
R09:41:15   00 1E 09 AC 06 1A AF 64 00 59 FE 69 48 00 00 00 1E 09 AC 06 1A B0 64 00 9A D1 CD 45 00 00 00 1E 
R09:41:15   09 AC 06 1A 
R09:41:15   68 82 F0 69 58 07 CF 08 25 00 3F 06 B1 64 00 33 73 4C 44 00 00 00 00 00 AC 06 1A B2 64 00 27 8B 
R09:41:15   69 48 00 00 00 00 00 AC 06 1A B3 64 00 98 99 CF 42 00 00 00 00 00 AC 06 1A B4 64 00 66 26 AE 44 
R09:41:15   00 00 00 00 00 AC 06 1A B5 64 00 CB 37 79 4A 00 00 00 00 00 AC 06 1A B6 64 00 34 5B F9 45 00 00 
R09:41:15   00 00 00 AC 06 1A B7 64 00 34 71 69 48 00 00 00 00 00 AC 06 1A B8 64 00 9A D1 CD 45 00 00 00 00 
R09:41:15   00 AC 06 1A 
R09:41:15   68 82 F2 69 58 07 CF 08 25 00 3F 06 B9 64 00 33 73 4C 44 00 7A 6D 25 0B 6F 04 1A BA 64 00 00 A3 
R09:41:15   1E 48 00 7A 6D 25 0B 6F 04 1A BB 64 00 98 99 CF 42 00 7A 6D 25 0B 6F 04 1A BC 64 00 66 26 AE 44 
R09:41:15   00 7A 6D 25 0B 6F 04 1A BD 64 00 7A F6 0A 4A 00 7A 6D 25 0B 6F 04 1A BE 64 00 CC 0C BB 44 00 7A 
R09:41:15   6D 25 0B 6F 04 1A BF 64 00 0D 89 1E 48 00 7A 6D 25 0B 6F 04 1A C0 64 00 67 66 CE 42 00 7A 6D 25 
R09:41:15   0B 6F 04 1A 
S09:41:15   68 04 01 00 F4 69 
R09:41:16   68 0E F4 69 58 07 65 01 0A 00 3F 06 00 00 00 05 
S09:41:16   68 14 58 07 F6 69 67 01 06 00 3F 06 00 00 00 52 40 29 09 AC 06 1A 
R09:41:17   68 14 F6 69 5A 07 67 01 07 00 3F 06 00 00 00 52 40 29 09 AC 06 1A 
S09:41:26   68 04 01 00 F8 69 
S09:41:42   68 04 43 00 00 00 
R09:41:42   68 04 83 00 00 00 
S09:41:58   68 04 43 00 00 00 
R09:41:58   68 04 83 00 00 00 
S09:42:14   68 04 43 00 00 00 
R09:42:14   68 04 83 00 00 00 
S09:42:30   68 04 43 00 00 00 
R09:42:30   68 04 83 00 00 00 
R09:42:35   68 12 F8 69 5A 07 0D 01 03 00 3F 06 39 40 00 32 08 82 42 00 
S09:42:35   68 04 01 00 FA 69 
R09:42:41   68 12 FA 69 5A 07 0D 01 03 00 3F 06 44 40 00 23 DB 98 42 00 
S09:42:46   68 04 01 00 FC 69 
R09:42:49   68 12 FC 69 5A 07 0D 01 03 00 3F 06 3B 40 00 AE 47 80 42 00 
S09:42:57   68 04 01 00 FE 69 
R09:43:08   68 12 FE 69 5A 07 0D 01 03 00 3F 06 3A 40 00 3B DF 77 42 00 
S09:43:08   68 04 01 00 00 6A 
S09:43:24   68 04 43 00 00 00 
R09:43:24   68 04 83 00 00 00 
S09:43:40   68 04 43 00 00 00 
R09:43:40   68 04 83 00 00 00 
S09:43:56   68 04 43 00 00 00 
R09:43:56   68 04 83 00 00 00 
R09:43:57   68 12 00 6A 5A 07 0D 01 03 00 3F 06 46 40 00 10 58 97 42 00 
S09:43:57   68 04 01 00 02 6A 
S09:44:13   68 04 43 00 00 00 
R09:44:13   68 04 83 00 00 00 
S09:44:29   68 04 43 00 00 00 
R09:44:29   68 04 83 00 00 00 
S09:44:45   68 04 43 00 00 00 
R09:44:45   68 04 83 00 00 00 
S09:45:01   68 04 43 00 00 00 
R09:45:01   68 04 83 00 00 00 
S09:45:17   68 04 43 00 00 00 
R09:45:17   68 04 83 00 00 00 
R09:45:19   68 12 02 6A 5A 07 0D 01 03 00 3F 06 45 40 00 0C 02 94 42 00 
S09:45:19   68 04 01 00 04 6A 
S09:45:35   68 04 43 00 00 00 
R09:45:35   68 04 83 00 00 00 
S09:45:51   68 04 43 00 00 00 
R09:45:51   68 04 83 00 00 00 
S09:46:07   68 04 43 00 00 00 
R09:46:07   68 04 83 00 00 00 
S09:46:23   68 04 43 00 00 00 
R09:46:23   68 04 83 00 00 00 
S09:46:39   68 04 43 00 00 00 
R09:46:39   68 04 83 00 00 00 
S09:46:55   68 04 43 00 00 00 
R09:46:56   68 04 83 00 00 00 
S09:47:11   68 04 43 00 00 00 
R09:47:11   68 04 83 00 00 00 
S09:47:27   68 04 43 00 00 00 
R09:47:27   68 04 83 00 00 00 
S09:47:43   68 04 43 00 00 00 
R09:47:43   68 04 83 00 00 00 
S09:47:59   68 04 43 00 00 00 
R09:48:00   68 04 83 00 00 00 
R09:48:10   68 12 04 6A 5A 07 0D 01 03 00 3F 06 13 40 00 3B DF 6F 3F 00 
S09:48:10   68 04 01 00 06 6A 
S09:48:26   68 04 43 00 00 00 
R09:48:27   68 04 83 00 00 00 
S09:48:43   68 04 43 00 00 00 
R09:48:43   68 04 83 00 00 00 
S09:48:59   68 04 43 00 00 00 
R09:49:00   68 04 83 00 00 00 
S09:49:16   68 04 43 00 00 00 
R09:49:17   68 04 83 00 00 00 
R09:49:26   68 12 06 6A 5A 07 0D 01 03 00 3F 06 13 40 00 8F C2 75 3F 00 
S09:49:26   68 04 01 00 08 6A 
S09:49:42   68 04 43 00 00 00 
R09:49:43   68 04 83 00 00 00 
S09:49:59   68 04 43 00 00 00 
R09:50:00   68 04 83 00 00 00 
S09:50:16   68 04 43 00 00 00 
R09:50:17   68 04 83 00 00 00 
S09:50:33   68 04 43 00 00 00 
R09:50:34   68 04 83 00 00 00 
R09:50:43   68 12 08 6A 5A 07 0D 01 03 00 3F 06 44 40 00 27 31 A5 42 00 
S09:50:43   68 04 01 00 0A 6A 
S09:50:59   68 04 43 00 00 00 
R09:51:00   68 04 83 00 00 00 
R09:51:07   68 12 0A 6A 5A 07 0D 01 03 00 3F 06 39 40 00 65 3B 8F 42 00 
S09:51:07   68 04 01 00 0C 6A 
S09:51:23   68 04 43 00 00 00 
R09:51:23   68 04 83 00 00 00 
S09:51:39   68 04 43 00 00 00 
R09:51:39   68 04 83 00 00 00 
S09:51:55   68 04 43 00 00 00 
R09:51:55   68 04 83 00 00 00 
S09:52:11   68 04 43 00 00 00 
R09:52:11   68 04 83 00 00 00 
S09:52:27   68 04 43 00 00 00 
R09:52:27   68 04 83 00 00 00 
S09:52:43   68 04 43 00 00 00 
R09:52:43   68 04 83 00 00 00 
S09:52:59   68 04 43 00 00 00 
R09:52:59   68 04 83 00 00 00 
S09:53:15   68 04 43 00 00 00 
R09:53:15   68 04 83 00 00 00 
S09:53:31   68 04 43 00 00 00 
R09:53:31   68 04 83 00 00 00 
S09:53:47   68 04 43 00 00 00 
R09:53:47   68 04 83 00 00 00 
S09:54:03   68 04 43 00 00 00 
R09:54:03   68 04 83 00 00 00 
S09:54:19   68 04 43 00 00 00 
R09:54:19   68 04 83 00 00 00 
S09:54:35   68 04 43 00 00 00 
R09:54:35   68 04 83 00 00 00 
S09:54:51   68 04 43 00 00 00 
R09:54:51   68 04 83 00 00 00 
S09:55:07   68 04 43 00 00 00 
R09:55:07   68 04 83 00 00 00 
S09:55:23   68 04 43 00 00 00 
R09:55:23   68 04 83 00 00 00 
S09:55:39   68 04 43 00 00 00 
R09:55:39   68 04 83 00 00 00 
S09:55:55   68 04 43 00 00 00 
R09:55:55   68 04 83 00 00 00 
S09:55:59   68 0E 5A 07 0C 6A 64 01 06 00 3F 06 00 00 00 14 
R09:55:59   68 0E 0C 6A 5C 07 64 01 07 00 3F 06 00 00 00 14 
S09:55:59   68 04 01 00 0E 6A 
R09:56:00   68 E6 0E 6A 5C 07 01 37 14 00 3F 06 01 00 00 00 02 00 00 00 03 00 00 00 04 00 00 00 05 00 00 00 
R09:56:00   06 00 00 00 07 00 00 01 08 00 00 00 09 00 00 00 0A 00 00 00 0B 00 00 00 0C 00 00 00 0D 00 00 00 
R09:56:00   0E 00 00 00 0F 00 00 00 10 00 00 00 11 00 00 00 12 00 00 00 13 00 00 00 14 00 00 00 15 00 00 00 
R09:56:00   16 00 00 00 17 00 00 00 18 00 00 00 19 00 00 00 1A 00 00 01 1B 00 00 01 1C 00 00 00 1D 00 00 01 
R09:56:00   1E 00 00 01 1F 00 00 01 20 00 00 00 21 00 00 00 22 00 00 00 23 00 00 00 24 00 00 00 25 00 00 00 
R09:56:00   26 00 00 00 27 00 00 00 28 00 00 00 29 00 00 01 2A 00 00 00 2B 00 00 00 2C 00 00 00 2D 00 00 00 
R09:56:00   2E 00 00 00 2F 00 00 00 30 00 00 00 31 00 00 00 32 00 00 00 33 00 00 00 34 00 00 00 35 00 00 00 
R09:56:00   36 00 00 00 37 00 00 00 
R09:56:00   68 D2 10 6A 5C 07 01 32 14 00 3F 06 38 00 00 00 39 00 00 00 3A 00 00 00 3B 00 00 01 3C 00 00 00 
R09:56:00   3D 00 00 00 3E 00 00 01 3F 00 00 01 40 00 00 00 41 00 00 00 42 00 00 01 43 00 00 00 44 00 00 00 
R09:56:00   45 00 00 00 46 00 00 00 47 00 00 00 48 00 00 00 49 00 00 00 4A 00 00 01 4B 00 00 00 4C 00 00 00 
R09:56:00   4D 00 00 00 4E 00 00 00 4F 00 00 00 50 00 00 00 51 00 00 00 52 00 00 00 53 00 00 00 54 00 00 00 
R09:56:00   55 00 00 00 56 00 00 00 57 00 00 00 58 00 00 00 59 00 00 00 5A 00 00 00 5B 00 00 00 5C 00 00 01 
R09:56:00   5D 00 00 00 5E 00 00 00 5F 00 00 01 60 00 00 01 61 00 00 00 62 00 00 00 63 00 00 01 64 00 00 00 
R09:56:00   65 00 00 00 66 00 00 00 67 00 00 00 68 00 00 00 69 00 00 00 
R09:56:00   68 E6 12 6A 5C 07 01 37 14 00 3F 06 69 00 00 00 6A 00 00 01 6B 00 00 00 6C 00 00 00 6D 00 00 00 
R09:56:00   6E 00 00 00 6F 00 00 00 70 00 00 00 71 00 00 00 72 00 00 00 73 00 00 00 74 00 00 00 75 00 00 00 
R09:56:00   76 00 00 00 77 00 00 00 78 00 00 00 79 00 00 00 7A 00 00 00 7B 00 00 00 7C 00 00 00 7D 00 00 01 
R09:56:00   7E 00 00 01 7F 00 00 00 80 00 00 01 81 00 00 01 82 00 00 01 83 00 00 00 84 00 00 00 85 00 00 00 
R09:56:00   86 00 00 00 87 00 00 00 88 00 00 00 89 00 00 00 8A 00 00 00 8B 00 00 01 8C 00 00 00 8D 00 00 00 
R09:56:00   8E 00 00 00 8F 00 00 00 90 00 00 00 91 00 00 00 92 00 00 00 93 00 00 00 94 00 00 00 95 00 00 00 
R09:56:00   96 00 00 00 97 00 00 00 98 00 00 00 99 00 00 00 9A 00 00 00 9B 00 00 00 9C 00 00 00 9D 00 00 00 
R09:56:00   9E 00 00 01 9F 00 00 00 
S09:56:00   68 04 01 00 14 6A 
R09:56:01   68 A6 14 6A 5C 07 01 27 14 00 3F 06 A0 00 00 00 A1 00 00 01 A2 00 00 01 A3 00 00 01 A4 00 00 00 
R09:56:01   A5 00 00 00 A6 00 00 00 A7 00 00 00 A8 00 00 00 A9 00 00 00 AA 00 00 00 AB 00 00 00 AC 00 00 01 
R09:56:01   AD 00 00 00 AE 00 00 00 AF 00 00 00 B0 00 00 00 B1 00 00 00 B2 00 00 00 B3 00 00 00 B4 00 00 00 
R09:56:01   B5 00 00 00 B6 00 00 00 B7 00 00 00 B8 00 00 00 B9 00 00 00 BA 00 00 00 BB 00 00 00 BC 00 00 00 
R09:56:01   BD 00 00 00 BE 00 00 00 BF 00 00 01 C0 00 00 00 C1 00 00 00 C2 00 00 01 C3 00 00 01 C4 00 00 01 
R09:56:01   C5 00 00 00 C6 00 00 00 
R09:56:01   68 EA 16 6A 5C 07 0D 1C 14 00 3F 06 01 40 00 00 00 63 43 00 02 40 00 0A D7 53 42 00 03 40 00 C5 
R09:56:01   20 26 41 00 04 40 00 00 00 00 00 00 05 40 00 2B 87 26 41 00 06 40 00 00 00 00 00 00 07 40 00 3B 
R09:56:01   DF 47 42 00 08 40 00 00 00 00 00 00 09 40 00 00 00 00 00 00 0A 40 00 00 00 00 00 00 0B 40 00 00 
R09:56:01   00 00 00 00 0C 40 00 00 00 00 00 00 0D 40 00 8B 6C 27 41 00 0E 40 00 22 DB 21 41 00 0F 40 00 12 
R09:56:01   83 20 41 00 10 40 00 00 00 00 00 00 11 40 00 52 B8 31 43 00 12 40 00 AE 47 39 C2 00 13 40 00 50 
R09:56:01   8D 77 3F 00 14 40 00 00 00 00 00 00 15 40 00 00 00 00 00 00 16 40 00 00 00 00 00 00 17 40 00 00 
R09:56:01   00 00 00 00 18 40 00 00 00 00 00 00 19 40 00 00 00 00 00 00 1A 40 00 00 00 00 00 00 1B 40 00 00 
R09:56:01   00 00 00 00 1C 40 00 00 00 00 00 00 
R09:56:02   68 6A 18 6A 5C 07 0D 0C 14 00 3F 06 1D 40 00 00 00 00 00 00 1E 40 00 00 00 00 00 00 1F 40 00 00 
R09:56:02   00 00 00 00 20 40 00 00 00 00 00 00 21 40 00 00 00 00 00 00 22 40 00 00 00 00 00 00 23 40 00 00 
R09:56:02   00 00 00 00 24 40 00 00 00 00 00 00 25 40 00 00 00 00 00 00 26 40 00 00 00 00 00 00 27 40 00 00 
R09:56:02   00 00 00 00 28 40 00 00 00 00 00 00 
R09:56:02   68 EA 1A 6A 5C 07 0D 1C 14 00 3F 06 29 40 00 00 00 00 00 00 2A 40 00 00 00 00 00 00 2B 40 00 00 
R09:56:02   00 00 00 00 2C 40 00 00 00 00 00 00 2D 40 00 00 00 00 00 00 2E 40 00 00 00 00 00 00 2F 40 00 00 
R09:56:02   00 00 00 00 30 40 00 00 00 00 00 00 31 40 00 00 00 00 00 00 32 40 00 00 00 00 00 00 33 40 00 00 
R09:56:02   00 00 00 00 34 40 00 00 00 00 00 00 35 40 00 00 00 00 00 00 36 40 00 00 00 00 00 00 37 40 00 00 
R09:56:02   00 00 00 00 38 40 00 00 00 00 00 00 39 40 00 CD CC 85 42 00 3A 40 00 AE 47 6F 42 00 3B 40 00 C7 
R09:56:02   4B 77 42 00 3C 40 00 00 00 00 00 00 3D 40 00 F6 E8 8C 44 00 3E 40 00 7B 14 7A C2 00 3F 40 00 EE 
R09:56:02   7C 7F 3F 00 40 40 00 00 00 00 00 00 41 40 00 00 00 00 00 00 42 40 00 00 00 00 00 00 43 40 00 00 
R09:56:02   00 00 00 00 44 40 00 25 06 9F 42 00 
S09:56:02   68 04 01 00 1C 6A 
R09:56:03   68 3A 1C 6A 5C 07 0D 06 14 00 3F 06 45 40 00 3A B4 8E 42 00 46 40 00 4C 37 93 42 00 47 40 00 00 
R09:56:03   00 00 00 00 48 40 00 15 CE A7 C4 00 49 40 00 0A D7 C9 42 00 4A 40 00 64 3B 7F BF 00 
R09:56:03   68 0E 1E 6A 5C 07 64 01 0A 00 3F 06 00 00 00 14 
S09:56:03   68 0E 5C 07 20 6A 65 01 06 00 3F 06 00 00 00 05 
R09:56:04   68 0E 20 6A 5E 07 65 01 07 00 3F 06 00 00 00 05 
R09:56:04   68 4A 22 6A 5E 07 CE 08 25 00 3F 06 01 64 00 30 54 1C 49 00 02 64 00 66 66 03 44 00 03 64 00 67 
R09:56:04   66 FE 43 00 04 64 00 34 11 F5 47 00 05 64 00 00 00 AE 42 00 06 64 00 B4 33 F5 47 00 07 64 00 66 
R09:56:04   66 86 41 00 08 64 00 00 00 8A 42 00 
R09:56:05   68 82 24 6A 5E 07 CF 08 25 00 3F 06 09 64 00 76 52 1C 49 00 00 00 2D 09 AC 06 1A 0A 64 00 66 66 
R09:56:05   03 44 00 00 00 2D 09 AC 06 1A 0B 64 00 67 66 FE 43 00 00 00 2D 09 AC 06 1A 0C 64 00 4D 0D F5 47 
R09:56:05   00 00 00 2D 09 AC 06 1A 0D 64 00 00 00 AE 42 00 00 00 2D 09 AC 06 1A 0E 64 00 CD 2F F5 47 00 00 
R09:56:05   00 2D 09 AC 06 1A 0F 64 00 66 66 86 41 00 00 00 2D 09 AC 06 1A 10 64 00 00 00 8A 42 00 00 00 2D 
R09:56:05   09 AC 06 1A 
S09:56:05   68 04 01 00 26 6A 
R09:56:06   68 82 26 6A 5E 07 CF 08 25 00 3F 06 11 64 00 39 D0 1B 49 00 00 00 00 00 AC 06 1A 12 64 00 66 66 
R09:56:06   03 44 00 00 00 00 00 AC 06 1A 13 64 00 67 66 FE 43 00 00 00 00 00 AC 06 1A 14 64 00 66 55 F4 47 
R09:56:06   00 00 00 00 00 AC 06 1A 15 64 00 00 00 AE 42 00 00 00 00 00 AC 06 1A 16 64 00 E7 77 F4 47 00 00 
R09:56:06   00 00 00 AC 06 1A 17 64 00 66 66 86 41 00 00 00 00 00 AC 06 1A 18 64 00 00 00 8A 42 00 00 00 00 
R09:56:06   00 AC 06 1A 
R09:56:06   68 82 28 6A 5E 07 CF 08 25 00 3F 06 19 64 00 00 00 00 00 00 00 00 00 00 AC 06 1A 1A 64 00 00 00 
R09:56:06   00 00 00 00 00 00 00 AC 06 1A 1B 64 00 00 00 00 00 00 00 00 00 00 AC 06 1A 1C 64 00 00 00 00 00 
R09:56:06   00 00 00 00 00 AC 06 1A 1D 64 00 00 00 00 00 00 00 00 00 00 AC 06 1A 1E 64 00 00 00 00 00 00 00 
R09:56:06   00 00 00 AC 06 1A 1F 64 00 00 00 00 00 00 00 00 00 00 AC 06 1A 20 64 00 00 00 00 00 00 00 00 00 
R09:56:06   00 AC 06 1A 
R09:56:06   68 4A 2A 6A 5E 07 CE 08 25 00 3F 06 21 64 00 CC CC 41 43 00 22 64 00 34 33 0B 43 00 23 64 00 66 
R09:56:06   66 AA 42 00 24 64 00 CD CC EE 42 00 25 64 00 CD CC C4 42 00 26 64 00 CC CC 29 43 00 27 64 00 FF 
R09:56:06   FF 57 42 00 28 64 00 99 99 49 42 00 
S09:56:06   68 04 01 00 2C 6A 
R09:56:07   68 82 2C 6A 5E 07 CF 08 25 00 3F 06 29 64 00 CC CC 41 43 00 00 00 2D 09 AC 06 1A 2A 64 00 34 33 
R09:56:07   0B 43 00 00 00 2D 09 AC 06 1A 2B 64 00 66 66 AA 42 00 00 00 2D 09 AC 06 1A 2C 64 00 CD CC EE 42 
R09:56:07   00 00 00 2D 09 AC 06 1A 2D 64 00 CD CC C4 42 00 00 00 2D 09 AC 06 1A 2E 64 00 CC CC 29 43 00 00 
R09:56:07   00 2D 09 AC 06 1A 2F 64 00 FF FF 57 42 00 00 00 2D 09 AC 06 1A 30 64 00 99 99 49 42 00 00 00 2D 
R09:56:07   09 AC 06 1A 
R09:56:07   68 82 2E 6A 5E 07 CF 08 25 00 3F 06 31 64 00 CC CC 41 43 00 00 00 00 00 AC 06 1A 32 64 00 34 33 
R09:56:07   0B 43 00 00 00 00 00 AC 06 1A 33 64 00 66 66 AA 42 00 00 00 00 00 AC 06 1A 34 64 00 CD CC EE 42 
R09:56:07   00 00 00 00 00 AC 06 1A 35 64 00 CD CC C4 42 00 00 00 00 00 AC 06 1A 36 64 00 CC CC 29 43 00 00 
R09:56:07   00 00 00 AC 06 1A 37 64 00 FF FF 57 42 00 00 00 00 00 AC 06 1A 38 64 00 99 99 49 42 00 00 00 00 
R09:56:07   00 AC 06 1A 
R09:56:07   68 82 30 6A 5E 07 CF 08 25 00 3F 06 39 64 00 00 00 00 00 00 00 00 00 00 AC 06 1A 3A 64 00 00 00 
R09:56:07   00 00 00 00 00 00 00 AC 06 1A 3B 64 00 00 00 00 00 00 00 00 00 00 AC 06 1A 3C 64 00 00 00 00 00 
R09:56:07   00 00 00 00 00 AC 06 1A 3D 64 00 00 00 00 00 00 00 00 00 00 AC 06 1A 3E 64 00 00 00 00 00 00 00 
R09:56:07   00 00 00 AC 06 1A 3F 64 00 00 00 00 00 00 00 00 00 00 AC 06 1A 40 64 00 00 00 00 00 00 00 00 00 
R09:56:07   00 AC 06 1A 
S09:56:07   68 04 01 00 32 6A 
R09:56:08   68 4A 32 6A 5E 07 CE 08 25 00 3F 06 41 64 00 CC CC 5F 43 00 42 64 00 33 33 47 43 00 43 64 00 9A 
R09:56:08   99 22 43 00 44 64 00 CC CC 74 42 00 45 64 00 00 00 A8 42 00 46 64 00 00 00 F6 42 00 47 64 00 66 
R09:56:08   66 12 42 00 48 64 00 34 33 77 42 00 
R09:56:09   68 82 34 6A 5E 07 CF 08 25 00 3F 06 49 64 00 CC CC 5F 43 00 00 00 2D 09 AC 06 1A 4A 64 00 33 33 
R09:56:09   47 43 00 00 00 2D 09 AC 06 1A 4B 64 00 9A 99 22 43 00 00 00 2D 09 AC 06 1A 4C 64 00 CC CC 74 42 
R09:56:09   00 00 00 2D 09 AC 06 1A 4D 64 00 00 00 A8 42 00 00 00 2D 09 AC 06 1A 4E 64 00 00 00 F6 42 00 00 
R09:56:09   00 2D 09 AC 06 1A 4F 64 00 66 66 12 42 00 00 00 2D 09 AC 06 1A 50 64 00 34 33 77 42 00 00 00 2D 
R09:56:09   09 AC 06 1A 
R09:56:09   68 82 36 6A 5E 07 CF 08 25 00 3F 06 51 64 00 CC CC 5F 43 00 00 00 00 00 AC 06 1A 52 64 00 33 33 
R09:56:09   47 43 00 00 00 00 00 AC 06 1A 53 64 00 9A 99 22 43 00 00 00 00 00 AC 06 1A 54 64 00 CC CC 74 42 
R09:56:09   00 00 00 00 00 AC 06 1A 55 64 00 00 00 A8 42 00 00 00 00 00 AC 06 1A 56 64 00 00 00 F6 42 00 00 
R09:56:09   00 00 00 AC 06 1A 57 64 00 66 66 12 42 00 00 00 00 00 AC 06 1A 58 64 00 34 33 77 42 00 00 00 00 
R09:56:09   00 AC 06 1A 
S09:56:09   68 04 01 00 38 6A 
R09:56:09   68 82 38 6A 5E 07 CF 08 25 00 3F 06 59 64 00 00 00 00 00 00 00 00 00 00 AC 06 1A 5A 64 00 00 00 
R09:56:09   00 00 00 00 00 00 00 AC 06 1A 5B 64 00 00 00 00 00 00 00 00 00 00 AC 06 1A 5C 64 00 00 00 00 00 
R09:56:09   00 00 00 00 00 AC 06 1A 5D 64 00 00 00 00 00 00 00 00 00 00 AC 06 1A 5E 64 00 00 00 00 00 00 00 
R09:56:09   00 00 00 AC 06 1A 5F 64 00 00 00 00 00 00 00 00 00 00 AC 06 1A 60 64 00 00 00 00 00 00 00 00 00 
R09:56:09   00 AC 06 1A 
R09:56:10   68 4A 3A 6A 5E 07 CE 08 25 00 3F 06 61 64 00 33 E7 0B 48 00 62 64 00 66 66 18 43 00 63 64 00 99 
R09:56:10   99 C9 42 00 64 64 00 99 39 70 46 00 65 64 00 34 33 8B 42 00 66 64 00 CC 00 71 46 00 67 64 00 67 
R09:56:10   66 4E 42 00 68 64 00 33 33 47 42 00 
R09:56:10   68 82 3C 6A 5E 07 CF 08 25 00 3F 06 69 64 00 DA E5 0B 48 00 00 00 2D 09 AC 06 1A 6A 64 00 66 66 
R09:56:10   18 43 00 00 00 2D 09 AC 06 1A 6B 64 00 99 99 C9 42 00 00 00 2D 09 AC 06 1A 6C 64 00 CD 34 70 46 
R09:56:10   00 00 00 2D 09 AC 06 1A 6D 64 00 34 33 8B 42 00 00 00 2D 09 AC 06 1A 6E 64 00 FF FB 70 46 00 00 
R09:56:10   00 2D 09 AC 06 1A 6F 64 00 67 66 4E 42 00 00 00 2D 09 AC 06 1A 70 64 00 33 33 47 42 00 00 00 2D 
R09:56:10   09 AC 06 1A 
S09:56:10   68 04 01 00 3E 6A 
R09:56:11   68 82 3E 6A 5E 07 CF 08 25 00 3F 06 71 64 00 8C 9A 0B 48 00 00 00 00 00 AC 06 1A 72 64 00 66 66 
R09:56:11   18 43 00 00 00 00 00 AC 06 1A 73 64 00 99 99 C9 42 00 00 00 00 00 AC 06 1A 74 64 00 00 A0 6F 46 
R09:56:11   00 00 00 00 00 AC 06 1A 75 64 00 34 33 8B 42 00 00 00 00 00 AC 06 1A 76 64 00 34 67 70 46 00 00 
R09:56:11   00 00 00 AC 06 1A 77 64 00 67 66 4E 42 00 00 00 00 00 AC 06 1A 78 64 00 33 33 47 42 00 00 00 00 
R09:56:11   00 AC 06 1A 
R09:56:11   68 82 40 6A 5E 07 CF 08 25 00 3F 06 79 64 00 FF 44 DE 47 00 3A AE 25 0D F1 05 1A 7A 64 00 66 66 
R09:56:11   18 43 00 3A AE 25 0D F1 05 1A 7B 64 00 99 99 C9 42 00 3A AE 25 0D F1 05 1A 7C 64 00 67 46 50 46 
R09:56:11   00 3A AE 25 0D F1 05 1A 7D 64 00 34 33 8B 42 00 3A AE 25 0D F1 05 1A 7E 64 00 33 0B 51 46 00 3A 
R09:56:11   AE 25 0D F1 05 1A 7F 64 00 67 66 4E 42 00 3A AE 25 0D F1 05 1A 80 64 00 CD CC 44 42 00 3A AE 25 
R09:56:11   0D F1 05 1A 
R09:56:12   68 4A 42 6A 5E 07 CE 08 25 00 3F 06 81 64 00 6B D6 48 4A 00 82 64 00 CC 6C 38 46 00 83 64 00 9A 
R09:56:12   31 2A 46 00 84 64 00 E8 B7 F0 47 00 85 64 00 CC 4C 8A 43 00 86 64 00 34 EB F0 47 00 87 64 00 34 
R09:56:12   B3 63 44 00 88 64 00 34 33 CD 42 00 
S09:56:12   68 04 01 00 44 6A 
R09:56:12   68 82 44 6A 5E 07 CF 08 25 00 3F 06 89 64 00 2D D3 48 4A 00 00 00 2D 09 AC 06 1A 8A 64 00 CC 6C 
R09:56:12   38 46 00 00 00 2D 09 AC 06 1A 8B 64 00 9A 31 2A 46 00 00 00 2D 09 AC 06 1A 8C 64 00 B3 B3 F0 47 
R09:56:12   00 00 00 2D 09 AC 06 1A 8D 64 00 CC 4C 8A 43 00 00 00 2D 09 AC 06 1A 8E 64 00 FF E6 F0 47 00 00 
R09:56:12   00 2D 09 AC 06 1A 8F 64 00 34 B3 63 44 00 00 00 2D 09 AC 06 1A 90 64 00 34 33 CD 42 00 00 00 2D 
R09:56:12   09 AC 06 1A 
R09:56:13   68 82 46 6A 5E 07 CF 08 25 00 3F 06 91 64 00 AE 6C 48 4A 00 00 00 00 00 AC 06 1A 92 64 00 CC 6C 
R09:56:13   38 46 00 00 00 00 00 AC 06 1A 93 64 00 9A 31 2A 46 00 00 00 00 00 AC 06 1A 94 64 00 B3 3E F0 47 
R09:56:13   00 00 00 00 00 AC 06 1A 95 64 00 CC 4C 8A 43 00 00 00 00 00 AC 06 1A 96 64 00 00 72 F0 47 00 00 
R09:56:13   00 00 00 AC 06 1A 97 64 00 34 B3 63 44 00 00 00 00 00 AC 06 1A 98 64 00 34 33 CD 42 00 00 00 00 
R09:56:13   00 AC 06 1A 
R09:56:13   68 82 48 6A 5E 07 CF 08 25 00 3F 06 99 64 00 2B C0 DB 49 00 BB 6F 25 0B 6F 04 1A 9A 64 00 00 00 
R09:56:13   99 44 00 BB 6F 25 0B 6F 04 1A 9B 64 00 9A 99 9C 43 00 BB 6F 25 0B 6F 04 1A 9C 64 00 CC 8A AC 47 
R09:56:13   00 BB 6F 25 0B 6F 04 1A 9D 64 00 66 66 89 43 00 BB 6F 25 0B 6F 04 1A 9E 64 00 19 BE AC 47 00 BB 
R09:56:13   6F 25 0B 6F 04 1A 9F 64 00 34 B3 63 44 00 BB 6F 25 0B 6F 04 1A A0 64 00 34 33 CD 42 00 BB 6F 25 
R09:56:13   0B 6F 04 1A 
S09:56:13   68 04 01 00 4A 6A 
R09:56:14   68 4A 4A 6A 5E 07 CE 08 25 00 3F 06 A1 64 00 33 73 4C 44 00 A2 64 00 28 21 6A 48 00 A3 64 00 98 
R09:56:14   99 CF 42 00 A4 64 00 66 26 AE 44 00 A5 64 00 13 C8 79 4A 00 A6 64 00 34 5B F9 45 00 A7 64 00 33 
R09:56:14   07 6A 48 00 A8 64 00 9A D1 CD 45 00 
R09:56:14   68 82 4C 6A 5E 07 CF 08 25 00 3F 06 A9 64 00 33 73 4C 44 00 00 00 2D 09 AC 06 1A AA 64 00 67 1D 
R09:56:14   6A 48 00 00 00 2D 09 AC 06 1A AB 64 00 98 99 CF 42 00 00 00 2D 09 AC 06 1A AC 64 00 66 26 AE 44 
R09:56:14   00 00 00 2D 09 AC 06 1A AD 64 00 4B C4 79 4A 00 00 00 2D 09 AC 06 1A AE 64 00 34 5B F9 45 00 00 
R09:56:14   00 2D 09 AC 06 1A AF 64 00 74 03 6A 48 00 00 00 2D 09 AC 06 1A B0 64 00 9A D1 CD 45 00 00 00 2D 
R09:56:14   09 AC 06 1A 
R09:56:15   68 82 4E 6A 5E 07 CF 08 25 00 3F 06 B1 64 00 33 73 4C 44 00 00 00 00 00 AC 06 1A B2 64 00 27 8B 
R09:56:15   69 48 00 00 00 00 00 AC 06 1A B3 64 00 98 99 CF 42 00 00 00 00 00 AC 06 1A B4 64 00 66 26 AE 44 
R09:56:15   00 00 00 00 00 AC 06 1A B5 64 00 CB 37 79 4A 00 00 00 00 00 AC 06 1A B6 64 00 34 5B F9 45 00 00 
R09:56:15   00 00 00 AC 06 1A B7 64 00 34 71 69 48 00 00 00 00 00 AC 06 1A B8 64 00 9A D1 CD 45 00 00 00 00 
R09:56:15   00 AC 06 1A 
S09:56:15   68 04 01 00 50 6A 
R09:56:15   68 82 50 6A 5E 07 CF 08 25 00 3F 06 B9 64 00 33 73 4C 44 00 7A 6D 25 0B 6F 04 1A BA 64 00 00 A3 
R09:56:15   1E 48 00 7A 6D 25 0B 6F 04 1A BB 64 00 98 99 CF 42 00 7A 6D 25 0B 6F 04 1A BC 64 00 66 26 AE 44 
R09:56:15   00 7A 6D 25 0B 6F 04 1A BD 64 00 7A F6 0A 4A 00 7A 6D 25 0B 6F 04 1A BE 64 00 CC 0C BB 44 00 7A 
R09:56:15   6D 25 0B 6F 04 1A BF 64 00 0D 89 1E 48 00 7A 6D 25 0B 6F 04 1A C0 64 00 67 66 CE 42 00 7A 6D 25 
R09:56:15   0B 6F 04 1A 
R09:56:16   68 0E 52 6A 5E 07 65 01 0A 00 3F 06 00 00 00 05 
S09:56:16   68 14 5E 07 54 6A 67 01 06 00 3F 06 00 00 00 39 41 38 09 AC 06 1A 
R09:56:17   68 14 54 6A 60 07 67 01 07 00 3F 06 00 00 00 39 41 38 09 AC 06 1A 
S09:56:26   68 04 01 00 56 6A 
S09:56:42   68 04 43 00 00 00 
R09:56:42   68 04 83 00 00 00 
S09:56:58   68 04 43 00 00 00 
R09:56:58   68 04 83 00 00 00 
S09:57:14   68 04 43 00 00 00 
R09:57:14   68 04 83 00 00 00 
S09:57:30   68 04 43 00 00 00 
R09:57:30   68 04 83 00 00 00 
S09:57:46   68 04 43 00 00 00 
R09:57:46   68 04 83 00 00 00 
S09:58:02   68 04 43 00 00 00 
R09:58:02   68 04 83 00 00 00 
S09:58:18   68 04 43 00 00 00 
R09:58:18   68 04 83 00 00 00 
S09:58:34   68 04 43 00 00 00 
R09:58:34   68 04 83 00 00 00 
S09:58:50   68 04 43 00 00 00 
R09:58:50   68 04 83 00 00 00 
S09:59:06   68 04 43 00 00 00 
R09:59:07   68 04 83 00 00 00 
S09:59:23   68 04 43 00 00 00 
R09:59:23   68 04 83 00 00 00 
S09:59:39   68 04 43 00 00 00 
R09:59:40   68 04 83 00 00 00 
S09:59:56   68 04 43 00 00 00 
R09:59:56   68 04 83 00 00 00 
S10:00:12   68 04 43 00 00 00 
R10:00:13   68 04 83 00 00 00 
S10:00:29   68 04 43 00 00 00 
R10:00:30   68 04 83 00 00 00 
S10:00:46   68 04 43 00 00 00 
R10:00:46   68 04 83 00 00 00 
S10:01:02   68 04 43 00 00 00 
R10:01:03   68 04 83 00 00 00 
S10:01:19   68 04 43 00 00 00 
R10:01:20   68 04 83 00 00 00 
S10:01:36   68 04 43 00 00 00 
R10:01:37   68 04 83 00 00 00 
S10:01:53   68 04 43 00 00 00 
R10:01:54   68 04 83 00 00 00 
S10:02:10   68 04 43 00 00 00 
R10:02:11   68 04 83 00 00 00 
R10:02:13   68 12 56 6A 60 07 0D 01 03 00 3F 06 44 40 00 20 B0 92 42 00 
S10:02:13   68 04 01 00 58 6A 
S10:02:29   68 04 43 00 00 00 
R10:02:30   68 04 83 00 00 00 
S10:02:46   68 04 43 00 00 00 
R10:02:47   68 04 83 00 00 00 
R10:03:01   68 1A 58 6A 60 07 0D 02 03 00 3F 06 13 40 00 85 EB 71 3F 00 45 40 00 0C 02 82 42 00 
S10:03:01   68 04 01 00 5A 6A 
S10:03:17   68 04 43 00 00 00 
R10:03:18   68 04 83 00 00 00 
S10:03:34   68 04 43 00 00 00 
R10:03:35   68 04 83 00 00 00 
S10:03:51   68 04 43 00 00 00 
R10:03:52   68 04 83 00 00 00 
S10:04:08   68 04 43 00 00 00 
R10:04:09   68 04 83 00 00 00 
S10:04:25   68 04 43 00 00 00 
R10:04:26   68 04 83 00 00 00 
S10:04:42   68 04 43 00 00 00 
R10:04:43   68 04 83 00 00 00 
S10:04:59   68 04 43 00 00 00 
R10:04:59   68 04 83 00 00 00 
R10:05:14   68 12 5A 6A 60 07 0D 01 03 00 3F 06 0E 40 00 00 00 00 00 00 
S10:05:14   68 04 01 00 5C 6A 
S10:05:30   68 04 43 00 00 00 
R10:05:30   68 04 83 00 00 00 
S10:05:46   68 04 43 00 00 00 
R10:05:46   68 04 83 00 00 00 
S10:06:02   68 04 43 00 00 00 
R10:06:02   68 04 83 00 00 00 
S10:06:18   68 04 43 00 00 00 
R10:06:18   68 04 83 00 00 00 
R10:06:22   68 22 5C 6A 60 07 0D 03 03 00 3F 06 0D 40 00 00 00 00 00 00 0F 40 00 00 00 00 00 00 13 40 00 00 
R10:06:22   00 00 00 00 
S10:06:22   68 04 01 00 5E 6A 
S10:06:38   68 04 43 00 00 00 
R10:06:38   68 04 83 00 00 00 
S10:06:54   68 04 43 00 00 00 
R10:06:54   68 04 83 00 00 00 
S10:07:10   68 04 43 00 00 00 
R10:07:10   68 04 83 00 00 00 
S10:07:26   68 04 43 00 00 00 
R10:07:26   68 04 83 00 00 00 
S10:07:42   68 04 43 00 00 00 
R10:07:42   68 04 83 00 00 00 
S10:07:58   68 04 43 00 00 00 
R10:07:58   68 04 83 00 00 00 
S10:08:14   68 04 43 00 00 00 
R10:08:15   68 04 83 00 00 00 
S10:08:31   68 04 43 00 00 00 
R10:08:31   68 04 83 00 00 00 
S10:08:47   68 04 43 00 00 00 
R10:08:47   68 04 83 00 00 00 
S10:09:03   68 04 43 00 00 00 
R10:09:03   68 04 83 00 00 00 
S10:09:19   68 04 43 00 00 00 
R10:09:19   68 04 83 00 00 00 
S10:09:35   68 04 43 00 00 00 
R10:09:35   68 04 83 00 00 00 
S10:09:51   68 04 43 00 00 00 
R10:09:51   68 04 83 00 00 00 
S10:10:07   68 04 43 00 00 00 
R10:10:07   68 04 83 00 00 00 
S10:10:23   68 04 43 00 00 00 
R10:10:23   68 04 83 00 00 00 
S10:10:39   68 04 43 00 00 00 
R10:10:39   68 04 83 00 00 00 
S10:10:55   68 04 43 00 00 00 
R10:10:55   68 04 83 00 00 00 
S10:10:59   68 0E 60 07 5E 6A 64 01 06 00 3F 06 00 00 00 14 
R10:10:59   68 0E 5E 6A 62 07 64 01 07 00 3F 06 00 00 00 14 
S10:10:59   68 04 01 00 60 6A 
R10:11:00   68 E6 60 6A 62 07 01 37 14 00 3F 06 01 00 00 00 02 00 00 00 03 00 00 00 04 00 00 00 05 00 00 00 
R10:11:00   06 00 00 00 07 00 00 01 08 00 00 00 09 00 00 00 0A 00 00 00 0B 00 00 00 0C 00 00 00 0D 00 00 00 
R10:11:00   0E 00 00 00 0F 00 00 00 10 00 00 00 11 00 00 00 12 00 00 00 13 00 00 00 14 00 00 00 15 00 00 00 
R10:11:00   16 00 00 00 17 00 00 00 18 00 00 00 19 00 00 00 1A 00 00 01 1B 00 00 01 1C 00 00 00 1D 00 00 01 
R10:11:00   1E 00 00 01 1F 00 00 01 20 00 00 00 21 00 00 00 22 00 00 00 23 00 00 00 24 00 00 00 25 00 00 00 
R10:11:00   26 00 00 00 27 00 00 00 28 00 00 00 29 00 00 01 2A 00 00 00 2B 00 00 00 2C 00 00 00 2D 00 00 00 
R10:11:00   2E 00 00 00 2F 00 00 00 30 00 00 00 31 00 00 00 32 00 00 00 33 00 00 00 34 00 00 00 35 00 00 00 
R10:11:00   36 00 00 00 37 00 00 00 
R10:11:00   68 D2 62 6A 62 07 01 32 14 00 3F 06 38 00 00 00 39 00 00 00 3A 00 00 00 3B 00 00 01 3C 00 00 00 
R10:11:00   3D 00 00 00 3E 00 00 01 3F 00 00 01 40 00 00 00 41 00 00 00 42 00 00 01 43 00 00 00 44 00 00 00 
R10:11:00   45 00 00 00 46 00 00 00 47 00 00 00 48 00 00 00 49 00 00 00 4A 00 00 01 4B 00 00 00 4C 00 00 00 
R10:11:00   4D 00 00 00 4E 00 00 00 4F 00 00 00 50 00 00 00 51 00 00 00 52 00 00 00 53 00 00 00 54 00 00 00 
R10:11:00   55 00 00 00 56 00 00 00 57 00 00 00 58 00 00 00 59 00 00 00 5A 00 00 00 5B 00 00 00 5C 00 00 01 
R10:11:00   5D 00 00 00 5E 00 00 00 5F 00 00 01 60 00 00 01 61 00 00 00 62 00 00 00 63 00 00 01 64 00 00 00 
R10:11:00   65 00 00 00 66 00 00 00 67 00 00 00 68 00 00 00 69 00 00 00 
R10:11:00   68 E6 64 6A 62 07 01 37 14 00 3F 06 69 00 00 00 6A 00 00 01 6B 00 00 00 6C 00 00 00 6D 00 00 00 
R10:11:00   6E 00 00 00 6F 00 00 00 70 00 00 00 71 00 00 00 72 00 00 00 73 00 00 00 74 00 00 00 75 00 00 00 
R10:11:00   76 00 00 00 77 00 00 00 78 00 00 00 79 00 00 00 7A 00 00 00 7B 00 00 00 7C 00 00 00 7D 00 00 01 
R10:11:00   7E 00 00 01 7F 00 00 00 80 00 00 01 81 00 00 01 82 00 00 01 83 00 00 00 84 00 00 00 85 00 00 00 
R10:11:00   86 00 00 00 87 00 00 00 88 00 00 00 89 00 00 00 8A 00 00 00 8B 00 00 01 8C 00 00 00 8D 00 00 00 
R10:11:00   8E 00 00 00 8F 00 00 00 90 00 00 00 91 00 00 00 92 00 00 00 93 00 00 00 94 00 00 00 95 00 00 00 
R10:11:00   96 00 00 00 97 00 00 00 98 00 00 00 99 00 00 00 9A 00 00 00 9B 00 00 00 9C 00 00 00 9D 00 00 00 
R10:11:00   9E 00 00 01 9F 00 00 00 
S10:11:00   68 04 01 00 66 6A 
R10:11:01   68 A6 66 6A 62 07 01 27 14 00 3F 06 A0 00 00 00 A1 00 00 01 A2 00 00 01 A3 00 00 01 A4 00 00 00 
R10:11:01   A5 00 00 00 A6 00 00 00 A7 00 00 00 A8 00 00 00 A9 00 00 00 AA 00 00 00 AB 00 00 00 AC 00 00 01 
R10:11:01   AD 00 00 00 AE 00 00 00 AF 00 00 00 B0 00 00 00 B1 00 00 00 B2 00 00 00 B3 00 00 00 B4 00 00 00 
R10:11:01   B5 00 00 00 B6 00 00 00 B7 00 00 00 B8 00 00 00 B9 00 00 00 BA 00 00 00 BB 00 00 00 BC 00 00 00 
R10:11:01   BD 00 00 00 BE 00 00 00 BF 00 00 01 C0 00 00 00 C1 00 00 00 C2 00 00 01 C3 00 00 01 C4 00 00 01 
R10:11:01   C5 00 00 00 C6 00 00 00 
R10:11:01   68 EA 68 6A 62 07 0D 1C 14 00 3F 06 01 40 00 00 00 63 43 00 02 40 00 85 EB 53 42 00 03 40 00 CF 
R10:11:01   F7 25 41 00 04 40 00 00 00 00 00 00 05 40 00 58 39 26 41 00 06 40 00 00 00 00 00 00 07 40 00 62 
R10:11:01   10 48 42 00 08 40 00 00 00 00 00 00 09 40 00 00 00 00 00 00 0A 40 00 00 00 00 00 00 0B 40 00 00 
R10:11:01   00 00 00 00 0C 40 00 00 00 00 00 00 0D 40 00 00 00 00 00 00 0E 40 00 00 00 00 00 00 0F 40 00 00 
R10:11:01   00 00 00 00 10 40 00 00 00 00 00 00 11 40 00 00 00 00 00 00 12 40 00 00 00 00 00 00 13 40 00 00 
R10:11:01   00 00 00 00 14 40 00 00 00 00 00 00 15 40 00 00 00 00 00 00 16 40 00 00 00 00 00 00 17 40 00 00 
R10:11:01   00 00 00 00 18 40 00 00 00 00 00 00 19 40 00 00 00 00 00 00 1A 40 00 00 00 00 00 00 1B 40 00 00 
R10:11:01   00 00 00 00 1C 40 00 00 00 00 00 00 
R10:11:02   68 6A 6A 6A 62 07 0D 0C 14 00 3F 06 1D 40 00 00 00 00 00 00 1E 40 00 00 00 00 00 00 1F 40 00 00 
R10:11:02   00 00 00 00 20 40 00 00 00 00 00 00 21 40 00 00 00 00 00 00 22 40 00 00 00 00 00 00 23 40 00 00 
R10:11:02   00 00 00 00 24 40 00 00 00 00 00 00 25 40 00 00 00 00 00 00 26 40 00 00 00 00 00 00 27 40 00 00 
R10:11:02   00 00 00 00 28 40 00 00 00 00 00 00 
R10:11:02   68 EA 6C 6A 62 07 0D 1C 14 00 3F 06 29 40 00 00 00 00 00 00 2A 40 00 00 00 00 00 00 2B 40 00 00 
R10:11:02   00 00 00 00 2C 40 00 00 00 00 00 00 2D 40 00 00 00 00 00 00 2E 40 00 00 00 00 00 00 2F 40 00 00 
R10:11:02   00 00 00 00 30 40 00 00 00 00 00 00 31 40 00 00 00 00 00 00 32 40 00 00 00 00 00 00 33 40 00 00 
R10:11:02   00 00 00 00 34 40 00 00 00 00 00 00 35 40 00 00 00 00 00 00 36 40 00 00 00 00 00 00 37 40 00 00 
R10:11:02   00 00 00 00 38 40 00 00 00 00 00 00 39 40 00 37 89 88 42 00 3A 40 00 CC CC 74 42 00 3B 40 00 DF 
R10:11:02   4F 81 42 00 3C 40 00 00 00 00 00 00 3D 40 00 C2 55 91 44 00 3E 40 00 5C 8F 3E C2 00 3F 40 00 77 
R10:11:02   BE 7F 3F 00 40 40 00 00 00 00 00 00 41 40 00 00 00 00 00 00 42 40 00 00 00 00 00 00 43 40 00 00 
R10:11:02   00 00 00 00 44 40 00 8E 97 95 42 00 
S10:11:02   68 04 01 00 6E 6A 
R10:11:03   68 3A 6E 6A 62 07 0D 06 14 00 3F 06 45 40 00 3E 0A 83 42 00 46 40 00 48 E1 8C 42 00 47 40 00 00 
R10:11:03   00 00 00 00 48 40 00 66 46 9D C4 00 49 40 00 48 E1 92 42 00 4A 40 00 EE 7C 7F BF 00 
R10:11:03   68 0E 70 6A 62 07 64 01 0A 00 3F 06 00 00 00 14 
S10:11:03   68 0E 62 07 72 6A 65 01 06 00 3F 06 00 00 00 05 
R10:11:04   68 0E 72 6A 64 07 65 01 07 00 3F 06 00 00 00 05 
R10:11:04   68 4A 74 6A 64 07 CE 08 25 00 3F 06 01 64 00 23 56 1C 49 00 02 64 00 66 66 03 44 00 03 64 00 67 
R10:11:04   66 FE 43 00 04 64 00 00 16 F5 47 00 05 64 00 00 00 AE 42 00 06 64 00 81 38 F5 47 00 07 64 00 66 
R10:11:04   66 86 41 00 08 64 00 00 00 8A 42 00 
R10:11:05   68 82 76 6A 64 07 CF 08 25 00 3F 06 09 64 00 FA 54 1C 49 00 00 00 00 0A AC 06 1A 0A 64 00 66 66 
R10:11:05   03 44 00 00 00 00 0A AC 06 1A 0B 64 00 67 66 FE 43 00 00 00 00 0A AC 06 1A 0C 64 00 B4 12 F5 47 
R10:11:05   00 00 00 00 0A AC 06 1A 0D 64 00 00 00 AE 42 00 00 00 00 0A AC 06 1A 0E 64 00 33 35 F5 47 00 00 
R10:11:05   00 00 0A AC 06 1A 0F 64 00 66 66 86 41 00 00 00 00 0A AC 06 1A 10 64 00 00 00 8A 42 00 00 00 00 
R10:11:05   0A AC 06 1A 
R10:11:05   68 82 78 6A 64 07 CF 08 25 00 3F 06 11 64 00 39 D0 1B 49 00 00 00 00 00 AC 06 1A 12 64 00 66 66 
R10:11:05   03 44 00 00 00 00 00 AC 06 1A 13 64 00 67 66 FE 43 00 00 00 00 00 AC 06 1A 14 64 00 66 55 F4 47 
R10:11:05   00 00 00 00 00 AC 06 1A 15 64 00 00 00 AE 42 00 00 00 00 00 AC 06 1A 16 64 00 E7 77 F4 47 00 00 
R10:11:05   00 00 00 AC 06 1A 17 64 00 66 66 86 41 00 00 00 00 00 AC 06 1A 18 64 00 00 00 8A 42 00 00 00 00 
R10:11:05   00 AC 06 1A 
S10:11:05   68 04 01 00 7A 6A 
R10:11:06   68 82 7A 6A 64 07 CF 08 25 00 3F 06 19 64 00 00 00 00 00 00 00 00 00 00 AC 06 1A 1A 64 00 00 00 
R10:11:06   00 00 00 00 00 00 00 AC 06 1A 1B 64 00 00 00 00 00 00 00 00 00 00 AC 06 1A 1C 64 00 00 00 00 00 
R10:11:06   00 00 00 00 00 AC 06 1A 1D 64 00 00 00 00 00 00 00 00 00 00 AC 06 1A 1E 64 00 00 00 00 00 00 00 
R10:11:06   00 00 00 AC 06 1A 1F 64 00 00 00 00 00 00 00 00 00 00 AC 06 1A 20 64 00 00 00 00 00 00 00 00 00 
R10:11:06   00 AC 06 1A 
R10:11:06   68 4A 7C 6A 64 07 CE 08 25 00 3F 06 21 64 00 CC CC 41 43 00 22 64 00 34 33 0B 43 00 23 64 00 66 
R10:11:06   66 AA 42 00 24 64 00 CD CC EE 42 00 25 64 00 CD CC C4 42 00 26 64 00 CC CC 29 43 00 27 64 00 FF 
R10:11:06   FF 57 42 00 28 64 00 99 99 49 42 00 
R10:11:07   68 82 7E 6A 64 07 CF 08 25 00 3F 06 29 64 00 CC CC 41 43 00 00 00 00 0A AC 06 1A 2A 64 00 34 33 
R10:11:07   0B 43 00 00 00 00 0A AC 06 1A 2B 64 00 66 66 AA 42 00 00 00 00 0A AC 06 1A 2C 64 00 CD CC EE 42 
R10:11:07   00 00 00 00 0A AC 06 1A 2D 64 00 CD CC C4 42 00 00 00 00 0A AC 06 1A 2E 64 00 CC CC 29 43 00 00 
R10:11:07   00 00 0A AC 06 1A 2F 64 00 FF FF 57 42 00 00 00 00 0A AC 06 1A 30 64 00 99 99 49 42 00 00 00 00 
R10:11:07   0A AC 06 1A 
R10:11:07   68 82 80 6A 64 07 CF 08 25 00 3F 06 31 64 00 CC CC 41 43 00 00 00 00 00 AC 06 1A 32 64 00 34 33 
R10:11:07   0B 43 00 00 00 00 00 AC 06 1A 33 64 00 66 66 AA 42 00 00 00 00 00 AC 06 1A 34 64 00 CD CC EE 42 
R10:11:07   00 00 00 00 00 AC 06 1A 35 64 00 CD CC C4 42 00 00 00 00 00 AC 06 1A 36 64 00 CC CC 29 43 00 00 
R10:11:07   00 00 00 AC 06 1A 37 64 00 FF FF 57 42 00 00 00 00 00 AC 06 1A 38 64 00 99 99 49 42 00 00 00 00 
R10:11:07   00 AC 06 1A 
S10:11:07   68 04 01 00 82 6A 
R10:11:08   68 82 82 6A 64 07 CF 08 25 00 3F 06 39 64 00 00 00 00 00 00 00 00 00 00 AC 06 1A 3A 64 00 00 00 
R10:11:08   00 00 00 00 00 00 00 AC 06 1A 3B 64 00 00 00 00 00 00 00 00 00 00 AC 06 1A 3C 64 00 00 00 00 00 
R10:11:08   00 00 00 00 00 AC 06 1A 3D 64 00 00 00 00 00 00 00 00 00 00 AC 06 1A 3E 64 00 00 00 00 00 00 00 
R10:11:08   00 00 00 AC 06 1A 3F 64 00 00 00 00 00 00 00 00 00 00 AC 06 1A 40 64 00 00 00 00 00 00 00 00 00 
R10:11:08   00 AC 06 1A 
R10:11:08   68 4A 84 6A 64 07 CE 08 25 00 3F 06 41 64 00 CC CC 5F 43 00 42 64 00 33 33 47 43 00 43 64 00 9A 
R10:11:08   99 22 43 00 44 64 00 CC CC 74 42 00 45 64 00 00 00 A8 42 00 46 64 00 00 00 F6 42 00 47 64 00 66 
R10:11:08   66 12 42 00 48 64 00 34 33 77 42 00 
R10:11:09   68 82 86 6A 64 07 CF 08 25 00 3F 06 49 64 00 CC CC 5F 43 00 00 00 00 0A AC 06 1A 4A 64 00 33 33 
R10:11:09   47 43 00 00 00 00 0A AC 06 1A 4B 64 00 9A 99 22 43 00 00 00 00 0A AC 06 1A 4C 64 00 CC CC 74 42 
R10:11:09   00 00 00 00 0A AC 06 1A 4D 64 00 00 00 A8 42 00 00 00 00 0A AC 06 1A 4E 64 00 00 00 F6 42 00 00 
R10:11:09   00 00 0A AC 06 1A 4F 64 00 66 66 12 42 00 00 00 00 0A AC 06 1A 50 64 00 34 33 77 42 00 00 00 00 
R10:11:09   0A AC 06 1A 
R10:11:09   68 82 88 6A 64 07 CF 08 25 00 3F 06 51 64 00 CC CC 5F 43 00 00 00 00 00 AC 06 1A 52 64 00 33 33 
R10:11:09   47 43 00 00 00 00 00 AC 06 1A 53 64 00 9A 99 22 43 00 00 00 00 00 AC 06 1A 54 64 00 CC CC 74 42 
R10:11:09   00 00 00 00 00 AC 06 1A 55 64 00 00 00 A8 42 00 00 00 00 00 AC 06 1A 56 64 00 00 00 F6 42 00 00 
R10:11:09   00 00 00 AC 06 1A 57 64 00 66 66 12 42 00 00 00 00 00 AC 06 1A 58 64 00 34 33 77 42 00 00 00 00 
R10:11:09   00 AC 06 1A 
S10:11:09   68 04 01 00 8A 6A 
R10:11:10   68 82 8A 6A 64 07 CF 08 25 00 3F 06 59 64 00 00 00 00 00 00 00 00 00 00 AC 06 1A 5A 64 00 00 00 
R10:11:10   00 00 00 00 00 00 00 AC 06 1A 5B 64 00 00 00 00 00 00 00 00 00 00 AC 06 1A 5C 64 00 00 00 00 00 
R10:11:10   00 00 00 00 00 AC 06 1A 5D 64 00 00 00 00 00 00 00 00 00 00 AC 06 1A 5E 64 00 00 00 00 00 00 00 
R10:11:10   00 00 00 AC 06 1A 5F 64 00 00 00 00 00 00 00 00 00 00 AC 06 1A 60 64 00 00 00 00 00 00 00 00 00 
R10:11:10   00 AC 06 1A 
R10:11:10   68 4A 8C 6A 64 07 CE 08 25 00 3F 06 61 64 00 26 E9 0B 48 00 62 64 00 66 66 18 43 00 63 64 00 99 
R10:11:10   99 C9 42 00 64 64 00 00 3C 70 46 00 65 64 00 34 33 8B 42 00 66 64 00 34 03 71 46 00 67 64 00 67 
R10:11:10   66 4E 42 00 68 64 00 33 33 47 42 00 
R10:11:10   68 82 8E 6A 64 07 CF 08 25 00 3F 06 69 64 00 CC E7 0B 48 00 00 00 00 0A AC 06 1A 6A 64 00 66 66 
R10:11:10   18 43 00 00 00 00 0A AC 06 1A 6B 64 00 99 99 C9 42 00 00 00 00 0A AC 06 1A 6C 64 00 99 39 70 46 
R10:11:10   00 00 00 00 0A AC 06 1A 6D 64 00 34 33 8B 42 00 00 00 00 0A AC 06 1A 6E 64 00 CC 00 71 46 00 00 
R10:11:10   00 00 0A AC 06 1A 6F 64 00 67 66 4E 42 00 00 00 00 0A AC 06 1A 70 64 00 33 33 47 42 00 00 00 00 
R10:11:10   0A AC 06 1A 
S10:11:10   68 04 01 00 90 6A 
R10:11:11   68 82 90 6A 64 07 CF 08 25 00 3F 06 71 64 00 8C 9A 0B 48 00 00 00 00 00 AC 06 1A 72 64 00 66 66 
R10:11:11   18 43 00 00 00 00 00 AC 06 1A 73 64 00 99 99 C9 42 00 00 00 00 00 AC 06 1A 74 64 00 00 A0 6F 46 
R10:11:11   00 00 00 00 00 AC 06 1A 75 64 00 34 33 8B 42 00 00 00 00 00 AC 06 1A 76 64 00 34 67 70 46 00 00 
R10:11:11   00 00 00 AC 06 1A 77 64 00 67 66 4E 42 00 00 00 00 00 AC 06 1A 78 64 00 33 33 47 42 00 00 00 00 
R10:11:11   00 AC 06 1A 
R10:11:11   68 82 92 6A 64 07 CF 08 25 00 3F 06 79 64 00 FF 44 DE 47 00 3A AE 25 0D F1 05 1A 7A 64 00 66 66 
R10:11:11   18 43 00 3A AE 25 0D F1 05 1A 7B 64 00 99 99 C9 42 00 3A AE 25 0D F1 05 1A 7C 64 00 67 46 50 46 
R10:11:11   00 3A AE 25 0D F1 05 1A 7D 64 00 34 33 8B 42 00 3A AE 25 0D F1 05 1A 7E 64 00 33 0B 51 46 00 3A 
R10:11:11   AE 25 0D F1 05 1A 7F 64 00 67 66 4E 42 00 3A AE 25 0D F1 05 1A 80 64 00 CD CC 44 42 00 3A AE 25 
R10:11:11   0D F1 05 1A 
R10:11:12   68 4A 94 6A 64 07 CE 08 25 00 3F 06 81 64 00 D9 DA 48 4A 00 82 64 00 CC 6C 38 46 00 83 64 00 9A 
R10:11:12   31 2A 46 00 84 64 00 81 BE F0 47 00 85 64 00 CC 4C 8A 43 00 86 64 00 CD F1 F0 47 00 87 64 00 34 
R10:11:12   B3 63 44 00 88 64 00 34 33 CD 42 00 
S10:11:12   68 04 01 00 96 6A 
R10:11:12   68 82 96 6A 64 07 CF 08 25 00 3F 06 89 64 00 AE D7 48 4A 00 00 00 00 0A AC 06 1A 8A 64 00 CC 6C 
R10:11:12   38 46 00 00 00 00 0A AC 06 1A 8B 64 00 9A 31 2A 46 00 00 00 00 0A AC 06 1A 8C 64 00 B4 B9 F0 47 
R10:11:12   00 00 00 00 0A AC 06 1A 8D 64 00 CC 4C 8A 43 00 00 00 00 0A AC 06 1A 8E 64 00 00 ED F0 47 00 00 
R10:11:12   00 00 0A AC 06 1A 8F 64 00 34 B3 63 44 00 00 00 00 0A AC 06 1A 90 64 00 34 33 CD 42 00 00 00 00 
R10:11:12   0A AC 06 1A 
R10:11:13   68 82 98 6A 64 07 CF 08 25 00 3F 06 91 64 00 AE 6C 48 4A 00 00 00 00 00 AC 06 1A 92 64 00 CC 6C 
R10:11:13   38 46 00 00 00 00 00 AC 06 1A 93 64 00 9A 31 2A 46 00 00 00 00 00 AC 06 1A 94 64 00 B3 3E F0 47 
R10:11:13   00 00 00 00 00 AC 06 1A 95 64 00 CC 4C 8A 43 00 00 00 00 00 AC 06 1A 96 64 00 00 72 F0 47 00 00 
R10:11:13   00 00 00 AC 06 1A 97 64 00 34 B3 63 44 00 00 00 00 00 AC 06 1A 98 64 00 34 33 CD 42 00 00 00 00 
R10:11:13   00 AC 06 1A 
R10:11:13   68 82 9A 6A 64 07 CF 08 25 00 3F 06 99 64 00 2B C0 DB 49 00 BB 6F 25 0B 6F 04 1A 9A 64 00 00 00 
R10:11:13   99 44 00 BB 6F 25 0B 6F 04 1A 9B 64 00 9A 99 9C 43 00 BB 6F 25 0B 6F 04 1A 9C 64 00 CC 8A AC 47 
R10:11:13   00 BB 6F 25 0B 6F 04 1A 9D 64 00 66 66 89 43 00 BB 6F 25 0B 6F 04 1A 9E 64 00 19 BE AC 47 00 BB 
R10:11:13   6F 25 0B 6F 04 1A 9F 64 00 34 B3 63 44 00 BB 6F 25 0B 6F 04 1A A0 64 00 34 33 CD 42 00 BB 6F 25 
R10:11:13   0B 6F 04 1A 
S10:11:13   68 04 01 00 9C 6A 
R10:11:14   68 4A 9C 6A 64 07 CE 08 25 00 3F 06 A1 64 00 33 73 4C 44 00 A2 64 00 D9 26 6A 48 00 A3 64 00 98 
R10:11:14   99 CF 42 00 A4 64 00 66 26 AE 44 00 A5 64 00 23 CD 79 4A 00 A6 64 00 34 5B F9 45 00 A7 64 00 E8 
R10:11:14   0C 6A 48 00 A8 64 00 9A D1 CD 45 00 
R10:11:14   68 82 9E 6A 64 07 CF 08 25 00 3F 06 A9 64 00 33 73 4C 44 00 00 00 00 0A AC 06 1A AA 64 00 CC 22 
R10:11:14   6A 48 00 00 00 00 0A AC 06 1A AB 64 00 98 99 CF 42 00 00 00 00 0A AC 06 1A AC 64 00 66 26 AE 44 
R10:11:14   00 00 00 00 0A AC 06 1A AD 64 00 93 C9 79 4A 00 00 00 00 0A AC 06 1A AE 64 00 34 5B F9 45 00 00 
R10:11:14   00 00 0A AC 06 1A AF 64 00 D9 08 6A 48 00 00 00 00 0A AC 06 1A B0 64 00 9A D1 CD 45 00 00 00 00 
R10:11:14   0A AC 06 1A 
R10:11:14   68 82 A0 6A 64 07 CF 08 25 00 3F 06 B1 64 00 33 73 4C 44 00 00 00 00 00 AC 06 1A B2 64 00 27 8B 
R10:11:14   69 48 00 00 00 00 00 AC 06 1A B3 64 00 98 99 CF 42 00 00 00 00 00 AC 06 1A B4 64 00 66 26 AE 44 
R10:11:14   00 00 00 00 00 AC 06 1A B5 64 00 CB 37 79 4A 00 00 00 00 00 AC 06 1A B6 64 00 34 5B F9 45 00 00 
R10:11:14   00 00 00 AC 06 1A B7 64 00 34 71 69 48 00 00 00 00 00 AC 06 1A B8 64 00 9A D1 CD 45 00 00 00 00 
R10:11:14   00 AC 06 1A 
S10:11:15   68 04 01 00 A2 6A 
R10:11:15   68 82 A2 6A 64 07 CF 08 25 00 3F 06 B9 64 00 33 73 4C 44 00 7A 6D 25 0B 6F 04 1A BA 64 00 00 A3 
R10:11:15   1E 48 00 7A 6D 25 0B 6F 04 1A BB 64 00 98 99 CF 42 00 7A 6D 25 0B 6F 04 1A BC 64 00 66 26 AE 44 
R10:11:15   00 7A 6D 25 0B 6F 04 1A BD 64 00 7A F6 0A 4A 00 7A 6D 25 0B 6F 04 1A BE 64 00 CC 0C BB 44 00 7A 
R10:11:15   6D 25 0B 6F 04 1A BF 64 00 0D 89 1E 48 00 7A 6D 25 0B 6F 04 1A C0 64 00 67 66 CE 42 00 7A 6D 25 
R10:11:15   0B 6F 04 1A 
R10:11:15   68 0E A4 6A 64 07 65 01 0A 00 3F 06 00 00 00 05 
S10:11:15   68 14 64 07 A6 6A 67 01 06 00 3F 06 00 00 00 19 3D 0B 0A AC 06 1A 
R10:11:16   68 14 A6 6A 66 07 67 01 07 00 3F 06 00 00 00 19 3D 0B 0A AC 06 1A 
S10:11:26   68 04 01 00 A8 6A 
S10:11:42   68 04 43 00 00 00 
R10:11:42   68 04 83 00 00 00 
S10:11:58   68 04 43 00 00 00 
R10:11:58   68 04 83 00 00 00 
S10:12:14   68 04 43 00 00 00 
R10:12:14   68 04 83 00 00 00 
S10:12:30   68 04 43 00 00 00 
R10:12:30   68 04 83 00 00 00 
S10:12:46   68 04 43 00 00 00 
R10:12:46   68 04 83 00 00 00 
S10:13:02   68 04 43 00 00 00 
R10:13:02   68 04 83 00 00 00 
S10:13:18   68 04 43 00 00 00 
R10:13:18   68 04 83 00 00 00 
S10:13:34   68 04 43 00 00 00 
R10:13:34   68 04 83 00 00 00 
S10:13:50   68 04 43 00 00 00 
R10:13:50   68 04 83 00 00 00 
S10:14:06   68 04 43 00 00 00 
R10:14:06   68 04 83 00 00 00 
S10:14:22   68 04 43 00 00 00 
R10:14:23   68 04 83 00 00 00 
S10:14:39   68 04 43 00 00 00 
R10:14:40   68 04 83 00 00 00 
S10:14:56   68 04 43 00 00 00 
R10:14:56   68 04 83 00 00 00 
S10:15:12   68 04 43 00 00 00 
R10:15:13   68 04 83 00 00 00 
S10:15:29   68 04 43 00 00 00 
S10:16:03   68 04 43 00 00 00 
R10:16:03   68 04 83 00 00 00 
S10:16:19   68 04 43 00 00 00 
R10:16:19   68 04 83 00 00 00 
S10:16:35   68 04 43 00 00 00 
R10:16:35   68 04 83 00 00 00 
S10:16:51   68 04 43 00 00 00 
R10:16:51   68 04 83 00 00 00 
S10:17:07   68 04 43 00 00 00 
R10:17:07   68 04 83 00 00 00 
S10:17:23   68 04 43 00 00 00 
R10:17:23   68 04 83 00 00 00 
S10:17:39   68 04 43 00 00 00 
R10:17:39   68 04 83 00 00 00 
S10:17:55   68 04 43 00 00 00 
R10:17:55   68 04 83 00 00 00 
S10:18:11   68 04 43 00 00 00 
R10:18:11   68 04 83 00 00 00 
S10:18:27   68 04 43 00 00 00 
R10:18:27   68 04 83 00 00 00 
S10:18:43   68 04 43 00 00 00 
R10:18:43   68 04 83 00 00 00 
S10:18:59   68 04 43 00 00 00 
R10:18:59   68 04 83 00 00 00 
S10:19:15   68 04 43 00 00 00 
R10:19:15   68 04 83 00 00 00 
R10:19:21   68 32 A8 6A 66 07 0D 05 03 00 3F 06 39 40 00 08 AC 99 42 00 3A 40 00 40 35 8C 42 00 3B 40 00 3B 
R10:19:21   DF 94 42 00 45 40 00 D5 78 92 42 00 46 40 00 E7 FB 9C 42 00 
S10:19:21   68 04 01 00 AA 6A 
R10:19:22   68 12 AA 6A 66 07 0D 01 03 00 3F 06 44 40 00 EB 51 A3 42 00 
S10:19:32   68 04 01 00 AC 6A 
S10:19:48   68 04 43 00 00 00 
R10:19:48   68 04 83 00 00 00 
S10:20:04   68 04 43 00 00 00 
R10:20:04   68 04 83 00 00 00 
S10:20:20   68 04 43 00 00 00 
R10:20:20   68 04 83 00 00 00 
S10:20:36   68 04 43 00 00 00 
R10:20:36   68 04 83 00 00 00 
S10:20:52   68 04 43 00 00 00 
R10:20:52   68 04 83 00 00 00 
S10:21:08   68 04 43 00 00 00 
R10:21:08   68 04 83 00 00 00 
S10:21:24   68 04 43 00 00 00 
R10:21:24   68 04 83 00 00 00 
S10:21:40   68 04 43 00 00 00 
R10:21:40   68 04 83 00 00 00 
S10:21:56   68 04 43 00 00 00 
R10:21:56   68 04 83 00 00 00 
S10:22:12   68 04 43 00 00 00 
R10:22:13   68 04 83 00 00 00 
S10:22:29   68 04 43 00 00 00 
R10:22:29   68 04 83 00 00 00 
S10:22:45   68 04 43 00 00 00 
R10:22:46   68 04 83 00 00 00 
S10:23:02   68 04 43 00 00 00 
R10:23:02   68 04 83 00 00 00 
S10:23:18   68 04 43 00 00 00 
R10:23:19   68 04 83 00 00 00 
S10:23:35   68 04 43 00 00 00 
R10:23:36   68 04 83 00 00 00 
S10:23:52   68 04 43 00 00 00 
R10:23:53   68 04 83 00 00 00 
S10:24:09   68 04 43 00 00 00 
R10:24:10   68 04 83 00 00 00 
S10:24:26   68 04 43 00 00 00 
R10:24:27   68 04 83 00 00 00 
R10:24:41   68 12 AC 6A 66 07 0D 01 03 00 3F 06 39 40 00 07 81 8D 42 00 
S10:24:41   68 04 01 00 AE 6A 
S10:24:57   68 04 43 00 00 00 
R10:24:58   68 04 83 00 00 00 
S10:25:14   68 04 43 00 00 00 
R10:25:15   68 04 83 00 00 00 
R10:25:20   68 12 AE 6A 66 07 0D 01 03 00 3F 06 44 40 00 EA 26 97 42 00 
S10:25:20   68 04 01 00 B0 6A 
S10:25:36   68 04 43 00 00 00 
R10:25:37   68 04 83 00 00 00 
R10:25:45   68 6A B0 6A 66 07 0D 0C 03 00 3F 06 39 40 00 B8 1E 6D 42 00 3A 40 00 E6 D0 46 42 00 3B 40 00 A4 
R10:25:45   70 35 42 00 3D 40 00 5C 8F 26 43 00 3E 40 00 00 00 5E 44 00 3F 40 00 7F 6A 3C 3E 00 44 40 00 0E 
R10:25:45   2D 6E 42 00 45 40 00 0A D7 43 42 00 46 40 00 7F 6A 38 42 00 48 40 00 52 B8 79 C3 00 49 40 00 AE 
R10:25:45   87 59 C4 00 4A 40 00 CD CC 8C BE 00 
S10:25:45   68 04 01 00 B2 6A 
R10:25:50   68 1A B2 6A 66 07 0D 02 03 00 3F 06 3F 40 00 3F 35 5E 3E 00 4A 40 00 F6 28 9C BE 00 
R10:25:54   68 1A B4 6A 66 07 0D 02 03 00 3F 06 3F 40 00 B4 C8 76 3E 00 4A 40 00 9E EF A7 BE 00 
S10:25:56   68 04 01 00 B6 6A 
S10:25:59   68 0E 66 07 B6 6A 64 01 06 00 3F 06 00 00 00 14 
R10:26:00   68 0E B6 6A 68 07 64 01 07 00 3F 06 00 00 00 14 
R10:26:00   68 E6 B8 6A 68 07 01 37 14 00 3F 06 01 00 00 00 02 00 00 00 03 00 00 00 04 00 00 00 05 00 00 00 
R10:26:00   06 00 00 00 07 00 00 01 08 00 00 00 09 00 00 00 0A 00 00 00 0B 00 00 00 0C 00 00 00 0D 00 00 00 
R10:26:00   0E 00 00 00 0F 00 00 00 10 00 00 00 11 00 00 00 12 00 00 00 13 00 00 00 14 00 00 00 15 00 00 00 
R10:26:00   16 00 00 00 17 00 00 00 18 00 00 00 19 00 00 00 1A 00 00 01 1B 00 00 01 1C 00 00 00 1D 00 00 01 
R10:26:00   1E 00 00 01 1F 00 00 01 20 00 00 00 21 00 00 00 22 00 00 00 23 00 00 00 24 00 00 00 25 00 00 00 
R10:26:00   26 00 00 00 27 00 00 00 28 00 00 00 29 00 00 01 2A 00 00 00 2B 00 00 00 2C 00 00 00 2D 00 00 00 
R10:26:00   2E 00 00 00 2F 00 00 00 30 00 00 00 31 00 00 00 32 00 00 00 33 00 00 00 34 00 00 00 35 00 00 00 
R10:26:00   36 00 00 00 37 00 00 00 
R10:26:01   68 D2 BA 6A 68 07 01 32 14 00 3F 06 38 00 00 00 39 00 00 00 3A 00 00 00 3B 00 00 01 3C 00 00 00 
R10:26:01   3D 00 00 00 3E 00 00 01 3F 00 00 01 40 00 00 00 41 00 00 00 42 00 00 01 43 00 00 00 44 00 00 00 
R10:26:01   45 00 00 00 46 00 00 00 47 00 00 00 48 00 00 00 49 00 00 00 4A 00 00 01 4B 00 00 00 4C 00 00 00 
R10:26:01   4D 00 00 00 4E 00 00 00 4F 00 00 00 50 00 00 00 51 00 00 00 52 00 00 00 53 00 00 00 54 00 00 00 
R10:26:01   55 00 00 00 56 00 00 00 57 00 00 00 58 00 00 00 59 00 00 00 5A 00 00 00 5B 00 00 00 5C 00 00 01 
R10:26:01   5D 00 00 00 5E 00 00 00 5F 00 00 01 60 00 00 01 61 00 00 00 62 00 00 00 63 00 00 01 64 00 00 00 
R10:26:01   65 00 00 00 66 00 00 00 67 00 00 00 68 00 00 00 69 00 00 00 
S10:26:01   68 04 01 00 BC 6A 
R10:26:01   68 E6 BC 6A 68 07 01 37 14 00 3F 06 69 00 00 00 6A 00 00 01 6B 00 00 00 6C 00 00 00 6D 00 00 00 
R10:26:01   6E 00 00 00 6F 00 00 00 70 00 00 00 71 00 00 00 72 00 00 00 73 00 00 00 74 00 00 00 75 00 00 00 
R10:26:01   76 00 00 00 77 00 00 00 78 00 00 00 79 00 00 00 7A 00 00 00 7B 00 00 00 7C 00 00 00 7D 00 00 01 
R10:26:01   7E 00 00 01 7F 00 00 00 80 00 00 01 81 00 00 01 82 00 00 01 83 00 00 00 84 00 00 00 85 00 00 00 
R10:26:01   86 00 00 00 87 00 00 00 88 00 00 00 89 00 00 00 8A 00 00 00 8B 00 00 01 8C 00 00 00 8D 00 00 00 
R10:26:01   8E 00 00 00 8F 00 00 00 90 00 00 00 91 00 00 00 92 00 00 00 93 00 00 00 94 00 00 00 95 00 00 00 
R10:26:01   96 00 00 00 97 00 00 00 98 00 00 00 99 00 00 00 9A 00 00 00 9B 00 00 00 9C 00 00 00 9D 00 00 00 
R10:26:01   9E 00 00 01 9F 00 00 00 
R10:26:02   68 A6 BE 6A 68 07 01 27 14 00 3F 06 A0 00 00 00 A1 00 00 01 A2 00 00 01 A3 00 00 01 A4 00 00 00 
R10:26:02   A5 00 00 00 A6 00 00 00 A7 00 00 00 A8 00 00 00 A9 00 00 00 AA 00 00 00 AB 00 00 00 AC 00 00 01 
R10:26:02   AD 00 00 00 AE 00 00 00 AF 00 00 00 B0 00 00 00 B1 00 00 00 B2 00 00 00 B3 00 00 00 B4 00 00 00 
R10:26:02   B5 00 00 00 B6 00 00 00 B7 00 00 00 B8 00 00 00 B9 00 00 00 BA 00 00 00 BB 00 00 00 BC 00 00 00 
R10:26:02   BD 00 00 00 BE 00 00 00 BF 00 00 01 C0 00 00 00 C1 00 00 00 C2 00 00 01 C3 00 00 01 C4 00 00 01 
R10:26:02   C5 00 00 00 C6 00 00 00 
R10:26:02   68 EA C0 6A 68 07 0D 1C 14 00 3F 06 01 40 00 00 00 62 43 00 02 40 00 48 E1 53 42 00 03 40 00 54 
R10:26:02   E3 25 41 00 04 40 00 00 00 00 00 00 05 40 00 66 66 26 41 00 06 40 00 00 00 00 00 00 07 40 00 85 
R10:26:02   EB 47 42 00 08 40 00 00 00 00 00 00 09 40 00 00 00 00 00 00 0A 40 00 00 00 00 00 00 0B 40 00 00 
R10:26:02   00 00 00 00 0C 40 00 00 00 00 00 00 0D 40 00 00 00 00 00 00 0E 40 00 00 00 00 00 00 0F 40 00 00 
R10:26:02   00 00 00 00 10 40 00 00 00 00 00 00 11 40 00 00 00 00 00 00 12 40 00 00 00 00 00 00 13 40 00 00 
R10:26:02   00 00 00 00 14 40 00 00 00 00 00 00 15 40 00 00 00 00 00 00 16 40 00 00 00 00 00 00 17 40 00 00 
R10:26:02   00 00 00 00 18 40 00 00 00 00 00 00 19 40 00 00 00 00 00 00 1A 40 00 00 00 00 00 00 1B 40 00 00 
R10:26:02   00 00 00 00 1C 40 00 00 00 00 00 00 
R10:26:02   68 6A C2 6A 68 07 0D 0C 14 00 3F 06 1D 40 00 00 00 00 00 00 1E 40 00 00 00 00 00 00 1F 40 00 00 
R10:26:02   00 00 00 00 20 40 00 00 00 00 00 00 21 40 00 00 00 00 00 00 22 40 00 00 00 00 00 00 23 40 00 00 
R10:26:02   00 00 00 00 24 40 00 00 00 00 00 00 25 40 00 00 00 00 00 00 26 40 00 00 00 00 00 00 27 40 00 00 
R10:26:02   00 00 00 00 28 40 00 00 00 00 00 00 
S10:26:02   68 04 01 00 C4 6A 
R10:26:03   68 EA C4 6A 68 07 0D 1C 14 00 3F 06 29 40 00 00 00 00 00 00 2A 40 00 00 00 00 00 00 2B 40 00 00 
R10:26:03   00 00 00 00 2C 40 00 00 00 00 00 00 2D 40 00 00 00 00 00 00 2E 40 00 00 00 00 00 00 2F 40 00 00 
R10:26:03   00 00 00 00 30 40 00 00 00 00 00 00 31 40 00 00 00 00 00 00 32 40 00 00 00 00 00 00 33 40 00 00 
R10:26:03   00 00 00 00 34 40 00 00 00 00 00 00 35 40 00 00 00 00 00 00 36 40 00 00 00 00 00 00 37 40 00 00 
R10:26:03   00 00 00 00 38 40 00 00 00 00 00 00 39 40 00 6F 12 9C 42 00 3A 40 00 A6 9B 94 42 00 3B 40 00 00 
R10:26:03   00 9F 42 00 3C 40 00 00 00 00 00 00 3D 40 00 15 6E AD 44 00 3E 40 00 48 E1 86 C2 00 3F 40 00 EE 
R10:26:03   7C 7F 3F 00 40 40 00 00 00 00 00 00 41 40 00 00 00 00 00 00 42 40 00 00 00 00 00 00 43 40 00 00 
R10:26:03   00 00 00 00 44 40 00 58 39 A6 42 00 
R10:26:03   68 3A C6 6A 68 07 0D 06 14 00 3F 06 45 40 00 A4 70 9D 42 00 46 40 00 11 58 A9 42 00 47 40 00 00 
R10:26:03   00 00 00 00 48 40 00 15 AE B8 C4 00 49 40 00 29 5C 9F 42 00 4A 40 00 EE 7C 7F BF 00 
R10:26:03   68 0E C8 6A 68 07 64 01 0A 00 3F 06 00 00 00 14 
S10:26:03   68 0E 68 07 CA 6A 65 01 06 00 3F 06 00 00 00 05 
R10:26:04   68 0E CA 6A 6A 07 65 01 07 00 3F 06 00 00 00 05 
R10:26:04   68 4A CC 6A 6A 07 CE 08 25 00 3F 06 01 64 00 BC 56 1C 49 00 02 64 00 66 66 03 44 00 03 64 00 67 
R10:26:04   66 FE 43 00 04 64 00 19 18 F5 47 00 05 64 00 00 00 AE 42 00 06 64 00 99 3A F5 47 00 07 64 00 66 
R10:26:04   66 86 41 00 08 64 00 00 00 8A 42 00 
R10:26:05   68 82 CE 6A 6A 07 CF 08 25 00 3F 06 09 64 00 5C 56 1C 49 00 00 00 0F 0A AC 06 1A 0A 64 00 66 66 
R10:26:05   03 44 00 00 00 0F 0A AC 06 1A 0B 64 00 67 66 FE 43 00 00 00 0F 0A AC 06 1A 0C 64 00 E7 16 F5 47 
R10:26:05   00 00 00 0F 0A AC 06 1A 0D 64 00 00 00 AE 42 00 00 00 0F 0A AC 06 1A 0E 64 00 67 39 F5 47 00 00 
R10:26:05   00 0F 0A AC 06 1A 0F 64 00 66 66 86 41 00 00 00 0F 0A AC 06 1A 10 64 00 00 00 8A 42 00 00 00 0F 
R10:26:05   0A AC 06 1A 
R10:26:05   68 82 D0 6A 6A 07 CF 08 25 00 3F 06 11 64 00 39 D0 1B 49 00 00 00 00 00 AC 06 1A 12 64 00 66 66 
R10:26:05   03 44 00 00 00 00 00 AC 06 1A 13 64 00 67 66 FE 43 00 00 00 00 00 AC 06 1A 14 64 00 66 55 F4 47 
R10:26:05   00 00 00 00 00 AC 06 1A 15 64 00 00 00 AE 42 00 00 00 00 00 AC 06 1A 16 64 00 E7 77 F4 47 00 00 
R10:26:05   00 00 00 AC 06 1A 17 64 00 66 66 86 41 00 00 00 00 00 AC 06 1A 18 64 00 00 00 8A 42 00 00 00 00 
R10:26:05   00 AC 06 1A 
S10:26:05   68 04 01 00 D2 6A 
R10:26:06   68 82 D2 6A 6A 07 CF 08 25 00 3F 06 19 64 00 00 00 00 00 00 00 00 00 00 AC 06 1A 1A 64 00 00 00 
R10:26:06   00 00 00 00 00 00 00 AC 06 1A 1B 64 00 00 00 00 00 00 00 00 00 00 AC 06 1A 1C 64 00 00 00 00 00 
R10:26:06   00 00 00 00 00 AC 06 1A 1D 64 00 00 00 00 00 00 00 00 00 00 AC 06 1A 1E 64 00 00 00 00 00 00 00 
R10:26:06   00 00 00 AC 06 1A 1F 64 00 00 00 00 00 00 00 00 00 00 AC 06 1A 20 64 00 00 00 00 00 00 00 00 00 
R10:26:06   00 AC 06 1A 
R10:26:06   68 4A D4 6A 6A 07 CE 08 25 00 3F 06 21 64 00 CC CC 41 43 00 22 64 00 34 33 0B 43 00 23 64 00 66 
R10:26:06   66 AA 42 00 24 64 00 CD CC EE 42 00 25 64 00 CD CC C4 42 00 26 64 00 CC CC 29 43 00 27 64 00 FF 
R10:26:06   FF 57 42 00 28 64 00 99 99 49 42 00 
R10:26:07   68 82 D6 6A 6A 07 CF 08 25 00 3F 06 29 64 00 CC CC 41 43 00 00 00 0F 0A AC 06 1A 2A 64 00 34 33 
R10:26:07   0B 43 00 00 00 0F 0A AC 06 1A 2B 64 00 66 66 AA 42 00 00 00 0F 0A AC 06 1A 2C 64 00 CD CC EE 42 
R10:26:07   00 00 00 0F 0A AC 06 1A 2D 64 00 CD CC C4 42 00 00 00 0F 0A AC 06 1A 2E 64 00 CC CC 29 43 00 00 
R10:26:07   00 0F 0A AC 06 1A 2F 64 00 FF FF 57 42 00 00 00 0F 0A AC 06 1A 30 64 00 99 99 49 42 00 00 00 0F 
R10:26:07   0A AC 06 1A 
R10:26:07   68 82 D8 6A 6A 07 CF 08 25 00 3F 06 31 64 00 CC CC 41 43 00 00 00 00 00 AC 06 1A 32 64 00 34 33 
R10:26:07   0B 43 00 00 00 00 00 AC 06 1A 33 64 00 66 66 AA 42 00 00 00 00 00 AC 06 1A 34 64 00 CD CC EE 42 
R10:26:07   00 00 00 00 00 AC 06 1A 35 64 00 CD CC C4 42 00 00 00 00 00 AC 06 1A 36 64 00 CC CC 29 43 00 00 
R10:26:07   00 00 00 AC 06 1A 37 64 00 FF FF 57 42 00 00 00 00 00 AC 06 1A 38 64 00 99 99 49 42 00 00 00 00 
R10:26:07   00 AC 06 1A 
S10:26:07   68 04 01 00 DA 6A 
R10:26:08   68 82 DA 6A 6A 07 CF 08 25 00 3F 06 39 64 00 00 00 00 00 00 00 00 00 00 AC 06 1A 3A 64 00 00 00 
R10:26:08   00 00 00 00 00 00 00 AC 06 1A 3B 64 00 00 00 00 00 00 00 00 00 00 AC 06 1A 3C 64 00 00 00 00 00 
R10:26:08   00 00 00 00 00 AC 06 1A 3D 64 00 00 00 00 00 00 00 00 00 00 AC 06 1A 3E 64 00 00 00 00 00 00 00 
R10:26:08   00 00 00 AC 06 1A 3F 64 00 00 00 00 00 00 00 00 00 00 AC 06 1A 40 64 00 00 00 00 00 00 00 00 00 
R10:26:08   00 AC 06 1A 
R10:26:08   68 4A DC 6A 6A 07 CE 08 25 00 3F 06 41 64 00 CC CC 5F 43 00 42 64 00 33 33 47 43 00 43 64 00 9A 
R10:26:08   99 22 43 00 44 64 00 CC CC 74 42 00 45 64 00 00 00 A8 42 00 46 64 00 00 00 F6 42 00 47 64 00 66 
R10:26:08   66 12 42 00 48 64 00 34 33 77 42 00 
R10:26:08   68 82 DE 6A 6A 07 CF 08 25 00 3F 06 49 64 00 CC CC 5F 43 00 00 00 0F 0A AC 06 1A 4A 64 00 33 33 
R10:26:08   47 43 00 00 00 0F 0A AC 06 1A 4B 64 00 9A 99 22 43 00 00 00 0F 0A AC 06 1A 4C 64 00 CC CC 74 42 
R10:26:08   00 00 00 0F 0A AC 06 1A 4D 64 00 00 00 A8 42 00 00 00 0F 0A AC 06 1A 4E 64 00 00 00 F6 42 00 00 
R10:26:08   00 0F 0A AC 06 1A 4F 64 00 66 66 12 42 00 00 00 0F 0A AC 06 1A 50 64 00 34 33 77 42 00 00 00 0F 
R10:26:08   0A AC 06 1A 
S10:26:08   68 04 01 00 E0 6A 
R10:26:09   68 82 E0 6A 6A 07 CF 08 25 00 3F 06 51 64 00 CC CC 5F 43 00 00 00 00 00 AC 06 1A 52 64 00 33 33 
R10:26:09   47 43 00 00 00 00 00 AC 06 1A 53 64 00 9A 99 22 43 00 00 00 00 00 AC 06 1A 54 64 00 CC CC 74 42 
R10:26:09   00 00 00 00 00 AC 06 1A 55 64 00 00 00 A8 42 00 00 00 00 00 AC 06 1A 56 64 00 00 00 F6 42 00 00 
R10:26:09   00 00 00 AC 06 1A 57 64 00 66 66 12 42 00 00 00 00 00 AC 06 1A 58 64 00 34 33 77 42 00 00 00 00 
R10:26:09   00 AC 06 1A 
R10:26:09   68 82 E2 6A 6A 07 CF 08 25 00 3F 06 59 64 00 00 00 00 00 00 00 00 00 00 AC 06 1A 5A 64 00 00 00 
R10:26:09   00 00 00 00 00 00 00 AC 06 1A 5B 64 00 00 00 00 00 00 00 00 00 00 AC 06 1A 5C 64 00 00 00 00 00 
R10:26:09   00 00 00 00 00 AC 06 1A 5D 64 00 00 00 00 00 00 00 00 00 00 AC 06 1A 5E 64 00 00 00 00 00 00 00 
R10:26:09   00 00 00 AC 06 1A 5F 64 00 00 00 00 00 00 00 00 00 00 AC 06 1A 60 64 00 00 00 00 00 00 00 00 00 
R10:26:09   00 AC 06 1A 
R10:26:10   68 4A E4 6A 6A 07 CE 08 25 00 3F 06 61 64 00 B4 EB 0B 48 00 62 64 00 66 66 18 43 00 63 64 00 99 
R10:26:10   99 C9 42 00 64 64 00 CD 40 70 46 00 65 64 00 34 33 8B 42 00 66 64 00 01 08 71 46 00 67 64 00 67 
R10:26:10   66 4E 42 00 68 64 00 33 33 47 42 00 
S10:26:10   68 04 01 00 E6 6A 
R10:26:10   68 82 E6 6A 6A 07 CF 08 25 00 3F 06 69 64 00 E6 E9 0B 48 00 00 00 0F 0A AC 06 1A 6A 64 00 66 66 
R10:26:10   18 43 00 00 00 0F 0A AC 06 1A 6B 64 00 99 99 C9 42 00 00 00 0F 0A AC 06 1A 6C 64 00 67 3E 70 46 
R10:26:10   00 00 00 0F 0A AC 06 1A 6D 64 00 34 33 8B 42 00 00 00 0F 0A AC 06 1A 6E 64 00 99 05 71 46 00 00 
R10:26:10   00 0F 0A AC 06 1A 6F 64 00 67 66 4E 42 00 00 00 0F 0A AC 06 1A 70 64 00 33 33 47 42 00 00 00 0F 
R10:26:10   0A AC 06 1A 
R10:26:11   68 82 E8 6A 6A 07 CF 08 25 00 3F 06 71 64 00 8C 9A 0B 48 00 00 00 00 00 AC 06 1A 72 64 00 66 66 
R10:26:11   18 43 00 00 00 00 00 AC 06 1A 73 64 00 99 99 C9 42 00 00 00 00 00 AC 06 1A 74 64 00 00 A0 6F 46 
R10:26:11   00 00 00 00 00 AC 06 1A 75 64 00 34 33 8B 42 00 00 00 00 00 AC 06 1A 76 64 00 34 67 70 46 00 00 
R10:26:11   00 00 00 AC 06 1A 77 64 00 67 66 4E 42 00 00 00 00 00 AC 06 1A 78 64 00 33 33 47 42 00 00 00 00 
R10:26:11   00 AC 06 1A 
R10:26:11   68 82 EA 6A 6A 07 CF 08 25 00 3F 06 79 64 00 FF 44 DE 47 00 3A AE 25 0D F1 05 1A 7A 64 00 66 66 
R10:26:11   18 43 00 3A AE 25 0D F1 05 1A 7B 64 00 99 99 C9 42 00 3A AE 25 0D F1 05 1A 7C 64 00 67 46 50 46 
R10:26:11   00 3A AE 25 0D F1 05 1A 7D 64 00 34 33 8B 42 00 3A AE 25 0D F1 05 1A 7E 64 00 33 0B 51 46 00 3A 
R10:26:11   AE 25 0D F1 05 1A 7F 64 00 67 66 4E 42 00 3A AE 25 0D F1 05 1A 80 64 00 CD CC 44 42 00 3A AE 25 
R10:26:11   0D F1 05 1A 
S10:26:11   68 04 01 00 EC 6A 
R10:26:12   68 4A EC 6A 6A 07 CE 08 25 00 3F 06 81 64 00 93 DF 48 4A 00 82 64 00 33 7B 38 46 00 83 64 00 00 
R10:26:12   40 2A 46 00 84 64 00 34 C4 F0 47 00 85 64 00 CC 4C 8A 43 00 86 64 00 80 F7 F0 47 00 87 64 00 34 
R10:26:12   B3 63 44 00 88 64 00 34 33 CD 42 00 
R10:26:12   68 82 EE 6A 6A 07 CF 08 25 00 3F 06 89 64 00 16 DC 48 4A 00 00 00 0F 0A AC 06 1A 8A 64 00 CC 6C 
R10:26:12   38 46 00 00 00 0F 0A AC 06 1A 8B 64 00 9A 31 2A 46 00 00 00 0F 0A AC 06 1A 8C 64 00 4D C0 F0 47 
R10:26:12   00 00 00 0F 0A AC 06 1A 8D 64 00 CC 4C 8A 43 00 00 00 0F 0A AC 06 1A 8E 64 00 99 F3 F0 47 00 00 
R10:26:12   00 0F 0A AC 06 1A 8F 64 00 34 B3 63 44 00 00 00 0F 0A AC 06 1A 90 64 00 34 33 CD 42 00 00 00 0F 
R10:26:12   0A AC 06 1A 
R10:26:13   68 82 F0 6A 6A 07 CF 08 25 00 3F 06 91 64 00 AE 6C 48 4A 00 00 00 00 00 AC 06 1A 92 64 00 CC 6C 
R10:26:13   38 46 00 00 00 00 00 AC 06 1A 93 64 00 9A 31 2A 46 00 00 00 00 00 AC 06 1A 94 64 00 B3 3E F0 47 
R10:26:13   00 00 00 00 00 AC 06 1A 95 64 00 CC 4C 8A 43 00 00 00 00 00 AC 06 1A 96 64 00 00 72 F0 47 00 00 
R10:26:13   00 00 00 AC 06 1A 97 64 00 34 B3 63 44 00 00 00 00 00 AC 06 1A 98 64 00 34 33 CD 42 00 00 00 00 
R10:26:13   00 AC 06 1A 
R10:26:13   68 82 F2 6A 6A 07 CF 08 25 00 3F 06 99 64 00 2B C0 DB 49 00 BB 6F 25 0B 6F 04 1A 9A 64 00 00 00 
R10:26:13   99 44 00 BB 6F 25 0B 6F 04 1A 9B 64 00 9A 99 9C 43 00 BB 6F 25 0B 6F 04 1A 9C 64 00 CC 8A AC 47 
R10:26:13   00 BB 6F 25 0B 6F 04 1A 9D 64 00 66 66 89 43 00 BB 6F 25 0B 6F 04 1A 9E 64 00 19 BE AC 47 00 BB 
R10:26:13   6F 25 0B 6F 04 1A 9F 64 00 34 B3 63 44 00 BB 6F 25 0B 6F 04 1A A0 64 00 34 33 CD 42 00 BB 6F 25 
R10:26:13   0B 6F 04 1A 
S10:26:13   68 04 01 00 F4 6A 
R10:26:14   68 4A F4 6A 6A 07 CE 08 25 00 3F 06 A1 64 00 33 73 4C 44 00 A2 64 00 C0 2A 6A 48 00 A3 64 00 98 
R10:26:14   99 CF 42 00 A4 64 00 66 26 AE 44 00 A5 64 00 2F D2 79 4A 00 A6 64 00 00 78 F9 45 00 A7 64 00 CD 
R10:26:14   10 6A 48 00 A8 64 00 68 EE CD 45 00 
R10:26:14   68 82 F6 6A 6A 07 CF 08 25 00 3F 06 A9 64 00 33 73 4C 44 00 00 00 0F 0A AC 06 1A AA 64 00 0D 28 
R10:26:14   6A 48 00 00 00 0F 0A AC 06 1A AB 64 00 98 99 CF 42 00 00 00 0F 0A AC 06 1A AC 64 00 66 26 AE 44 
R10:26:14   00 00 00 0F 0A AC 06 1A AD 64 00 79 CE 79 4A 00 00 00 0F 0A AC 06 1A AE 64 00 34 5B F9 45 00 00 
R10:26:14   00 0F 0A AC 06 1A AF 64 00 1A 0E 6A 48 00 00 00 0F 0A AC 06 1A B0 64 00 9A D1 CD 45 00 00 00 0F 
R10:26:14   0A AC 06 1A 
R10:26:15   68 82 F8 6A 6A 07 CF 08 25 00 3F 06 B1 64 00 33 73 4C 44 00 00 00 00 00 AC 06 1A B2 64 00 27 8B 
R10:26:15   69 48 00 00 00 00 00 AC 06 1A B3 64 00 98 99 CF 42 00 00 00 00 00 AC 06 1A B4 64 00 66 26 AE 44 
R10:26:15   00 00 00 00 00 AC 06 1A B5 64 00 CB 37 79 4A 00 00 00 00 00 AC 06 1A B6 64 00 34 5B F9 45 00 00 
R10:26:15   00 00 00 AC 06 1A B7 64 00 34 71 69 48 00 00 00 00 00 AC 06 1A B8 64 00 9A D1 CD 45 00 00 00 00 
R10:26:15   00 AC 06 1A 
S10:26:15   68 04 01 00 FA 6A 
R10:26:15   68 82 FA 6A 6A 07 CF 08 25 00 3F 06 B9 64 00 33 73 4C 44 00 7A 6D 25 0B 6F 04 1A BA 64 00 00 A3 
R10:26:15   1E 48 00 7A 6D 25 0B 6F 04 1A BB 64 00 98 99 CF 42 00 7A 6D 25 0B 6F 04 1A BC 64 00 66 26 AE 44 
R10:26:15   00 7A 6D 25 0B 6F 04 1A BD 64 00 7A F6 0A 4A 00 7A 6D 25 0B 6F 04 1A BE 64 00 CC 0C BB 44 00 7A 
R10:26:15   6D 25 0B 6F 04 1A BF 64 00 0D 89 1E 48 00 7A 6D 25 0B 6F 04 1A C0 64 00 67 66 CE 42 00 7A 6D 25 
R10:26:15   0B 6F 04 1A 
R10:26:16   68 0E FC 6A 6A 07 65 01 0A 00 3F 06 00 00 00 05 
S10:26:16   68 14 6A 07 FE 6A 67 01 06 00 3F 06 00 00 00 B4 3F 1A 0A AC 06 1A 
R10:26:17   68 14 FE 6A 6C 07 67 01 07 00 3F 06 00 00 00 B4 3F 1A 0A AC 06 1A 
R10:26:20   68 6A 00 6B 6C 07 0D 0C 03 00 3F 06 39 40 00 27 31 64 42 00 3A 40 00 E6 D0 46 42 00 3B 40 00 6C 
R10:26:20   E7 45 42 00 3D 40 00 34 33 7A 43 00 3E 40 00 85 AB 5A 44 00 3F 40 00 CD CC 8C 3E 00 44 40 00 DB 
R10:26:20   F9 66 42 00 45 40 00 BE 9F 46 42 00 46 40 00 4C 37 49 42 00 48 40 00 1F 85 A7 C3 00 49 40 00 34 
R10:26:20   33 56 C4 00 4A 40 00 35 5E BA BE 00 
S10:26:26   68 04 01 00 02 6B 
R10:26:30   68 1A 02 6B 6C 07 0D 02 03 00 3F 06 3F 40 00 2F DD A4 3E 00 4A 40 00 73 68 D1 BE 00 
R10:26:36   68 12 04 6B 6C 07 0D 01 03 00 3F 06 3F 40 00 E9 26 B1 3E 00 
S10:26:37   68 04 01 00 06 6B 
R10:26:42   68 1A 06 6B 6C 07 0D 02 03 00 3F 06 3B 40 00 33 33 9A 42 00 46 40 00 43 8B A4 42 00 
R10:26:42   68 22 08 6B 6C 07 0D 03 03 00 3F 06 48 40 00 34 D3 B4 C4 00 49 40 00 D7 A3 9E 42 00 4A 40 00 EE 
R10:26:42   7C 7F BF 00 
R10:26:43   68 42 0A 6B 6C 07 0D 07 03 00 3F 06 39 40 00 9C C4 96 42 00 3A 40 00 40 35 92 42 00 3D 40 00 71 
R10:26:43   FD A8 44 00 3E 40 00 00 00 8A C2 00 3F 40 00 EE 7C 7F 3F 00 44 40 00 90 C2 A1 42 00 45 40 00 71 
R10:26:43   3D 9C 42 00 
S10:26:43   68 04 01 00 0C 6B 
S10:26:59   68 04 43 00 00 00 
R10:26:59   68 04 83 00 00 00 
R10:27:04   68 6A 0C 6B 6C 07 0D 0C 03 00 3F 06 39 40 00 33 33 71 42 00 3A 40 00 A1 45 56 42 00 3B 40 00 31 
R10:27:04   08 32 42 00 3D 40 00 00 00 99 43 00 3E 40 00 B8 DE 58 44 00 3F 40 00 E7 FB A9 3E 00 44 40 00 9C 
R10:27:04   C4 76 42 00 45 40 00 31 08 56 42 00 46 40 00 29 5C 37 42 00 48 40 00 5C 0F C6 C3 00 49 40 00 CC 
R10:27:04   4C 55 C4 00 4A 40 00 50 8D D7 BE 00 
S10:27:04   68 04 01 00 0E 6B 
R10:27:05   68 1A 0E 6B 6C 07 0D 02 03 00 3F 06 3F 40 00 14 AE 87 3E 00 4A 40 00 EC 51 B8 BE 00 
R10:27:07   68 1A 10 6B 6C 07 0D 02 03 00 3F 06 3F 40 00 1F 85 6B 3E 00 4A 40 00 79 E9 A6 BE 00 
R10:27:14   68 1A 12 6B 6C 07 0D 02 03 00 3F 06 3F 40 00 2B 87 96 3E 00 4A 40 00 DD 24 C6 BE 00 
S10:27:14   68 04 01 00 14 6B 
R10:27:19   68 1A 14 6B 6C 07 0D 02 03 00 3F 06 3B 40 00 58 39 50 42 00 46 40 00 F2 D2 53 42 00 
R10:27:22   68 12 16 6B 6C 07 0D 01 03 00 3F 06 3F 40 00 42 60 A5 3E 00 
S10:27:25   68 04 01 00 18 6B 
R10:27:25   68 12 18 6B 6C 07 0D 01 03 00 3F 06 3F 40 00 3B DF 8F 3E 00 
R10:27:25   68 12 1A 6B 6C 07 0D 01 03 00 3F 06 44 40 00 90 C2 5D 42 00 
R10:27:26   68 1A 1C 6B 6C 07 0D 02 03 00 3F 06 3F 40 00 00 00 80 3F 00 44 40 00 CF 77 1C 43 00 
S10:27:26   68 04 01 00 1E 6B 
R10:27:27   68 2A 1E 6B 6C 07 0D 04 03 00 3F 06 45 40 00 B8 9E 1A 43 00 46 40 00 5C 0F 1C 43 00 48 40 00 0A 
R10:27:27   07 2F C5 00 4A 40 00 00 00 80 BF 00 
R10:27:28   68 2A 20 6B 6C 07 0D 04 03 00 3F 06 39 40 00 87 96 16 43 00 3A 40 00 83 40 16 43 00 3B 40 00 6C 
R10:27:28   E7 15 43 00 3D 40 00 7B B4 28 45 00 
S10:27:37   68 04 01 00 22 6B 
R10:27:48   68 5A 22 6B 6C 07 0D 0A 03 00 3F 06 39 40 00 89 41 5A 42 00 3A 40 00 A2 45 3E 42 00 3B 40 00 36 
R10:27:48   5E 4A 42 00 3D 40 00 34 B3 86 43 00 3F 40 00 9A 99 99 3E 00 44 40 00 3A B4 5C 42 00 45 40 00 90 
R10:27:48   C2 3F 42 00 46 40 00 1C 5A 4E 42 00 48 40 00 48 61 B2 C3 00 4A 40 00 27 31 C8 BE 00 
S10:27:48   68 04 01 00 24 6B 
R10:28:00   68 1A 24 6B 6C 07 0D 02 03 00 3F 06 3F 40 00 2F DD A4 3E 00 4A 40 00 CF F7 D3 BE 00 
S10:28:00   68 04 01 00 26 6B 
R10:28:08   68 12 26 6B 6C 07 0D 01 03 00 3F 06 3F 40 00 00 00 80 3F 00 
R10:28:08   68 32 28 6B 6C 07 0D 05 03 00 3F 06 44 40 00 D3 CD 1C 43 00 45 40 00 1E 05 1A 43 00 46 40 00 92 
R10:28:08   6D 1D 43 00 48 40 00 15 AE 2F C5 00 4A 40 00 77 BE 7F BF 00 
R10:28:10   68 2A 2A 6B 6C 07 0D 04 03 00 3F 06 39 40 00 06 81 16 43 00 3A 40 00 4E E2 14 43 00 3B 40 00 CD 
R10:28:10   CC 17 43 00 3D 40 00 5C FF 28 45 00 
S10:28:10   68 04 01 00 2C 6B 
S10:28:26   68 04 43 00 00 00 
R10:28:26   68 04 83 00 00 00 
R10:28:28   68 5A 2C 6B 6C 07 0D 0A 03 00 3F 06 39 40 00 00 00 5E 42 00 3A 40 00 D9 CE 45 42 00 3B 40 00 70 
R10:28:28   3D 46 42 00 3D 40 00 C2 F5 90 43 00 3F 40 00 1D 5A A4 3E 00 44 40 00 06 81 61 42 00 45 40 00 C2 
R10:28:28   F5 46 42 00 46 40 00 B2 9D 4B 42 00 48 40 00 48 E1 BC C3 00 4A 40 00 98 6E D2 BE 00 
S10:28:28   68 04 01 00 2E 6B 
R10:28:32   68 1A 2E 6B 6C 07 0D 02 03 00 3F 06 3F 40 00 4E 62 90 3E 00 4A 40 00 00 00 C0 BE 00 
S10:28:39   68 04 01 00 30 6B 
R10:28:44   68 1A 30 6B 6C 07 0D 02 03 00 3F 06 3F 40 00 8F C2 75 3E 00 4A 40 00 1F 85 AB BE 00 
R10:28:47   68 3A 32 6B 6C 07 0D 06 03 00 3F 06 3B 40 00 8B 6C 63 42 00 3E 40 00 67 66 42 C2 00 3F 40 00 EE 
R10:28:47   7C 7F 3F 00 46 40 00 FE D4 78 42 00 49 40 00 85 EB 71 42 00 4A 40 00 EE 7C 7F BF 00 
S10:28:50   68 04 01 00 34 6B 
R10:28:50   68 12 34 6B 6C 07 0D 01 03 00 3F 06 45 40 00 2D B2 61 42 00 
S10:29:01   68 04 01 00 36 6B 
R10:29:05   68 32 36 6B 6C 07 0D 05 03 00 3F 06 39 40 00 52 B8 3A 42 00 3F 40 00 A4 70 BD 3E 00 44 40 00 A0 
R10:29:05   1A 3B 42 00 45 40 00 FE D4 42 42 00 4A 40 00 8B 6C E7 BE 00 
R10:29:09   68 22 38 6B 6C 07 0D 03 03 00 3F 06 3B 40 00 71 3D 84 42 00 3E 40 00 CC 8C 60 44 00 49 40 00 F6 
R10:29:09   28 5D C4 00 
R10:29:10   68 12 3A 6B 6C 07 0D 01 03 00 3F 06 3F 40 00 A8 C6 CB 3E 00 
S10:29:10   68 04 01 00 3C 6B 
R10:29:12   68 12 3C 6B 6C 07 0D 01 03 00 3F 06 4A 40 00 46 B6 F3 BE 00 
R10:29:18   68 1A 3E 6B 6C 07 0D 02 03 00 3F 06 3F 40 00 5A 64 BB 3E 00 4A 40 00 54 E3 E5 BE 00 
S10:29:21   68 04 01 00 40 6B 
R10:29:21   68 12 40 6B 6C 07 0D 01 03 00 3F 06 3F 40 00 56 0E AD 3E 00 
R10:29:21   68 12 42 6B 6C 07 0D 01 03 00 3F 06 4A 40 00 2B 87 D6 BE 00 
R10:29:24   68 1A 44 6B 6C 07 0D 02 03 00 3F 06 3F 40 00 4E 62 90 3E 00 4A 40 00 DB F9 BE BE 00 
S10:29:24   68 04 01 00 46 6B 
R10:29:25   68 12 46 6B 6C 07 0D 01 03 00 3F 06 3B 40 00 58 39 68 42 00 
R10:29:30   68 12 48 6B 6C 07 0D 01 03 00 3F 06 46 40 00 B2 9D 57 42 00 
R10:29:32   68 12 4A 6B 6C 07 0D 01 03 00 3F 06 4A 40 00 46 B6 F3 BE 00 
S10:29:32   68 04 01 00 4C 6B 
R10:29:33   68 22 4C 6B 6C 07 0D 03 03 00 3F 06 3F 40 00 9A 99 D9 3E 00 44 40 00 60 E5 62 42 00 4A 40 00 25 
R10:29:33   06 01 BF 00 
R10:29:33   68 2A 4E 6B 6C 07 0D 04 03 00 3F 06 39 40 00 62 10 60 42 00 3B 40 00 F6 28 42 42 00 3F 40 00 E7 
R10:29:33   FB E9 3E 00 4A 40 00 27 31 08 BF 00 
R10:29:35   68 12 50 6B 6C 07 0D 01 03 00 3F 06 45 40 00 58 39 5C 42 00 
S10:29:35   68 04 01 00 52 6B 
R10:29:38   68 12 52 6B 6C 07 0D 01 03 00 3F 06 3F 40 00 58 39 F4 3E 00 
R10:29:45   68 3A 54 6B 6C 07 0D 06 03 00 3F 06 3B 40 00 BF 9F 5E 42 00 3E 40 00 B8 1E 49 C2 00 3F 40 00 EE 
R10:29:45   7C 7F 3F 00 46 40 00 CC A1 71 42 00 49 40 00 1F 85 89 42 00 4A 40 00 64 3B 7F BF 00 
S10:29:46   68 04 01 00 56 6B 
S10:30:02   68 04 43 00 00 00 
R10:30:02   68 04 83 00 00 00 
S10:30:18   68 04 43 00 00 00 
R10:30:18   68 04 83 00 00 00 
S10:30:34   68 04 43 00 00 00 
R10:30:34   68 04 83 00 00 00 
S10:30:50   68 04 43 00 00 00 
R10:30:50   68 04 83 00 00 00 
R10:30:57   68 2A 56 6B 6C 07 0D 04 03 00 3F 06 3B 40 00 D3 4D 30 42 00 3F 40 00 3B DF CF 3E 00 46 40 00 C3 
R10:30:57   F5 34 42 00 4A 40 00 C5 20 F0 BE 00 
S10:30:57   68 04 01 00 58 6B 
R10:31:02   68 12 58 6B 6C 07 0D 01 03 00 3F 06 4A 40 00 2D B2 DD BE 00 
R10:31:03   68 12 5A 6B 6C 07 0D 01 03 00 3F 06 3F 40 00 6F 12 C3 3E 00 
S10:31:08   68 04 01 00 5C 6B 
R10:31:10   68 12 5C 6B 6C 07 0D 01 03 00 3F 06 49 40 00 67 E6 4F C4 00 
S10:31:19   68 04 01 00 5E 6B 
R10:31:19   68 1A 5E 6B 6C 07 0D 02 03 00 3F 06 3F 40 00 2D B2 DD 3E 00 4A 40 00 B6 F3 FD BE 00 
R10:31:21   68 1A 60 6B 6C 07 0D 02 03 00 3F 06 3F 40 00 EE 7C 7F 3F 00 4A 40 00 64 3B 7F BF 00 
R10:31:23   68 2A 62 6B 6C 07 0D 04 03 00 3F 06 39 40 00 46 B6 45 42 00 3A 40 00 D1 22 2D 42 00 45 40 00 CF 
R10:31:23   F7 3B 42 00 46 40 00 EA 26 53 42 00 
S10:31:23   68 04 01 00 64 6B 
S10:31:39   68 04 43 00 00 00 
R10:31:39   68 04 83 00 00 00 
S10:31:55   68 04 43 00 00 00 
R10:31:55   68 04 83 00 00 00 
R10:32:09   68 2A 64 6B 6C 07 0D 04 03 00 3F 06 3B 40 00 CF F7 53 42 00 3E 40 00 1E 45 58 44 00 3F 40 00 2F 
R10:32:09   DD A4 3E 00 4A 40 00 50 8D D7 BE 00 
S10:32:10   68 04 01 00 66 6B 
R10:32:12   68 12 66 6B 6C 07 0D 01 03 00 3F 06 39 40 00 52 B8 5E 42 00 
R10:32:15   68 32 68 6B 6C 07 0D 05 03 00 3F 06 0D 40 00 78 E9 16 41 00 0E 40 00 41 60 15 41 00 0F 40 00 99 
R10:32:15   99 19 41 00 13 40 00 1B 2F 7D 3F 00 4A 40 00 89 41 00 BF 00 
R10:32:18   68 12 6A 6B 6C 07 0D 01 03 00 3F 06 3F 40 00 6D E7 7B 3E 00 
S10:32:18   68 04 01 00 6C 6B 
R10:32:19   68 1A 6C 6B 6C 07 0D 02 03 00 3F 06 3F 40 00 D3 4D 62 3E 00 4A 40 00 2D B2 DD BE 00 
R10:32:21   68 1A 6E 6B 6C 07 0D 02 03 00 3F 06 3F 40 00 81 95 43 3E 00 4A 40 00 04 56 CE BE 00 
R10:32:26   68 12 70 6B 6C 07 0D 01 03 00 3F 06 3A 40 00 DE 24 46 42 00 
S10:32:26   68 04 01 00 72 6B 
R10:32:28   68 12 72 6B 6C 07 0D 01 03 00 3F 06 44 40 00 65 3B 7B 42 00 
R10:32:32   68 3A 74 6B 6C 07 0D 06 03 00 3F 06 39 40 00 16 D9 3E 42 00 3A 40 00 AA F1 26 42 00 3F 40 00 EE 
R10:32:32   7C 7F 3F 00 45 40 00 29 5C 55 42 00 46 40 00 AE 47 6F 42 00 4A 40 00 EE 7C 7F BF 00 
R10:32:32   68 12 76 6B 6C 07 0D 01 03 00 3F 06 3E 40 00 AE 47 21 C2 00 
S10:32:32   68 04 01 00 78 6B 
S10:32:48   68 04 43 00 00 00 
R10:32:48   68 04 83 00 00 00 
R10:32:53   68 42 78 6B 6C 07 0D 07 03 00 3F 06 39 40 00 04 56 6A 42 00 3A 40 00 44 8B 48 42 00 3B 40 00 68 
R10:32:53   91 39 42 00 3E 40 00 14 AE 5C 44 00 3F 40 00 D3 4D 62 3E 00 46 40 00 48 E1 48 42 00 4A 40 00 2D 
R10:32:53   B2 DD BE 00 
S10:32:53   68 04 01 00 7A 6B 
R10:33:07   68 1A 7A 6B 6C 07 0D 02 03 00 3F 06 3F 40 00 93 18 84 3E 00 4A 40 00 C5 20 F0 BE 00 
S10:33:07   68 04 01 00 7C 6B 
R10:33:12   68 12 7C 6B 6C 07 0D 01 03 00 3F 06 45 40 00 C2 F5 3A 42 00 
R10:33:16   68 1A 7E 6B 6C 07 0D 02 03 00 3F 06 3F 40 00 85 EB 91 3E 00 4A 40 00 DB F9 FE BE 00 
S10:33:18   68 04 01 00 80 6B 
R10:33:18   68 52 80 6B 6C 07 0D 09 03 00 3F 06 39 40 00 F1 D2 F1 41 00 3A 40 00 EE 7C C7 41 00 3B 40 00 1E 
R10:33:18   5A F8 41 00 3E 40 00 A4 70 CD C1 00 3F 40 00 EE 7C 7F 3F 00 44 40 00 CA A1 29 42 00 45 40 00 0E 
R10:33:18   2D 14 42 00 46 40 00 7B 14 2C 42 00 4A 40 00 64 3B 7F BF 00 
S10:33:29   68 04 01 00 82 6B 
S10:33:45   68 04 43 00 00 00 
R10:33:46   68 04 83 00 00 00 
R10:33:52   68 4A 82 6B 6C 07 0D 08 03 00 3F 06 39 40 00 8D 97 5A 42 00 3A 40 00 D9 CE 45 42 00 3B 40 00 FA 
R10:33:52   7E 42 42 00 3F 40 00 46 B6 B3 3E 00 44 40 00 8F C2 69 42 00 45 40 00 64 3B 51 42 00 46 40 00 EE 
R10:33:52   7C 53 42 00 4A 40 00 C3 F5 08 BF 00 
S10:33:52   68 04 01 00 84 6B 
R10:33:52   68 1A 84 6B 6C 07 0D 02 03 00 3F 06 3F 40 00 F6 28 9C 3E 00 4A 40 00 DB F9 FE BE 00 
R10:33:54   68 1A 86 6B 6C 07 0D 02 03 00 3F 06 3F 40 00 04 56 8E 3E 00 4A 40 00 58 39 F4 BE 00 
R10:33:58   68 12 88 6B 6C 07 0D 01 03 00 3F 06 3F 40 00 C1 CA A1 3E 00 
S10:33:58   68 04 01 00 8A 6B 
R10:33:59   68 12 8A 6B 6C 07 0D 01 03 00 3F 06 4A 40 00 6F 12 03 BF 00 
R10:34:04   68 1A 8C 6B 6C 07 0D 02 03 00 3F 06 3F 40 00 04 56 8E 3E 00 4A 40 00 B4 C8 F6 BE 00 
S10:34:09   68 04 01 00 8E 6B 
R10:34:09   68 12 8E 6B 6C 07 0D 01 03 00 3F 06 3F 40 00 77 BE 7F 3F 00 
R10:34:09   68 2A 90 6B 6C 07 0D 04 03 00 3F 06 44 40 00 BA 49 28 42 00 45 40 00 DB F9 0C 42 00 46 40 00 BA 
R10:34:09   49 28 42 00 4A 40 00 64 3B 7F BF 00 
R10:34:10   68 22 92 6B 6C 07 0D 03 03 00 3F 06 39 40 00 95 43 F3 41 00 3A 40 00 54 E3 BD 41 00 3B 40 00 69 
R10:34:10   91 F5 41 00 
S10:34:11   68 04 01 00 94 6B 
S10:34:27   68 04 43 00 00 00 
R10:34:28   68 04 83 00 00 00 
R10:34:30   68 4A 94 6B 6C 07 0D 08 03 00 3F 06 39 40 00 F3 FD 5C 42 00 3A 40 00 CC CC 38 42 00 3B 40 00 D3 
R10:34:30   4D 3C 42 00 3F 40 00 1B 2F 5D 3E 00 44 40 00 C2 F5 64 42 00 45 40 00 2E B2 3D 42 00 46 40 00 AE 
R10:34:30   47 4B 42 00 4A 40 00 2D B2 DD BE 00 
S10:34:30   68 04 01 00 96 6B 
R10:34:31   68 12 96 6B 6C 07 0D 01 03 00 3F 06 01 40 00 00 00 65 43 00 
R10:34:39   68 12 98 6B 6C 07 0D 01 03 00 3F 06 01 40 00 00 00 62 43 00 
R10:34:39   68 1A 9A 6B 6C 07 0D 02 03 00 3F 06 3F 40 00 35 5E 3A 3E 00 4A 40 00 CD CC CC BE 00 
S10:34:40   68 04 01 00 9C 6B 
R10:34:42   68 1A 9C 6B 6C 07 0D 02 03 00 3F 06 3F 40 00 AC 1C 5A 3E 00 4A 40 00 9A 99 D9 BE 00 
R10:34:43   68 1A 9E 6B 6C 07 0D 02 03 00 3F 06 3F 40 00 4A 0C 82 3E 00 4A 40 00 E7 FB E9 BE 00 
R10:34:50   68 12 A0 6B 6C 07 0D 01 03 00 3F 06 3F 40 00 00 00 00 00 00 
S10:34:51   68 04 01 00 A2 6B 
R10:34:51   68 2A A2 6B 6C 07 0D 04 03 00 3F 06 44 40 00 87 16 39 41 00 45 40 00 77 BE 37 41 00 46 40 00 2F 
R10:34:51   DD 34 41 00 4A 40 00 6D E7 7B BF 00 
R10:34:52   68 22 A4 6B 6C 07 0D 03 03 00 3F 06 39 40 00 00 00 00 00 00 3A 40 00 00 00 00 00 00 3B 40 00 00 
R10:34:52   00 00 00 00 
S10:35:02   68 04 01 00 A6 6B 
R10:35:12   68 4A A6 6B 6C 07 0D 08 03 00 3F 06 39 40 00 8D 97 5A 42 00 3A 40 00 D0 22 39 42 00 3B 40 00 58 
R10:35:12   39 44 42 00 3F 40 00 DB F9 7E 3E 00 44 40 00 60 E5 62 42 00 45 40 00 A4 70 41 42 00 46 40 00 E1 
R10:35:12   7A 52 42 00 4A 40 00 D5 78 E9 BE 00 
S10:35:13   68 04 01 00 A8 6B 
R10:35:20   68 12 A8 6B 6C 07 0D 01 03 00 3F 06 3F 40 00 1D 5A 64 3E 00 
R10:35:24   68 12 AA 6B 6C 07 0D 01 03 00 3F 06 3F 40 00 83 C0 8A 3E 00 
S10:35:24   68 04 01 00 AC 6B 
R10:35:25   68 12 AC 6B 6C 07 0D 01 03 00 3F 06 4A 40 00 7D 3F F5 BE 00 
R10:35:26   68 12 AE 6B 6C 07 0D 01 03 00 3F 06 4A 40 00 12 83 00 BF 00 
S10:35:27   68 0E 6C 07 B0 6B 2E 01 06 00 3F 06 26 60 00 81 
R10:35:27   68 12 B0 6B 6C 07 0D 01 03 00 3F 06 4A 40 00 54 E3 05 BF 00 
R10:35:28   68 0E B2 6B 6E 07 2E 01 07 00 3F 06 26 60 00 81 
R10:35:28   68 1A B4 6B 6E 07 0D 02 03 00 3F 06 3F 40 00 71 3D CA 3E 00 4A 40 00 AA F1 12 BF 00 
S10:35:28   68 04 01 00 B6 6B 
S10:35:28   68 0E 6E 07 B6 6B 2E 01 06 00 3F 06 26 60 00 01 
R10:35:29   68 0E B6 6B 70 07 2E 01 07 00 3F 06 26 60 00 01 
R10:35:29   68 0E B8 6B 70 07 2E 01 0A 00 3F 06 26 60 00 01 
R10:35:30   68 12 BA 6B 70 07 0D 01 03 00 3F 06 45 40 00 C7 4B 5F 42 00 
S10:35:30   68 04 01 00 BC 6B 
R10:35:31   68 12 BC 6B 70 07 0D 01 03 00 3F 06 3A 40 00 E1 7A 52 42 00 
R10:35:33   68 12 BE 6B 70 07 0D 01 03 00 3F 06 03 40 00 3F 35 24 41 00 
R10:35:34   68 22 C0 6B 70 07 0D 03 03 00 3F 06 3F 40 00 D1 22 DB 3E 00 44 40 00 75 93 7C 42 00 4A 40 00 23 
R10:35:34   DB 19 BF 00 
S10:35:34   68 04 01 00 C2 6B 
R10:35:35   68 0E C2 6B 70 07 01 01 03 00 3F 06 8B 00 00 00 
R10:35:35   68 15 C4 6B 70 07 1E 01 03 00 3F 06 8B 00 00 00 84 86 23 0A AC 06 1A 
R10:35:35   68 0E C6 6B 70 07 01 01 03 00 3F 06 8C 00 00 01 
R10:35:35   68 15 C8 6B 70 07 1E 01 03 00 3F 06 8C 00 00 01 8A 86 23 0A AC 06 1A 
S10:35:35   68 04 01 00 CA 6B 
R10:35:36   68 52 CA 6B 70 07 0D 09 03 00 3F 06 03 40 00 27 31 26 41 00 39 40 00 00 00 00 00 00 3A 40 00 00 
R10:35:36   00 00 00 00 3B 40 00 00 00 00 00 00 3F 40 00 00 00 00 00 00 44 40 00 C9 76 3E 41 00 45 40 00 97 
R10:35:36   6E 3A 41 00 46 40 00 3F 35 36 41 00 4A 40 00 A4 70 7D BF 00 
S10:35:46   68 04 01 00 CC 6B 
S10:35:50   68 0E 70 07 CC 6B 2E 01 06 00 3F 06 26 60 00 82 
R10:35:52   68 0E CC 6B 72 07 2E 01 07 00 3F 06 26 60 00 82 
S10:35:52   68 0E 72 07 CE 6B 2E 01 06 00 3F 06 26 60 00 02 
R10:35:53   68 0E CE 6B 74 07 2E 01 07 00 3F 06 26 60 00 02 
R10:35:53   68 0E D0 6B 74 07 2E 01 0A 00 3F 06 26 60 00 02 
S10:35:57   68 04 01 00 D2 6B 
R10:35:59   68 12 D2 6B 74 07 01 02 03 00 3F 06 8C 00 00 00 8B 00 00 01 
R10:35:59   68 20 D4 6B 74 07 1E 02 03 00 3F 06 8C 00 00 00 19 E5 23 0A AC 06 1A 8B 00 00 01 1E E5 23 0A AC 
R10:35:59   06 1A 
S10:35:59   68 04 01 00 D6 6B 
R10:36:01   68 42 D6 6B 74 07 0D 07 03 00 3F 06 39 40 00 CD CC 62 42 00 3A 40 00 0C 02 41 42 00 3B 40 00 9C 
R10:36:01   C4 40 42 00 3F 40 00 06 81 95 3E 00 44 40 00 5C 8F 6E 42 00 45 40 00 36 5E 4A 42 00 46 40 00 94 
R10:36:01   18 52 42 00 
R10:36:01   68 12 D8 6B 74 07 0D 01 03 00 3F 06 4A 40 00 6D E7 FB BE 00 
R10:36:08   68 12 DA 6B 74 07 0D 01 03 00 3F 06 3F 40 00 93 18 84 3E 00 
S10:36:08   68 04 01 00 DC 6B 
R10:36:09   68 12 DC 6B 74 07 0D 01 03 00 3F 06 4A 40 00 C3 F5 E8 BE 00 
R10:36:13   68 1A DE 6B 74 07 0D 02 03 00 3F 06 3F 40 00 AA F1 92 3E 00 4A 40 00 A4 70 FD BE 00 
R10:36:14   68 1A E0 6B 74 07 0D 02 03 00 3F 06 3F 40 00 8B 6C A7 3E 00 4A 40 00 14 AE 07 BF 00 
S10:36:14   68 04 01 00 E2 6B 
S10:36:15   68 0E 74 07 E2 6B 2E 01 06 00 3F 06 2F 60 00 81 
R10:36:16   68 0E E2 6B 76 07 2E 01 07 00 3F 06 2F 60 00 81 
R10:36:16   68 1A E4 6B 76 07 0D 02 03 00 3F 06 3F 40 00 27 31 C8 3E 00 4A 40 00 E1 7A 14 BF 00 
S10:36:16   68 0E 76 07 E6 6B 2E 01 06 00 3F 06 2F 60 00 01 
R10:36:17   68 0E E6 6B 78 07 2E 01 07 00 3F 06 2F 60 00 01 
R10:36:17   68 0E E8 6B 78 07 2E 01 0A 00 3F 06 2F 60 00 01 
R10:36:18   68 22 EA 6B 78 07 0D 03 03 00 3F 06 3F 40 00 C5 20 F0 3E 00 45 40 00 B5 F3 75 42 00 4A 40 00 81 
R10:36:18   95 23 BF 00 
S10:36:18   68 04 01 00 EC 6B 
R10:36:19   68 22 EC 6B 78 07 0D 03 03 00 3F 06 3A 40 00 48 E1 6C 42 00 3B 40 00 9B C4 1C 42 00 3F 40 00 EE 
R10:36:19   7C FF 3E 00 
R10:36:19   68 1A EE 6B 78 07 0D 02 03 00 3F 06 44 40 00 89 41 8F 42 00 46 40 00 15 AE 35 42 00 
R10:36:20   68 1A F0 6B 78 07 0D 02 03 00 3F 06 3F 40 00 CB A1 05 3F 00 4A 40 00 DF 4F 2D BF 00 
S10:36:20   68 04 01 00 F2 6B 
R10:36:21   68 12 F2 6B 78 07 0D 01 03 00 3F 06 39 40 00 D1 22 80 42 00 
R10:36:27   68 12 F4 6B 78 07 0D 01 03 00 3F 06 3F 40 00 DF 4F 0D 3F 00 
R10:36:29   68 12 F6 6B 78 07 0D 01 03 00 3F 06 4A 40 00 33 33 33 BF 00 
S10:36:29   68 04 01 00 F8 6B 
R10:36:32   68 1A F8 6B 78 07 0D 02 03 00 3F 06 3F 40 00 CB A1 05 3F 00 4A 40 00 31 08 2C BF 00 
R10:36:34   68 12 FA 6B 78 07 0D 01 03 00 3F 06 3F 40 00 A0 1A EF 3E 00 
R10:36:35   68 12 FC 6B 78 07 0D 01 03 00 3F 06 4A 40 00 89 41 20 BF 00 
S10:36:35   68 04 01 00 FE 6B 
R10:36:46   68 12 FE 6B 78 07 0D 01 03 00 3F 06 3F 40 00 E3 A5 DB 3E 00 
S10:36:46   68 04 01 00 00 6C 
S10:36:46   68 0E 78 07 00 6C 2E 01 06 00 3F 06 2F 60 00 81 
R10:36:47   68 1A 00 6C 78 07 0D 02 03 00 3F 06 44 40 00 1B 2F 80 42 00 4A 40 00 3D 0A 17 BF 00 
R10:36:47   68 0E 02 6C 7A 07 2E 01 07 00 3F 06 2F 60 00 81 
S10:36:47   68 0E 7A 07 04 6C 2E 01 06 00 3F 06 2F 60 00 01 
R10:36:48   68 0E 04 6C 7C 07 2E 01 07 00 3F 06 2F 60 00 01 
R10:36:48   68 0E 06 6C 7C 07 2E 01 0A 00 3F 06 2F 60 00 01 
R10:36:49   68 12 08 6C 7C 07 0D 01 03 00 3F 06 39 40 00 2F DD 64 42 00 
S10:36:49   68 04 01 00 0A 6C 
R10:36:50   68 12 0A 6C 7C 07 0D 01 03 00 3F 06 3F 40 00 83 C0 CA 3E 00 
R10:36:50   68 12 0C 6C 7C 07 0D 01 03 00 3F 06 3F 40 00 06 81 D5 3E 00 
R10:36:51   68 12 0E 6C 7C 07 0D 01 03 00 3F 06 3F 40 00 F8 53 E3 3E 00 
S10:36:51   68 04 01 00 10 6C 
R10:36:52   68 12 10 6C 7C 07 0D 01 03 00 3F 06 4A 40 00 DB F9 1E BF 00 
R10:36:56   68 12 12 6C 7C 07 0D 01 03 00 3F 06 3F 40 00 C7 4B F7 3E 00 
R10:36:57   68 12 14 6C 7C 07 0D 01 03 00 3F 06 4A 40 00 66 66 26 BF 00 
S10:36:57   68 04 01 00 16 6C 
R10:36:59   68 12 16 6C 7C 07 0D 01 03 00 3F 06 3F 40 00 25 06 01 3F 00 
R10:37:06   68 12 18 6C 7C 07 0D 01 03 00 3F 06 4A 40 00 04 56 2E BF 00 
S10:37:08   68 04 01 00 1A 6C 
R10:37:17   68 12 1A 6C 7C 07 0D 01 03 00 3F 06 4A 40 00 1D 5A 24 BF 00 
R10:37:18   68 12 1C 6C 7C 07 0D 01 03 00 3F 06 3F 40 00 D9 CE F7 3E 00 
S10:37:19   68 04 01 00 1E 6C 
R10:37:25   68 1A 1E 6C 7C 07 0D 02 03 00 3F 06 3F 40 00 27 31 08 3F 00 4A 40 00 7B 14 2E BF 00 
R10:37:29   68 12 20 6C 7C 07 0D 01 03 00 3F 06 44 40 00 52 B8 8D 42 00 
S10:37:30   68 04 01 00 22 6C 
R10:37:32   68 12 22 6C 7C 07 0D 01 03 00 3F 06 39 40 00 D3 4D 80 42 00 
R10:37:37   68 12 24 6C 7C 07 0D 01 03 00 3F 06 3F 40 00 E9 26 F1 3E 00 
R10:37:38   68 12 26 6C 7C 07 0D 01 03 00 3F 06 4A 40 00 A6 9B 24 BF 00 
S10:37:38   68 04 01 00 28 6C 
R10:37:43   68 12 28 6C 7C 07 0D 01 03 00 3F 06 3F 40 00 66 66 E6 3E 00 
S10:37:49   68 04 01 00 2A 6C 
R10:37:50   68 1A 2A 6C 7C 07 0D 02 03 00 3F 06 3F 40 00 A4 70 FD 3E 00 4A 40 00 BA 49 2C BF 00 
R10:37:57   68 12 2C 6C 7C 07 0D 01 03 00 3F 06 3F 40 00 66 66 E6 3E 00 
R10:37:58   68 12 2E 6C 7C 07 0D 01 03 00 3F 06 4A 40 00 D3 4D 22 BF 00 
S10:37:58   68 04 01 00 30 6C 
R10:37:59   68 12 30 6C 7C 07 0D 01 03 00 3F 06 3F 40 00 4E 62 D0 3E 00 
R10:38:03   68 12 32 6C 7C 07 0D 01 03 00 3F 06 39 40 00 EB 51 68 42 00 
R10:38:06   68 3A 34 6C 7C 07 0D 06 03 00 3F 06 3A 40 00 B2 9D 4B 42 00 3B 40 00 A0 1A 41 42 00 3F 40 00 98 
R10:38:06   6E 92 3E 00 44 40 00 D8 A3 72 42 00 46 40 00 B2 9D 57 42 00 4A 40 00 79 E9 06 BF 00 
S10:38:06   68 04 01 00 36 6C 
R10:38:07   68 22 36 6C 7C 07 0D 03 03 00 3F 06 3F 40 00 81 95 43 3E 00 45 40 00 CE F7 47 42 00 4A 40 00 66 
R10:38:07   66 E6 BE 00 
R10:38:08   68 12 38 6C 7C 07 0D 01 03 00 3F 06 3E 40 00 E2 7A 5E 44 00 
R10:38:11   68 12 3A 6C 7C 07 0D 01 03 00 3F 06 3F 40 00 E7 FB A9 3D 00 
R10:38:11   68 12 3C 6C 7C 07 0D 01 03 00 3F 06 4A 40 00 DB F9 BE BE 00 
S10:38:11   68 04 01 00 3E 6C 
R10:38:12   68 1A 3E 6C 7C 07 0D 02 03 00 3F 06 3F 40 00 FC A9 F1 3D 00 4A 40 00 DF 4F CD BE 00 
R10:38:16   68 1A 40 6C 7C 07 0D 02 03 00 3F 06 3F 40 00 3D 0A 57 3E 00 4A 40 00 58 39 F4 BE 00 
R10:38:19   68 1A 42 6C 7C 07 0D 02 03 00 3F 06 3F 40 00 B6 F3 7D 3E 00 4A 40 00 4A 0C 02 BF 00 
S10:38:19   68 04 01 00 44 6C 
R10:38:22   68 1A 44 6C 7C 07 0D 02 03 00 3F 06 3F 40 00 2B 87 16 3E 00 4A 40 00 75 93 D8 BE 00 
R10:38:23   68 12 46 6C 7C 07 0D 01 03 00 3F 06 3F 40 00 56 0E 2D 3E 00 
R10:38:26   68 12 48 6C 7C 07 0D 01 03 00 3F 06 3A 40 00 A6 9B 32 42 00 
S10:38:26   68 04 01 00 4A 6C 
R10:38:29   68 12 4A 6C 7C 07 0D 01 03 00 3F 06 3F 40 00 73 68 11 3E 00 
R10:38:32   68 1A 4C 6C 7C 07 0D 02 03 00 3F 06 3F 40 00 CD CC 4C 3E 00 4A 40 00 E9 26 F1 BE 00 
S10:38:37   68 04 01 00 4E 6C 
R10:38:43   68 12 4E 6C 7C 07 0D 01 03 00 3F 06 3F 40 00 D3 4D 62 3E 00 
R10:38:46   68 12 50 6C 7C 07 0D 01 03 00 3F 06 4A 40 00 DB F9 FE BE 00 
S10:38:48   68 04 01 00 52 6C 
R10:38:51   68 1A 52 6C 7C 07 0D 02 03 00 3F 06 3F 40 00 71 3D 8A 3E 00 4A 40 00 7B 14 EE BE 00 
S10:38:51   68 0E 7C 07 54 6C 2E 01 06 00 3F 06 2F 60 00 81 
R10:38:52   68 0E 54 6C 7E 07 2E 01 07 00 3F 06 2F 60 00 81 
S10:38:52   68 0E 7E 07 56 6C 2E 01 08 00 3F 06 2F 60 00 01 
R10:38:53   68 0E 56 6C 80 07 2E 01 09 00 3F 06 2F 60 00 01 
S10:38:59   68 04 01 00 58 6C 
R10:39:01   68 1A 58 6C 80 07 0D 02 03 00 3F 06 3F 40 00 9A 99 D9 3E 00 4A 40 00 B4 C8 16 BF 00 
R10:39:02   68 12 5A 6C 80 07 0D 01 03 00 3F 06 39 40 00 1A 2F 3F 42 00 
R10:39:04   68 22 5C 6C 80 07 0D 03 03 00 3F 06 3B 40 00 4F 8D 73 42 00 44 40 00 8F C2 45 42 00 46 40 00 A8 
R10:39:04   C6 82 42 00 
R10:39:04   68 12 5E 6C 80 07 0D 01 03 00 3F 06 4A 40 00 4E 62 10 BF 00 
S10:39:04   68 04 01 00 60 6C 
R10:39:05   68 2A 60 6C 80 07 0D 04 03 00 3F 06 3B 40 00 A1 45 8B 42 00 3F 40 00 C3 F5 E8 3E 00 46 40 00 4A 
R10:39:05   0C 93 42 00 4A 40 00 F6 28 1C BF 00 
R10:39:06   68 1A 62 6C 80 07 0D 02 03 00 3F 06 3F 40 00 75 93 D8 3E 00 4A 40 00 7D 3F 15 BF 00 
R10:39:07   68 1A 64 6C 80 07 0D 02 03 00 3F 06 3F 40 00 D9 CE B7 3E 00 4A 40 00 27 31 08 BF 00 
S10:39:07   68 04 01 00 66 6C 
R10:39:08   68 12 66 6C 80 07 0D 01 03 00 3F 06 3F 40 00 1F 85 AB 3E 00 
S10:39:09   68 0E 80 07 68 6C 2E 01 06 00 3F 06 2F 60 00 81 
R10:39:10   68 0E 68 6C 82 07 2E 01 07 00 3F 06 2F 60 00 81 
S10:39:10   68 0E 82 07 6A 6C 2E 01 08 00 3F 06 2F 60 00 01 
R10:39:11   68 0E 6A 6C 84 07 2E 01 09 00 3F 06 2F 60 00 01 
R10:39:12   68 12 6C 6C 84 07 0D 01 03 00 3F 06 44 40 00 B6 F3 27 42 00 
R10:39:15   68 12 6E 6C 84 07 0D 01 03 00 3F 06 4A 40 00 5C 8F 02 BF 00 
S10:39:15   68 04 01 00 70 6C 
R10:39:16   68 12 70 6C 84 07 0D 01 03 00 3F 06 4A 40 00 23 DB F9 BE 00 
R10:39:17   68 12 72 6C 84 07 0D 01 03 00 3F 06 4A 40 00 8B 6C E7 BE 00 
R10:39:18   68 1A 74 6C 84 07 0D 02 03 00 3F 06 3F 40 00 9E EF 27 3E 00 4A 40 00 5A 64 BB BE 00 
S10:39:18   68 04 01 00 76 6C 
R10:39:19   68 1A 76 6C 84 07 0D 02 03 00 3F 06 3F 40 00 D5 78 E9 3D 00 4A 40 00 0A D7 A3 BE 00 
S10:39:19   68 0E 84 07 78 6C 2E 01 06 00 3F 06 2F 60 00 81 
R10:39:20   68 1A 78 6C 84 07 0D 02 03 00 3F 06 44 40 00 90 C2 51 42 00 45 40 00 DB F9 24 42 00 
R10:39:20   68 0E 7A 6C 86 07 2E 01 07 00 3F 06 2F 60 00 81 
S10:39:20   68 0E 86 07 7C 6C 2E 01 08 00 3F 06 2F 60 00 01 
R10:39:21   68 12 7C 6C 86 07 0D 01 03 00 3F 06 46 40 00 29 5C 7F 42 00 
R10:39:21   68 0E 7E 6C 88 07 2E 01 09 00 3F 06 2F 60 00 01 
R10:39:22   68 1A 80 6C 88 07 0D 02 03 00 3F 06 3B 40 00 2D B2 6D 42 00 4A 40 00 5C 8F 42 BE 00 
S10:39:22   68 04 01 00 82 6C 
R10:39:23   68 1A 82 6C 88 07 0D 02 03 00 3F 06 39 40 00 C5 20 6E 42 00 4A 40 00 62 10 58 BE 00 
R10:39:24   68 1A 84 6C 88 07 0D 02 03 00 3F 06 3F 40 00 EC 51 38 3D 00 4A 40 00 91 ED 7C BE 00 
R10:39:26   68 12 86 6C 88 07 0D 01 03 00 3F 06 3A 40 00 3F 35 18 42 00 
S10:39:26   68 04 01 00 88 6C 
R10:39:27   68 1A 88 6C 88 07 0D 02 03 00 3F 06 3F 40 00 31 08 AC 3D 00 4A 40 00 F4 FD 94 BE 00 
R10:39:29   68 22 8A 6C 88 07 0D 03 03 00 3F 06 39 40 00 85 EB 4D 42 00 3F 40 00 04 56 0E 3E 00 4A 40 00 E9 
R10:39:29   26 B1 BE 00 
R10:39:30   68 1A 8C 6C 88 07 0D 02 03 00 3F 06 3F 40 00 39 B4 48 3E 00 4A 40 00 71 3D CA BE 00 
S10:39:30   68 04 01 00 8E 6C 
R10:39:38   68 22 8E 6C 88 07 0D 03 03 00 3F 06 3B 40 00 6F 12 84 42 00 3F 40 00 4C 37 09 3E 00 4A 40 00 FA 
R10:39:38   7E AA BE 00 
S10:39:41   68 04 01 00 90 6C 
R10:39:50   68 1A 90 6C 88 07 0D 02 03 00 3F 06 3F 40 00 EC 51 38 3E 00 4A 40 00 5C 8F C2 BE 00 
R10:39:51   68 12 92 6C 88 07 0D 01 03 00 3F 06 46 40 00 4C 37 8D 42 00 
S10:39:52   68 04 01 00 94 6C 
R10:39:52   68 12 94 6C 88 07 0D 01 03 00 3F 06 44 40 00 2D B2 37 42 00 
R10:39:54   68 1A 96 6C 88 07 0D 02 03 00 3F 06 3F 40 00 3D 0A 57 3E 00 4A 40 00 60 E5 D0 BE 00 
R10:39:55   68 12 98 6C 88 07 0D 01 03 00 3F 06 3F 40 00 D7 A3 70 3E 00 
S10:39:55   68 04 01 00 9A 6C 
R10:39:59   68 12 9A 6C 88 07 0D 01 03 00 3F 06 4A 40 00 2D B2 DD BE 00 
R10:40:03   68 12 9C 6C 88 07 0D 01 03 00 3F 06 3F 40 00 AA F1 92 3E 00 
R10:40:04   68 12 9E 6C 88 07 0D 01 03 00 3F 06 4A 40 00 35 5E FA BE 00 
S10:40:04   68 04 01 00 A0 6C 
R10:40:05   68 1A A0 6C 88 07 0D 02 03 00 3F 06 3F 40 00 B0 72 A8 3E 00 45 40 00 C2 F5 46 42 00 
R10:40:07   68 12 A2 6C 88 07 0D 01 03 00 3F 06 3A 40 00 4C 37 31 42 00 
R10:40:08   68 12 A4 6C 88 07 0D 01 03 00 3F 06 4A 40 00 E5 D0 02 BF 00 
S10:40:08   68 04 01 00 A6 6C 
R10:40:12   68 1A A6 6C 88 07 0D 02 03 00 3F 06 3F 40 00 5C 8F 82 3E 00 4A 40 00 AE 47 E1 BE 00 
S10:40:19   68 04 01 00 A8 6C 
R10:40:19   68 1A A8 6C 88 07 0D 02 03 00 3F 06 3F 40 00 08 AC 9C 3E 00 4A 40 00 10 58 F9 BE 00 
R10:40:25   68 22 AA 6C 88 07 0D 03 03 00 3F 06 39 40 00 4A 0C 2E 42 00 3F 40 00 7D 3F B5 3E 00 4A 40 00 02 
R10:40:25   2B 07 BF 00 
R10:40:26   68 12 AC 6C 88 07 0D 01 03 00 3F 06 3F 40 00 25 06 C1 3E 00 
S10:40:26   68 04 01 00 AE 6C 
R10:40:27   68 12 AE 6C 88 07 0D 01 03 00 3F 06 3F 40 00 FC A9 B1 3E 00 
R10:40:30   68 12 B0 6C 88 07 0D 01 03 00 3F 06 3F 40 00 AA F1 D2 3E 00 
R10:40:30   68 12 B2 6C 88 07 0D 01 03 00 3F 06 4A 40 00 AA F1 12 BF 00 
S10:40:30   68 04 01 00 B4 6C 
R10:40:33   68 12 B4 6C 88 07 0D 01 03 00 3F 06 3F 40 00 0E 2D F2 3E 00 
R10:40:33   68 1A B6 6C 88 07 0D 02 03 00 3F 06 45 40 00 BA 49 6A 42 00 4A 40 00 C1 CA 21 BF 00 
R10:40:34   68 12 B8 6C 88 07 0D 01 03 00 3F 06 3A 40 00 CD CC 50 42 00 
S10:40:34   68 04 01 00 BA 6C 
R10:40:40   68 12 BA 6C 88 07 0D 01 03 00 3F 06 3F 40 00 87 16 19 3F 00 
R10:40:41   68 12 BC 6C 88 07 0D 01 03 00 3F 06 4A 40 00 62 10 38 BF 00 
R10:40:42   68 2A BE 6C 88 07 0D 04 03 00 3F 06 3B 40 00 18 04 6C 42 00 3F 40 00 79 E9 26 3F 00 45 40 00 46 
R10:40:42   B6 89 42 00 4A 40 00 25 06 41 BF 00 
S10:40:42   68 04 01 00 C0 6C 
R10:40:43   68 2A C0 6C 88 07 0D 04 03 00 3F 06 3A 40 00 CD CC 88 42 00 3F 40 00 10 58 39 3F 00 45 40 00 6A 
R10:40:43   BC 95 42 00 4A 40 00 F2 D2 4D BF 00 
R10:40:44   68 12 C2 6C 88 07 0D 01 03 00 3F 06 46 40 00 FE D4 78 42 00 
R10:40:45   68 12 C4 6C 88 07 0D 01 03 00 3F 06 44 40 00 8C 6C 51 42 00 
S10:40:45   68 04 01 00 C6 6C 
R10:40:45   68 12 C6 6C 88 07 0D 01 03 00 3F 06 4A 40 00 D3 4D 42 BF 00 
R10:40:47   68 12 C8 6C 88 07 0D 01 03 00 3F 06 3F 40 00 B0 72 28 3F 00 
R10:40:52   68 1A CA 6C 88 07 0D 02 03 00 3F 06 3A 40 00 08 AC 70 42 00 45 40 00 75 93 84 42 00 
R10:40:52   68 12 CC 6C 88 07 0D 01 03 00 3F 06 4A 40 00 91 ED 3C BF 00 
S10:40:52   68 04 01 00 CE 6C 
R10:40:53   68 12 CE 6C 88 07 0D 01 03 00 3F 06 3F 40 00 AE 47 21 3F 00 
S10:40:59   68 0E 88 07 D0 6C 64 01 06 00 3F 06 00 00 00 14 
R10:40:59   68 0E D0 6C 8A 07 64 01 07 00 3F 06 00 00 00 14 
R10:41:00   68 E6 D2 6C 8A 07 01 37 14 00 3F 06 01 00 00 00 02 00 00 00 03 00 00 00 04 00 00 00 05 00 00 00 
R10:41:00   06 00 00 00 07 00 00 01 08 00 00 00 09 00 00 00 0A 00 00 00 0B 00 00 00 0C 00 00 00 0D 00 00 00 
R10:41:00   0E 00 00 00 0F 00 00 00 10 00 00 00 11 00 00 00 12 00 00 00 13 00 00 00 14 00 00 00 15 00 00 00 
R10:41:00   16 00 00 00 17 00 00 00 18 00 00 00 19 00 00 00 1A 00 00 01 1B 00 00 01 1C 00 00 00 1D 00 00 01 
R10:41:00   1E 00 00 01 1F 00 00 01 20 00 00 00 21 00 00 00 22 00 00 00 23 00 00 00 24 00 00 00 25 00 00 00 
R10:41:00   26 00 00 00 27 00 00 00 28 00 00 00 29 00 00 01 2A 00 00 00 2B 00 00 00 2C 00 00 00 2D 00 00 00 
R10:41:00   2E 00 00 00 2F 00 00 00 30 00 00 00 31 00 00 00 32 00 00 00 33 00 00 00 34 00 00 00 35 00 00 00 
R10:41:00   36 00 00 00 37 00 00 00 
R10:41:00   68 D2 D4 6C 8A 07 01 32 14 00 3F 06 38 00 00 00 39 00 00 00 3A 00 00 00 3B 00 00 01 3C 00 00 00 
R10:41:00   3D 00 00 00 3E 00 00 01 3F 00 00 01 40 00 00 00 41 00 00 00 42 00 00 01 43 00 00 00 44 00 00 00 
R10:41:00   45 00 00 00 46 00 00 00 47 00 00 00 48 00 00 00 49 00 00 00 4A 00 00 01 4B 00 00 00 4C 00 00 00 
R10:41:00   4D 00 00 00 4E 00 00 00 4F 00 00 00 50 00 00 00 51 00 00 00 52 00 00 00 53 00 00 00 54 00 00 00 
R10:41:00   55 00 00 00 56 00 00 00 57 00 00 00 58 00 00 00 59 00 00 00 5A 00 00 00 5B 00 00 00 5C 00 00 01 
R10:41:00   5D 00 00 00 5E 00 00 00 5F 00 00 01 60 00 00 01 61 00 00 00 62 00 00 00 63 00 00 01 64 00 00 00 
R10:41:00   65 00 00 00 66 00 00 00 67 00 00 00 68 00 00 00 69 00 00 00 
S10:41:00   68 04 01 00 D6 6C 
R10:41:01   68 E6 D6 6C 8A 07 01 37 14 00 3F 06 69 00 00 00 6A 00 00 01 6B 00 00 00 6C 00 00 00 6D 00 00 00 
R10:41:01   6E 00 00 00 6F 00 00 00 70 00 00 00 71 00 00 00 72 00 00 00 73 00 00 00 74 00 00 00 75 00 00 00 
R10:41:01   76 00 00 00 77 00 00 00 78 00 00 00 79 00 00 00 7A 00 00 00 7B 00 00 00 7C 00 00 00 7D 00 00 01 
R10:41:01   7E 00 00 01 7F 00 00 00 80 00 00 01 81 00 00 01 82 00 00 01 83 00 00 00 84 00 00 00 85 00 00 00 
R10:41:01   86 00 00 00 87 00 00 00 88 00 00 00 89 00 00 00 8A 00 00 00 8B 00 00 01 8C 00 00 00 8D 00 00 00 
R10:41:01   8E 00 00 00 8F 00 00 00 90 00 00 00 91 00 00 00 92 00 00 00 93 00 00 00 94 00 00 00 95 00 00 00 
R10:41:01   96 00 00 00 97 00 00 00 98 00 00 00 99 00 00 00 9A 00 00 00 9B 00 00 00 9C 00 00 00 9D 00 00 00 
R10:41:01   9E 00 00 01 9F 00 00 00 
R10:41:01   68 A6 D8 6C 8A 07 01 27 14 00 3F 06 A0 00 00 00 A1 00 00 01 A2 00 00 01 A3 00 00 01 A4 00 00 00 
R10:41:01   A5 00 00 00 A6 00 00 00 A7 00 00 00 A8 00 00 00 A9 00 00 00 AA 00 00 00 AB 00 00 00 AC 00 00 01 
R10:41:01   AD 00 00 00 AE 00 00 00 AF 00 00 00 B0 00 00 00 B1 00 00 00 B2 00 00 00 B3 00 00 00 B4 00 00 00 
R10:41:01   B5 00 00 00 B6 00 00 00 B7 00 00 00 B8 00 00 00 B9 00 00 00 BA 00 00 00 BB 00 00 00 BC 00 00 00 
R10:41:01   BD 00 00 00 BE 00 00 00 BF 00 00 01 C0 00 00 00 C1 00 00 00 C2 00 00 01 C3 00 00 01 C4 00 00 01 
R10:41:01   C5 00 00 00 C6 00 00 00 
R10:41:01   68 EA DA 6C 8A 07 0D 1C 14 00 3F 06 01 40 00 00 00 62 43 00 02 40 00 CD CC 53 42 00 03 40 00 BD 
R10:41:01   74 25 41 00 04 40 00 00 00 00 00 00 05 40 00 4C 37 25 41 00 06 40 00 00 00 00 00 00 07 40 00 29 
R10:41:01   DC 47 42 00 08 40 00 00 00 00 00 00 09 40 00 00 00 00 00 00 0A 40 00 00 00 00 00 00 0B 40 00 00 
R10:41:01   00 00 00 00 0C 40 00 00 00 00 00 00 0D 40 00 37 89 F1 40 00 0E 40 00 C9 76 EE 40 00 0F 40 00 79 
R10:41:01   E9 F6 40 00 10 40 00 00 00 00 00 00 11 40 00 7B 14 05 43 00 12 40 00 14 AE C7 C1 00 13 40 00 5A 
R10:41:01   64 7B 3F 00 14 40 00 00 00 00 00 00 15 40 00 00 00 00 00 00 16 40 00 00 00 00 00 00 17 40 00 00 
R10:41:01   00 00 00 00 18 40 00 00 00 00 00 00 19 40 00 00 00 00 00 00 1A 40 00 00 00 00 00 00 1B 40 00 00 
R10:41:01   00 00 00 00 1C 40 00 00 00 00 00 00 
S10:41:01   68 04 01 00 DC 6C 
R10:41:02   68 6A DC 6C 8A 07 0D 0C 14 00 3F 06 1D 40 00 00 00 00 00 00 1E 40 00 00 00 00 00 00 1F 40 00 00 
R10:41:02   00 00 00 00 20 40 00 00 00 00 00 00 21 40 00 00 00 00 00 00 22 40 00 00 00 00 00 00 23 40 00 00 
R10:41:02   00 00 00 00 24 40 00 00 00 00 00 00 25 40 00 00 00 00 00 00 26 40 00 00 00 00 00 00 27 40 00 00 
R10:41:02   00 00 00 00 28 40 00 00 00 00 00 00 
R10:41:02   68 EA DE 6C 8A 07 0D 1C 14 00 3F 06 29 40 00 00 00 00 00 00 2A 40 00 00 00 00 00 00 2B 40 00 00 
R10:41:02   00 00 00 00 2C 40 00 00 00 00 00 00 2D 40 00 00 00 00 00 00 2E 40 00 00 00 00 00 00 2F 40 00 00 
R10:41:02   00 00 00 00 30 40 00 00 00 00 00 00 31 40 00 00 00 00 00 00 32 40 00 00 00 00 00 00 33 40 00 00 
R10:41:02   00 00 00 00 34 40 00 00 00 00 00 00 35 40 00 00 00 00 00 00 36 40 00 00 00 00 00 00 37 40 00 00 
R10:41:02   00 00 00 00 38 40 00 00 00 00 00 00 39 40 00 46 B6 2D 42 00 3A 40 00 3C DF 6B 42 00 3B 40 00 4C 
R10:41:02   37 67 42 00 3C 40 00 00 00 00 00 00 3D 40 00 85 EB 0B 44 00 3E 40 00 85 2B 38 44 00 3F 40 00 BE 
R10:41:02   9F 1A 3F 00 40 40 00 00 00 00 00 00 41 40 00 00 00 00 00 00 42 40 00 00 00 00 00 00 43 40 00 00 
R10:41:02   00 00 00 00 44 40 00 39 B4 44 42 00 
R10:41:03   68 3A E0 6C 8A 07 0D 06 14 00 3F 06 45 40 00 0C 02 82 42 00 46 40 00 65 3B 7B 42 00 47 40 00 00 
R10:41:03   00 00 00 00 48 40 00 9A 59 3B C4 00 49 40 00 D7 A3 33 C4 00 4A 40 00 75 93 38 BF 00 
S10:41:03   68 04 01 00 E2 6C 
R10:41:03   68 0E E2 6C 8A 07 64 01 0A 00 3F 06 00 00 00 14 
S10:41:03   68 0E 8A 07 E4 6C 65 01 06 00 3F 06 00 00 00 05 
R10:41:04   68 0E E4 6C 8C 07 65 01 07 00 3F 06 00 00 00 05 
R10:41:04   68 4A E6 6C 8C 07 CE 08 25 00 3F 06 01 64 00 59 58 1C 49 00 02 64 00 66 66 03 44 00 03 64 00 67 
R10:41:04   66 FE 43 00 04 64 00 80 1A F5 47 00 05 64 00 00 00 AE 42 00 06 64 00 00 3D F5 47 00 07 64 00 66 
R10:41:04   66 86 41 00 08 64 00 00 00 8A 42 00 
R10:41:05   68 82 E8 6C 8C 07 CF 08 25 00 3F 06 09 64 00 E4 56 1C 49 00 00 00 1E 0A AC 06 1A 0A 64 00 66 66 
R10:41:05   03 44 00 00 00 1E 0A AC 06 1A 0B 64 00 67 66 FE 43 00 00 00 1E 0A AC 06 1A 0C 64 00 B3 18 F5 47 
R10:41:05   00 00 00 1E 0A AC 06 1A 0D 64 00 00 00 AE 42 00 00 00 1E 0A AC 06 1A 0E 64 00 34 3B F5 47 00 00 
R10:41:05   00 1E 0A AC 06 1A 0F 64 00 66 66 86 41 00 00 00 1E 0A AC 06 1A 10 64 00 00 00 8A 42 00 00 00 1E 
R10:41:05   0A AC 06 1A 
S10:41:05   68 04 01 00 EA 6C 
R10:41:05   68 82 EA 6C 8C 07 CF 08 25 00 3F 06 11 64 00 39 D0 1B 49 00 00 00 00 00 AC 06 1A 12 64 00 66 66 
R10:41:05   03 44 00 00 00 00 00 AC 06 1A 13 64 00 67 66 FE 43 00 00 00 00 00 AC 06 1A 14 64 00 66 55 F4 47 
R10:41:05   00 00 00 00 00 AC 06 1A 15 64 00 00 00 AE 42 00 00 00 00 00 AC 06 1A 16 64 00 E7 77 F4 47 00 00 
R10:41:05   00 00 00 AC 06 1A 17 64 00 66 66 86 41 00 00 00 00 00 AC 06 1A 18 64 00 00 00 8A 42 00 00 00 00 
R10:41:05   00 AC 06 1A 
R10:41:06   68 82 EC 6C 8C 07 CF 08 25 00 3F 06 19 64 00 00 00 00 00 00 00 00 00 00 AC 06 1A 1A 64 00 00 00 
R10:41:06   00 00 00 00 00 00 00 AC 06 1A 1B 64 00 00 00 00 00 00 00 00 00 00 AC 06 1A 1C 64 00 00 00 00 00 
R10:41:06   00 00 00 00 00 AC 06 1A 1D 64 00 00 00 00 00 00 00 00 00 00 AC 06 1A 1E 64 00 00 00 00 00 00 00 
R10:41:06   00 00 00 AC 06 1A 1F 64 00 00 00 00 00 00 00 00 00 00 AC 06 1A 20 64 00 00 00 00 00 00 00 00 00 
R10:41:06   00 AC 06 1A 
R10:41:06   68 4A EE 6C 8C 07 CE 08 25 00 3F 06 21 64 00 CC CC 41 43 00 22 64 00 34 33 0B 43 00 23 64 00 66 
R10:41:06   66 AA 42 00 24 64 00 CD CC EE 42 00 25 64 00 CD CC C4 42 00 26 64 00 CC CC 29 43 00 27 64 00 FF 
R10:41:06   FF 57 42 00 28 64 00 99 99 49 42 00 
S10:41:06   68 04 01 00 F0 6C 
R10:41:07   68 82 F0 6C 8C 07 CF 08 25 00 3F 06 29 64 00 CC CC 41 43 00 00 00 1E 0A AC 06 1A 2A 64 00 34 33 
R10:41:07   0B 43 00 00 00 1E 0A AC 06 1A 2B 64 00 66 66 AA 42 00 00 00 1E 0A AC 06 1A 2C 64 00 CD CC EE 42 
R10:41:07   00 00 00 1E 0A AC 06 1A 2D 64 00 CD CC C4 42 00 00 00 1E 0A AC 06 1A 2E 64 00 CC CC 29 43 00 00 
R10:41:07   00 1E 0A AC 06 1A 2F 64 00 FF FF 57 42 00 00 00 1E 0A AC 06 1A 30 64 00 99 99 49 42 00 00 00 1E 
R10:41:07   0A AC 06 1A 
R10:41:07   68 82 F2 6C 8C 07 CF 08 25 00 3F 06 31 64 00 CC CC 41 43 00 00 00 00 00 AC 06 1A 32 64 00 34 33 
R10:41:07   0B 43 00 00 00 00 00 AC 06 1A 33 64 00 66 66 AA 42 00 00 00 00 00 AC 06 1A 34 64 00 CD CC EE 42 
R10:41:07   00 00 00 00 00 AC 06 1A 35 64 00 CD CC C4 42 00 00 00 00 00 AC 06 1A 36 64 00 CC CC 29 43 00 00 
R10:41:07   00 00 00 AC 06 1A 37 64 00 FF FF 57 42 00 00 00 00 00 AC 06 1A 38 64 00 99 99 49 42 00 00 00 00 
R10:41:07   00 AC 06 1A 
R10:41:08   68 82 F4 6C 8C 07 CF 08 25 00 3F 06 39 64 00 00 00 00 00 00 00 00 00 00 AC 06 1A 3A 64 00 00 00 
R10:41:08   00 00 00 00 00 00 00 AC 06 1A 3B 64 00 00 00 00 00 00 00 00 00 00 AC 06 1A 3C 64 00 00 00 00 00 
R10:41:08   00 00 00 00 00 AC 06 1A 3D 64 00 00 00 00 00 00 00 00 00 00 AC 06 1A 3E 64 00 00 00 00 00 00 00 
R10:41:08   00 00 00 AC 06 1A 3F 64 00 00 00 00 00 00 00 00 00 00 AC 06 1A 40 64 00 00 00 00 00 00 00 00 00 
R10:41:08   00 AC 06 1A 
S10:41:08   68 04 01 00 F6 6C 
R10:41:08   68 4A F6 6C 8C 07 CE 08 25 00 3F 06 41 64 00 CC CC 5F 43 00 42 64 00 33 33 47 43 00 43 64 00 9A 
R10:41:08   99 22 43 00 44 64 00 CC CC 74 42 00 45 64 00 00 00 A8 42 00 46 64 00 00 00 F6 42 00 47 64 00 66 
R10:41:08   66 12 42 00 48 64 00 34 33 77 42 00 
R10:41:09   68 82 F8 6C 8C 07 CF 08 25 00 3F 06 49 64 00 CC CC 5F 43 00 00 00 1E 0A AC 06 1A 4A 64 00 33 33 
R10:41:09   47 43 00 00 00 1E 0A AC 06 1A 4B 64 00 9A 99 22 43 00 00 00 1E 0A AC 06 1A 4C 64 00 CC CC 74 42 
R10:41:09   00 00 00 1E 0A AC 06 1A 4D 64 00 00 00 A8 42 00 00 00 1E 0A AC 06 1A 4E 64 00 00 00 F6 42 00 00 
R10:41:09   00 1E 0A AC 06 1A 4F 64 00 66 66 12 42 00 00 00 1E 0A AC 06 1A 50 64 00 34 33 77 42 00 00 00 1E 
R10:41:09   0A AC 06 1A 
R10:41:09   68 82 FA 6C 8C 07 CF 08 25 00 3F 06 51 64 00 CC CC 5F 43 00 00 00 00 00 AC 06 1A 52 64 00 33 33 
R10:41:09   47 43 00 00 00 00 00 AC 06 1A 53 64 00 9A 99 22 43 00 00 00 00 00 AC 06 1A 54 64 00 CC CC 74 42 
R10:41:09   00 00 00 00 00 AC 06 1A 55 64 00 00 00 A8 42 00 00 00 00 00 AC 06 1A 56 64 00 00 00 F6 42 00 00 
R10:41:09   00 00 00 AC 06 1A 57 64 00 66 66 12 42 00 00 00 00 00 AC 06 1A 58 64 00 34 33 77 42 00 00 00 00 
R10:41:09   00 AC 06 1A 
S10:41:09   68 04 01 00 FC 6C 
R10:41:09   68 82 FC 6C 8C 07 CF 08 25 00 3F 06 59 64 00 00 00 00 00 00 00 00 00 00 AC 06 1A 5A 64 00 00 00 
R10:41:09   00 00 00 00 00 00 00 AC 06 1A 5B 64 00 00 00 00 00 00 00 00 00 00 AC 06 1A 5C 64 00 00 00 00 00 
R10:41:09   00 00 00 00 00 AC 06 1A 5D 64 00 00 00 00 00 00 00 00 00 00 AC 06 1A 5E 64 00 00 00 00 00 00 00 
R10:41:09   00 00 00 AC 06 1A 5F 64 00 00 00 00 00 00 00 00 00 00 AC 06 1A 60 64 00 00 00 00 00 00 00 00 00 
R10:41:09   00 AC 06 1A 
R10:41:10   68 4A FE 6C 8C 07 CE 08 25 00 3F 06 61 64 00 B4 EE 0B 48 00 62 64 00 66 66 18 43 00 63 64 00 99 
R10:41:10   99 C9 42 00 64 64 00 00 48 70 46 00 65 64 00 34 33 8B 42 00 66 64 00 33 0F 71 46 00 67 64 00 67 
R10:41:10   66 4E 42 00 68 64 00 33 33 47 42 00 
R10:41:10   68 82 00 6D 8C 07 CF 08 25 00 3F 06 69 64 00 73 EC 0B 48 00 00 00 1E 0A AC 06 1A 6A 64 00 66 66 
R10:41:10   18 43 00 00 00 1E 0A AC 06 1A 6B 64 00 99 99 C9 42 00 00 00 1E 0A AC 06 1A 6C 64 00 33 43 70 46 
R10:41:10   00 00 00 1E 0A AC 06 1A 6D 64 00 34 33 8B 42 00 00 00 1E 0A AC 06 1A 6E 64 00 66 0A 71 46 00 00 
R10:41:10   00 1E 0A AC 06 1A 6F 64 00 67 66 4E 42 00 00 00 1E 0A AC 06 1A 70 64 00 33 33 47 42 00 00 00 1E 
R10:41:10   0A AC 06 1A 
S10:41:10   68 04 01 00 02 6D 
R10:41:11   68 82 02 6D 8C 07 CF 08 25 00 3F 06 71 64 00 8C 9A 0B 48 00 00 00 00 00 AC 06 1A 72 64 00 66 66 
R10:41:11   18 43 00 00 00 00 00 AC 06 1A 73 64 00 99 99 C9 42 00 00 00 00 00 AC 06 1A 74 64 00 00 A0 6F 46 
R10:41:11   00 00 00 00 00 AC 06 1A 75 64 00 34 33 8B 42 00 00 00 00 00 AC 06 1A 76 64 00 34 67 70 46 00 00 
R10:41:11   00 00 00 AC 06 1A 77 64 00 67 66 4E 42 00 00 00 00 00 AC 06 1A 78 64 00 33 33 47 42 00 00 00 00 
R10:41:11   00 AC 06 1A 
R10:41:11   68 82 04 6D 8C 07 CF 08 25 00 3F 06 79 64 00 FF 44 DE 47 00 3A AE 25 0D F1 05 1A 7A 64 00 66 66 
R10:41:11   18 43 00 3A AE 25 0D F1 05 1A 7B 64 00 99 99 C9 42 00 3A AE 25 0D F1 05 1A 7C 64 00 67 46 50 46 
R10:41:11   00 3A AE 25 0D F1 05 1A 7D 64 00 34 33 8B 42 00 3A AE 25 0D F1 05 1A 7E 64 00 33 0B 51 46 00 3A 
R10:41:11   AE 25 0D F1 05 1A 7F 64 00 67 66 4E 42 00 3A AE 25 0D F1 05 1A 80 64 00 CD CC 44 42 00 3A AE 25 
R10:41:11   0D F1 05 1A 
R10:41:11   68 4A 06 6D 8C 07 CE 08 25 00 3F 06 81 64 00 A4 E1 48 4A 00 82 64 00 9A 5D 3A 46 00 83 64 00 66 
R10:41:11   22 2C 46 00 84 64 00 80 C4 F0 47 00 85 64 00 CC 4C 8A 43 00 86 64 00 CC F7 F0 47 00 87 64 00 34 
R10:41:11   B3 63 44 00 88 64 00 34 33 CD 42 00 
S10:41:11   68 04 01 00 08 6D 
R10:41:12   68 82 08 6D 8C 07 CF 08 25 00 3F 06 89 64 00 8C E0 48 4A 00 00 00 1E 0A AC 06 1A 8A 64 00 66 EE 
R10:41:12   38 46 00 00 00 1E 0A AC 06 1A 8B 64 00 34 B3 2A 46 00 00 00 1E 0A AC 06 1A 8C 64 00 34 C4 F0 47 
R10:41:12   00 00 00 1E 0A AC 06 1A 8D 64 00 CC 4C 8A 43 00 00 00 1E 0A AC 06 1A 8E 64 00 80 F7 F0 47 00 00 
R10:41:12   00 1E 0A AC 06 1A 8F 64 00 34 B3 63 44 00 00 00 1E 0A AC 06 1A 90 64 00 34 33 CD 42 00 00 00 1E 
R10:41:12   0A AC 06 1A 
R10:41:12   68 82 0A 6D 8C 07 CF 08 25 00 3F 06 91 64 00 AE 6C 48 4A 00 00 00 00 00 AC 06 1A 92 64 00 CC 6C 
R10:41:12   38 46 00 00 00 00 00 AC 06 1A 93 64 00 9A 31 2A 46 00 00 00 00 00 AC 06 1A 94 64 00 B3 3E F0 47 
R10:41:12   00 00 00 00 00 AC 06 1A 95 64 00 CC 4C 8A 43 00 00 00 00 00 AC 06 1A 96 64 00 00 72 F0 47 00 00 
R10:41:12   00 00 00 AC 06 1A 97 64 00 34 B3 63 44 00 00 00 00 00 AC 06 1A 98 64 00 34 33 CD 42 00 00 00 00 
R10:41:12   00 AC 06 1A 
R10:41:13   68 82 0C 6D 8C 07 CF 08 25 00 3F 06 99 64 00 2B C0 DB 49 00 BB 6F 25 0B 6F 04 1A 9A 64 00 00 00 
R10:41:13   99 44 00 BB 6F 25 0B 6F 04 1A 9B 64 00 9A 99 9C 43 00 BB 6F 25 0B 6F 04 1A 9C 64 00 CC 8A AC 47 
R10:41:13   00 BB 6F 25 0B 6F 04 1A 9D 64 00 66 66 89 43 00 BB 6F 25 0B 6F 04 1A 9E 64 00 19 BE AC 47 00 BB 
R10:41:13   6F 25 0B 6F 04 1A 9F 64 00 34 B3 63 44 00 BB 6F 25 0B 6F 04 1A A0 64 00 34 33 CD 42 00 BB 6F 25 
R10:41:13   0B 6F 04 1A 
R10:41:13   68 4A 0E 6D 8C 07 CE 08 25 00 3F 06 A1 64 00 33 73 4C 44 00 A2 64 00 E8 2A 6A 48 00 A3 64 00 98 
R10:41:13   99 CF 42 00 A4 64 00 66 26 AE 44 00 A5 64 00 D9 D4 79 4A 00 A6 64 00 66 16 FD 45 00 A7 64 00 F3 
R10:41:13   10 6A 48 00 A8 64 00 CC 8C D1 45 00 
S10:41:13   68 04 01 00 10 6D 
R10:41:14   68 82 10 6D 8C 07 CF 08 25 00 3F 06 A9 64 00 33 73 4C 44 00 00 00 1E 0A AC 06 1A AA 64 00 C0 2A 
R10:41:14   6A 48 00 00 00 1E 0A AC 06 1A AB 64 00 98 99 CF 42 00 00 00 1E 0A AC 06 1A AC 64 00 66 26 AE 44 
R10:41:14   00 00 00 1E 0A AC 06 1A AD 64 00 41 D3 79 4A 00 00 00 1E 0A AC 06 1A AE 64 00 CC 54 FA 45 00 00 
R10:41:14   00 1E 0A AC 06 1A AF 64 00 CD 10 6A 48 00 00 00 1E 0A AC 06 1A B0 64 00 34 CB CE 45 00 00 00 1E 
R10:41:14   0A AC 06 1A 
R10:41:14   68 82 12 6D 8C 07 CF 08 25 00 3F 06 B1 64 00 33 73 4C 44 00 00 00 00 00 AC 06 1A B2 64 00 27 8B 
R10:41:14   69 48 00 00 00 00 00 AC 06 1A B3 64 00 98 99 CF 42 00 00 00 00 00 AC 06 1A B4 64 00 66 26 AE 44 
R10:41:14   00 00 00 00 00 AC 06 1A B5 64 00 CB 37 79 4A 00 00 00 00 00 AC 06 1A B6 64 00 34 5B F9 45 00 00 
R10:41:14   00 00 00 AC 06 1A B7 64 00 34 71 69 48 00 00 00 00 00 AC 06 1A B8 64 00 9A D1 CD 45 00 00 00 00 
R10:41:14   00 AC 06 1A 
R10:41:15   68 82 14 6D 8C 07 CF 08 25 00 3F 06 B9 64 00 33 73 4C 44 00 7A 6D 25 0B 6F 04 1A BA 64 00 00 A3 
R10:41:15   1E 48 00 7A 6D 25 0B 6F 04 1A BB 64 00 98 99 CF 42 00 7A 6D 25 0B 6F 04 1A BC 64 00 66 26 AE 44 
R10:41:15   00 7A 6D 25 0B 6F 04 1A BD 64 00 7A F6 0A 4A 00 7A 6D 25 0B 6F 04 1A BE 64 00 CC 0C BB 44 00 7A 
R10:41:15   6D 25 0B 6F 04 1A BF 64 00 0D 89 1E 48 00 7A 6D 25 0B 6F 04 1A C0 64 00 67 66 CE 42 00 7A 6D 25 
R10:41:15   0B 6F 04 1A 
R10:41:15   68 0E 16 6D 8C 07 65 01 0A 00 3F 06 00 00 00 05 
S10:41:15   68 14 8C 07 18 6D 67 01 06 00 3F 06 00 00 00 35 3D 29 0A AC 06 1A 
R10:41:16   68 14 18 6D 8E 07 67 01 07 00 3F 06 00 00 00 35 3D 29 0A AC 06 1A 
R10:41:19   68 12 1A 6D 8E 07 0D 01 03 00 3F 06 3F 40 00 4E 62 10 3F 00 
R10:41:20   68 12 1C 6D 8E 07 0D 01 03 00 3F 06 4A 40 00 AA F1 32 BF 00 
S10:41:20   68 04 01 00 1E 6D 
R10:41:24   68 12 1E 6D 8E 07 0D 01 03 00 3F 06 44 40 00 D2 4D 2A 42 00 
R10:41:25   68 12 20 6D 8E 07 0D 01 03 00 3F 06 4A 40 00 4C 37 29 BF 00 
R10:41:26   68 12 22 6D 8E 07 0D 01 03 00 3F 06 3F 40 00 0A D7 03 3F 00 
S10:41:26   68 04 01 00 24 6D 
R10:41:33   68 22 24 6D 8E 07 0D 03 03 00 3F 06 3B 40 00 6F 12 84 42 00 3F 40 00 44 8B 0C 3F 00 46 40 00 17 
R10:41:33   D9 8B 42 00 
R10:41:34   68 12 26 6D 8E 07 0D 01 03 00 3F 06 4A 40 00 17 D9 2E BF 00 
S10:41:37   68 04 01 00 28 6D 
R10:41:39   68 12 28 6D 8E 07 0D 01 03 00 3F 06 3F 40 00 6A BC F4 3E 00 
R10:41:39   68 12 2A 6D 8E 07 0D 01 03 00 3F 06 4A 40 00 08 AC 1C BF 00 
R10:41:40   68 1A 2C 6D 8E 07 0D 02 03 00 3F 06 3F 40 00 08 AC DC 3E 00 45 40 00 CB A1 5F 42 00 
S10:41:40   68 04 01 00 2E 6D 
R10:41:41   68 1A 2E 6D 8E 07 0D 02 03 00 3F 06 3A 40 00 18 04 42 42 00 3F 40 00 4C 37 C9 3E 00 
R10:41:41   68 1A 30 6D 8E 07 0D 02 03 00 3F 06 46 40 00 F6 28 78 42 00 4A 40 00 29 5C 0F BF 00 
R10:41:45   68 12 32 6D 8E 07 0D 01 03 00 3F 06 3B 40 00 B6 F3 69 42 00 
S10:41:45   68 04 01 00 34 6D 
R10:41:47   68 12 34 6D 8E 07 0D 01 03 00 3F 06 4A 40 00 3D 0A 17 BF 00 
R10:41:53   68 12 36 6D 8E 07 0D 01 03 00 3F 06 3F 40 00 F6 28 DC 3E 00 
R10:41:55   68 1A 38 6D 8E 07 0D 02 03 00 3F 06 3F 40 00 B0 72 E8 3E 00 4A 40 00 1B 2F 1D BF 00 
S10:41:55   68 04 01 00 3A 6D 
R10:42:00   68 1A 3A 6D 8E 07 0D 02 03 00 3F 06 3F 40 00 6F 12 03 3F 00 4A 40 00 9E EF 27 BF 00 
R10:42:01   68 12 3C 6D 8E 07 0D 01 03 00 3F 06 3A 40 00 7F 6A 5C 42 00 
R10:42:03   68 12 3E 6D 8E 07 0D 01 03 00 3F 06 3F 40 00 BA 49 0C 3F 00 
S10:42:03   68 04 01 00 40 6D 
R10:42:03   68 1A 40 6D 8E 07 0D 02 03 00 3F 06 45 40 00 7C 14 7A 42 00 4A 40 00 7B 14 2E BF 00 
R10:42:11   68 1A 42 6D 8E 07 0D 02 03 00 3F 06 3F 40 00 23 DB F9 3E 00 4A 40 00 5C 8F 22 BF 00 
R10:42:12   68 1A 44 6D 8E 07 0D 02 03 00 3F 06 3F 40 00 D3 4D E2 3E 00 4A 40 00 BE 9F 1A BF 00 
S10:42:12   68 04 01 00 46 6D 
R10:42:18   68 1A 46 6D 8E 07 0D 02 03 00 3F 06 3F 40 00 68 91 ED 3E 00 44 40 00 29 5C 43 42 00 
R10:42:20   68 12 48 6D 8E 07 0D 01 03 00 3F 06 4A 40 00 37 89 21 BF 00 
S10:42:23   68 04 01 00 4A 6D 
R10:42:23   68 2A 4A 6D 8E 07 0D 04 03 00 3F 06 3A 40 00 76 BE 43 42 00 3F 40 00 50 8D D7 3E 00 45 40 00 F1 
R10:42:23   D2 59 42 00 4A 40 00 A2 45 16 BF 00 
R10:42:24   68 12 4C 6D 8E 07 0D 01 03 00 3F 06 3F 40 00 E5 D0 E2 3E 00 
R10:42:25   68 12 4E 6D 8E 07 0D 01 03 00 3F 06 3F 40 00 8D 97 EE 3E 00 
S10:42:25   68 04 01 00 50 6D 
R10:42:25   68 12 50 6D 8E 07 0D 01 03 00 3F 06 4A 40 00 52 B8 1E BF 00 
R10:42:33   68 12 52 6D 8E 07 0D 01 03 00 3F 06 3F 40 00 23 DB F9 3E 00 
S10:42:36   68 04 01 00 54 6D 
R10:42:37   68 12 54 6D 8E 07 0D 01 03 00 3F 06 3F 40 00 0A D7 E3 3E 00 
R10:42:38   68 12 56 6D 8E 07 0D 01 03 00 3F 06 3F 40 00 CF F7 D3 3E 00 
R10:42:39   68 12 58 6D 8E 07 0D 01 03 00 3F 06 4A 40 00 F4 FD 14 BF 00 
S10:42:39   68 04 01 00 5A 6D 
R10:42:42   68 12 5A 6D 8E 07 0D 01 03 00 3F 06 3F 40 00 27 31 C8 3E 00 
R10:42:46   68 12 5C 6D 8E 07 0D 01 03 00 3F 06 3F 40 00 87 16 D9 3E 00 
S10:42:50   68 04 01 00 5E 6D 
R10:42:50   68 12 5E 6D 8E 07 0D 01 03 00 3F 06 4A 40 00 91 ED 1C BF 00 
R10:42:51   68 12 60 6D 8E 07 0D 01 03 00 3F 06 3F 40 00 68 91 ED 3E 00 
R10:42:54   68 12 62 6D 8E 07 0D 01 03 00 3F 06 4A 40 00 E5 D0 22 BF 00 
